"CÓDIGO DE LA SERIE",DPBCOCCNFNOAPTOPN.T.ES,DPBPOCCNFNOAPTOPN.T.ES,DPBCOCCNPNOAPTOPN.T.ES,DPBPOCCNPNOAPTOPN.T.ES,DPBCOCCNGNOAPTOPN.T.ES,DPBPOCCNGNOAPTOPN.T.ES,DPBCOCCNCNOAPTOPN.T.ES,DPBPOCCNCNOAPTOPN.T.ES,DPBCOCCNLNOAPTOPN.T.ES,DPBPOCCNLNOAPTOPN.T.ES
"NÚMERO SECUENCIAL",1815303,1815943,1815327,1815967,1815311,1815951,1815295,1815935,1815319,1815959
"ALIAS DE LA SERIE","PB_1_1.1","PB_1_1.2","PB_1_1.3","PB_1_1.4","PB_1_1.5","PB_1_1.6","PB_1_1.7","PB_1_1.8","PB_1_1.9","PB_1_1.10"
"DESCRIPCIÓN DE LA SERIE","Encuesta de Préstamos Banarios. Porcentaje neto. Cambios criterios aprobación préstamos o líneas de crédito a Sociedades no financieras. En general. Últimos 3 meses [discontinuada]","Encuesta de Préstamos Banarios. Porcentaje neto. Cambios criterios aprobación préstamos o líneas de crédito a Sociedades no financieras. En general. Próximos 3 meses [discontinuada]","Encuesta de Préstamos Banarios. Porcentaje neto. Cambios criterios aprobación préstamos o líneas de crédito a Sociedades no financieras. Préstamos a PYMES. Últimos 3 meses [discontinuada]","Encuesta de Préstamos Banarios. Porcentaje neto. Cambios criterios aprobación préstamos o líneas de crédito a Sociedades no financieras. Préstamos a PYMES. Próximos 3 meses [discontinuada]","Encuesta de Préstamos Banarios. Porcentaje neto. Cambios criterios aprobación préstamos o líneas de crédito a Sociedades no financieras. Préstamos a grandes empresas. Últimos 3 meses [discontinuada]","Encuesta de Préstamos Banarios. Porcentaje neto. Cambios criterios aprobación préstamos o líneas de crédito a Sociedades no financieras. Préstamos a grandes empresas. Próximos 3 meses [discontinuada]","Encuesta de Préstamos Banarios. Porcentaje neto. Cambios criterios aprobación préstamos o líneas de crédito a Sociedades no financieras. Préstamos a corto plazo. Últimos 3 meses [discontinuada]","Encuesta de Préstamos Banarios. Porcentaje neto. Cambios criterios aprobación préstamos o líneas de crédito a Sociedades no financieras. Préstamos a corto plazo. Próximos 3 meses [discontinuada]","Encuesta de Préstamos Banarios. Porcentaje neto. Cambios criterios aprobación préstamos o líneas de crédito a Sociedades no financieras. Préstamos a largo plazo. Últimos 3 meses [discontinuada]","Encuesta de Préstamos Banarios. Porcentaje neto. Cambios criterios aprobación préstamos o líneas de crédito a Sociedades no financieras. Préstamos a largo plazo. Próximos 3 meses [discontinuada]"
"DESCRIPCIÓN DE LAS UNIDADES","Porcentaje","Porcentaje","Porcentaje","Porcentaje","Porcentaje","Porcentaje","Porcentaje","Porcentaje","Porcentaje","Porcentaje"
"FRECUENCIA","TRIMESTRAL","TRIMESTRAL","TRIMESTRAL","TRIMESTRAL","TRIMESTRAL","TRIMESTRAL","TRIMESTRAL","TRIMESTRAL","TRIMESTRAL","TRIMESTRAL"
"DIC 2002",50.0,10.0,20.0,10.0,60.0,10.0,20.0,10.0,70.0,40.0
"MAR 2003",40.0,30.0,20.0,10.0,50.0,20.0,20.0,30.0,50.0,30.0
"JUN 2003",30.0,20.0,50.0,20.0,20.0,20.0,10.0,20.0,40.0,20.0
"SEP 2003",0.0,0.0,10.0,10.0,0.0,0.0,0.0,0.0,30.0,30.0
"DIC 2003",10.0,0.0,10.0,10.0,-10.0,10.0,-10.0,0.0,0.0,20.0
"MAR 2004",-10.0,-20.0,10.0,-10.0,-10.0,-10.0,-30.0,-20.0,-10.0,10.0
"JUN 2004",0.0,20.0,0.0,10.0,-10.0,10.0,0.0,-10.0,0.0,20.0
"SEP 2004",-20.0,-10.0,-10.0,-20.0,-20.0,-20.0,-10.0,-10.0,-20.0,-10.0
"DIC 2004",-10.0,-10.0,-10.0,-10.0,-20.0,-20.0,-10.0,-10.0,-20.0,-20.0
"MAR 2005",-30.0,0.0,-30.0,0.0,-20.0,-10.0,-30.0,-10.0,-20.0,-10.0
"JUN 2005",-20.0,-10.0,-10.0,0.0,-20.0,-10.0,-20.0,-10.0,-20.0,0.0
"SEP 2005",0.0,0.0,0.0,0.0,0.0,0.0,0.0,0.0,0.0,0.0
"DIC 2005",0.0,0.0,0.0,0.0,0.0,0.0,0.0,0.0,0.0,0.0
"MAR 2006",-10.0,-10.0,0.0,0.0,-10.0,-10.0,0.0,-10.0,0.0,0.0
"JUN 2006",0.0,0.0,0.0,0.0,0.0,10.0,0.0,0.0,0.0,0.0
"SEP 2006",10.0,0.0,10.0,10.0,10.0,0.0,10.0,0.0,10.0,10.0
"DIC 2006",10.0,0.0,10.0,-10.0,10.0,0.0,10.0,-20.0,10.0,0.0
"MAR 2007",0.0,0.0,0.0,20.0,0.0,10.0,0.0,-10.0,0.0,10.0
"JUN 2007",10.0,10.0,10.0,10.0,20.0,10.0,10.0,0.0,20.0,10.0
"SEP 2007",50.0,40.0,20.0,30.0,50.0,60.0,20.0,20.0,40.0,50.0
"DIC 2007",70.0,50.0,50.0,40.0,80.0,40.0,40.0,20.0,60.0,60.0
"MAR 2008",80.0,80.0,60.0,70.0,66.7,77.8,40.0,60.0,100.0,100.0
"JUN 2008",80.0,70.0,70.0,60.0,55.6,66.7,50.0,60.0,88.9,88.9
"SEP 2008",70.0,60.0,60.0,60.0,77.8,66.7,50.0,50.0,88.9,88.9
"DIC 2008",70.0,50.0,70.0,50.0,66.7,55.6,50.0,40.0,88.9,77.8
"MAR 2009",40.0,30.0,30.0,30.0,44.4,33.3,30.0,20.0,55.6,44.4
"JUN 2009",10.0,0.0,10.0,-10.0,22.2,22.2,10.0,0.0,44.4,33.3
"SEP 2009",10.0,0.0,10.0,0.0,22.2,0.0,10.0,0.0,22.2,0.0
"DIC 2009",10.0,10.0,10.0,10.0,11.1,11.1,10.0,10.0,11.1,11.1
"MAR 2010",-10.0,-10.0,-10.0,-10.0,-11.1,-11.1,-10.0,-10.0,-11.1,-11.1
"JUN 2010",30.0,20.0,30.0,20.0,33.3,33.3,30.0,20.0,33.3,44.4
"SEP 2010",0.0,10.0,0.0,0.0,0.0,22.2,0.0,0.0,0.0,11.1
"DIC 2010",0.0,0.0,0.0,0.0,11.1,11.1,0.0,0.0,0.0,0.0
"MAR 2011",0.0,0.0,0.0,0.0,11.1,11.1,0.0,0.0,11.1,11.1
"JUN 2011",0.0,0.0,0.0,0.0,11.1,11.1,0.0,0.0,10.0,10.0
"SEP 2011",0.0,0.0,0.0,0.0,11.1,11.1,0.0,0.0,10.0,10.0
"DIC 2011",10.0,0.0,10.0,0.0,33.3,22.2,10.0,0.0,30.0,10.0
"MAR 2012",0.0,0.0,0.0,0.0,22.2,22.2,0.0,0.0,10.0,10.0
"JUN 2012",0.0,0.0,0.0,0.0,22.2,22.2,0.0,0.0,10.0,10.0
"SEP 2012",0.0,0.0,0.0,0.0,11.1,11.1,0.0,0.0,0.0,0.0
"DIC 2012",10.0,10.0,10.0,0.0,22.2,11.1,10.0,0.0,20.0,10.0
"MAR 2013",10.0,-10.0,10.0,-10.0,11.1,-11.1,10.0,-10.0,10.0,0.0
"JUN 2013",0.0,0.0,0.0,0.0,0.0,0.0,0.0,0.0,0.0,0.0
"SEP 2013",0.0,-10.0,0.0,-10.0,0.0,0.0,0.0,-10.0,0.0,0.0
"DIC 2013",0.0,-10.0,-10.0,-20.0,0.0,0.0,0.0,-10.0,0.0,0.0
"MAR 2014",0.0,-20.0,-10.0,-30.0,-11.1,-11.1,-10.0,-30.0,0.0,-10.0
"JUN 2014",0.0,-10.0,-10.0,-20.0,0.0,-11.1,0.0,-10.0,0.0,-10.0
"SEP 2014",0.0,0.0,0.0,0.0,0.0,0.0,0.0,0.0,0.0,0.0
"DIC 2014",0.0,0.0,0.0,0.0,0.0,0.0,0.0,0.0,0.0,0.0
"MAR 2015",0.0,0.0,0.0,0.0,0.0,0.0,0.0,0.0,0.0,0.0
"JUN 2015",0.0,0.0,0.0,0.0,0.0,0.0,0.0,0.0,0.0,0.0
"SEP 2015",0.0,0.0,0.0,0.0,0.0,0.0,0.0,0.0,0.0,0.0
"DIC 2015",0.0,0.0,0.0,0.0,0.0,0.0,0.0,0.0,0.0,0.0
"MAR 2016",0.0,0.0,0.0,-10.0,0.0,-11.1,0.0,0.0,10.0,0.0
"JUN 2016",0.0,0.0,0.0,-10.0,0.0,-11.1,0.0,0.0,10.0,0.0
"SEP 2016",0.0,0.0,0.0,-10.0,0.0,-11.1,0.0,0.0,10.0,0.0
"DIC 2016",0.0,0.0,10.0,-20.0,0.0,-22.2,0.0,-10.0,10.0,0.0
"MAR 2017",10.0,0.0,20.0,-10.0,11.1,-11.1,10.0,0.0,20.0,0.0
"JUN 2017",0.0,0.0,0.0,0.0,-11.1,0.0,-10.0,-10.0,0.0,0.0
"SEP 2017",10.0,0.0,10.0,0.0,11.1,0.0,10.0,0.0,10.0,0.0
"DIC 2017",0.0,0.0,0.0,0.0,0.0,0.0,0.0,0.0,0.0,0.0
"MAR 2018",0.0,0.0,0.0,0.0,0.0,0.0,0.0,0.0,0.0,0.0
"JUN 2018",-10.0,-10.0,0.0,0.0,-11.1,-11.1,-10.0,-10.0,-10.0,-10.0
"SEP 2018",-10.0,0.0,0.0,10.0,-22.2,-22.2,-10.0,0.0,-10.0,-10.0
"DIC 2018",0.0,10.0,0.0,10.0,-22.2,0.0,0.0,0.0,0.0,20.0
"MAR 2019",0.0,-10.0,10.0,-10.0,-22.2,-11.1,0.0,-10.0,0.0,0.0
"JUN 2019",0.0,0.0,20.0,0.0,-11.1,0.0,0.0,0.0,0.0,0.0
"SEP 2019",0.0,0.0,20.0,10.0,0.0,-11.1,0.0,0.0,10.0,-10.0
"DIC 2019",10.0,0.0,20.0,10.0,11.1,-11.1,0.0,0.0,10.0,-10.0
"MAR 2020",10.0,-40.0,10.0,-40.0,11.1,-33.3,0.0,-30.0,10.0,-30.0
"JUN 2020",-40.0,30.0,-40.0,30.0,-33.3,33.3,-40.0,30.0,-30.0,30.0
"SEP 2020",40.0,30.0,40.0,40.0,22.2,33.3,30.0,20.0,40.0,30.0
"DIC 2020",20.0,10.0,20.0,10.0,11.1,11.1,10.0,0.0,10.0,10.0
"MAR 2021",10.0,30.0,10.0,30.0,0.0,22.2,0.0,20.0,10.0,20.0
"JUN 2021",0.0,0.0,0.0,0.0,-11.1,0.0,0.0,0.0,0.0,0.0
"SEP 2021",0.0,0.0,0.0,0.0,-11.1,0.0,0.0,0.0,0.0,0.0
"DIC 2021",20.0,0.0,20.0,0.0,0.0,0.0,10.0,0.0,10.0,0.0
"FUENTE","Banco de Espańa","Banco de Espańa","Banco de Espańa","Banco de Espańa","Banco de Espańa","Banco de Espańa","Banco de Espańa","Banco de Espańa","Banco de Espańa","Banco de Espańa"
"NOTAS","El porcentaje neto es el porcentaje de entidades que han endurecido su oferta (o han visto incrementada su demanda), menos el porcentaje de entidades que han relajado su oferta(o han visto reducirse su demanda).","El porcentaje neto es el porcentaje de entidades que han endurecido su oferta (o han visto incrementada su demanda), menos el porcentaje de entidades que han relajado su oferta(o han visto reducirse su demanda).","El porcentaje neto es el porcentaje de entidades que han endurecido su oferta (o han visto incrementada su demanda), menos el porcentaje de entidades que han relajado su oferta(o han visto reducirse su demanda).","El porcentaje neto es el porcentaje de entidades que han endurecido su oferta (o han visto incrementada su demanda), menos el porcentaje de entidades que han relajado su oferta(o han visto reducirse su demanda).","El porcentaje neto es el porcentaje de entidades que han endurecido su oferta (o han visto incrementada su demanda), menos el porcentaje de entidades que han relajado su oferta(o han visto reducirse su demanda).","El porcentaje neto es el porcentaje de entidades que han endurecido su oferta (o han visto incrementada su demanda), menos el porcentaje de entidades que han relajado su oferta(o han visto reducirse su demanda).","El porcentaje neto es el porcentaje de entidades que han endurecido su oferta (o han visto incrementada su demanda), menos el porcentaje de entidades que han relajado su oferta(o han visto reducirse su demanda).","El porcentaje neto es el porcentaje de entidades que han endurecido su oferta (o han visto incrementada su demanda), menos el porcentaje de entidades que han relajado su oferta(o han visto reducirse su demanda).","El porcentaje neto es el porcentaje de entidades que han endurecido su oferta (o han visto incrementada su demanda), menos el porcentaje de entidades que han relajado su oferta(o han visto reducirse su demanda).","El porcentaje neto es el porcentaje de entidades que han endurecido su oferta (o han visto incrementada su demanda), menos el porcentaje de entidades que han relajado su oferta(o han visto reducirse su demanda)."
