freq,statinfo,rskpovth,sex,age,unit,geo,time,value
A,MED_EI,B_60,T,TOTAL,PC,AL,2017,27.1
A,MED_EI,B_60,T,TOTAL,PC,AL,2018,26.3
A,MED_EI,B_60,T,TOTAL,PC,AL,2019,26.1
A,MED_EI,B_60,T,TOTAL,PC,AL,2020,24.8
A,MED_EI,B_60,T,TOTAL,PC,AL,2021,25.2
A,MED_EI,B_60,T,TOTAL,PC,AL,2022,24.5
A,MED_EI,B_60,T,TOTAL,PC,AL,2023,23.3
A,MED_EI,B_60,T,TOTAL,PC,AL,2024,22.7
A,MED_EI,B_60,T,TOTAL,PC,AT,1995,24.0
A,MED_EI,B_60,T,TOTAL,PC,AT,1996,25.0
A,MED_EI,B_60,T,TOTAL,PC,AT,1997,24.0
A,MED_EI,B_60,T,TOTAL,PC,AT,1998,24.0
A,MED_EI,B_60,T,TOTAL,PC,AT,1999,23.0
A,MED_EI,B_60,T,TOTAL,PC,AT,2000,22.0
A,MED_EI,B_60,T,TOTAL,PC,AT,2001,22.0
A,MED_EI,B_60,T,TOTAL,PC,AT,2003,24.6
A,MED_EI,B_60,T,TOTAL,PC,AT,2004,25.8
A,MED_EI,B_60,T,TOTAL,PC,AT,2005,25.5
A,MED_EI,B_60,T,TOTAL,PC,AT,2006,25.1
A,MED_EI,B_60,T,TOTAL,PC,AT,2007,24.7
A,MED_EI,B_60,T,TOTAL,PC,AT,2008,25.9
A,MED_EI,B_60,T,TOTAL,PC,AT,2009,25.3
A,MED_EI,B_60,T,TOTAL,PC,AT,2010,26.0
A,MED_EI,B_60,T,TOTAL,PC,AT,2011,27.1
A,MED_EI,B_60,T,TOTAL,PC,AT,2012,25.8
A,MED_EI,B_60,T,TOTAL,PC,AT,2013,25.9
A,MED_EI,B_60,T,TOTAL,PC,AT,2014,25.4
A,MED_EI,B_60,T,TOTAL,PC,AT,2015,25.6
A,MED_EI,B_60,T,TOTAL,PC,AT,2016,26.3
A,MED_EI,B_60,T,TOTAL,PC,AT,2017,24.9
A,MED_EI,B_60,T,TOTAL,PC,AT,2018,25.2
A,MED_EI,B_60,T,TOTAL,PC,AT,2019,26.2
A,MED_EI,B_60,T,TOTAL,PC,AT,2020,23.6
A,MED_EI,B_60,T,TOTAL,PC,AT,2021,26.3
A,MED_EI,B_60,T,TOTAL,PC,AT,2022,25.5
A,MED_EI,B_60,T,TOTAL,PC,AT,2023,24.5
A,MED_EI,B_60,T,TOTAL,PC,AT,2024,24.1
A,MED_EI,B_60,T,TOTAL,PC,AT,2025,24.4
A,MED_EI,B_60,T,TOTAL,PC,BE,1995,27.0
A,MED_EI,B_60,T,TOTAL,PC,BE,1996,27.0
A,MED_EI,B_60,T,TOTAL,PC,BE,1997,26.0
A,MED_EI,B_60,T,TOTAL,PC,BE,1998,25.0
A,MED_EI,B_60,T,TOTAL,PC,BE,1999,24.0
A,MED_EI,B_60,T,TOTAL,PC,BE,2000,23.0
A,MED_EI,B_60,T,TOTAL,PC,BE,2001,23.0
A,MED_EI,B_60,T,TOTAL,PC,BE,2003,29.1
A,MED_EI,B_60,T,TOTAL,PC,BE,2004,27.8
A,MED_EI,B_60,T,TOTAL,PC,BE,2005,28.3
A,MED_EI,B_60,T,TOTAL,PC,BE,2006,26.8
A,MED_EI,B_60,T,TOTAL,PC,BE,2007,27.5
A,MED_EI,B_60,T,TOTAL,PC,BE,2008,27.0
A,MED_EI,B_60,T,TOTAL,PC,BE,2009,26.7
A,MED_EI,B_60,T,TOTAL,PC,BE,2010,26.7
A,MED_EI,B_60,T,TOTAL,PC,BE,2011,27.8
A,MED_EI,B_60,T,TOTAL,PC,BE,2012,27.7
A,MED_EI,B_60,T,TOTAL,PC,BE,2013,26.3
A,MED_EI,B_60,T,TOTAL,PC,BE,2014,27.5
A,MED_EI,B_60,T,TOTAL,PC,BE,2015,26.7
A,MED_EI,B_60,T,TOTAL,PC,BE,2016,26.5
A,MED_EI,B_60,T,TOTAL,PC,BE,2017,26.5
A,MED_EI,B_60,T,TOTAL,PC,BE,2018,25.3
A,MED_EI,B_60,T,TOTAL,PC,BE,2019,25.4
A,MED_EI,B_60,T,TOTAL,PC,BE,2020,25.6
A,MED_EI,B_60,T,TOTAL,PC,BE,2021,27.3
A,MED_EI,B_60,T,TOTAL,PC,BE,2022,25.7
A,MED_EI,B_60,T,TOTAL,PC,BE,2023,24.8
A,MED_EI,B_60,T,TOTAL,PC,BE,2024,24.3
A,MED_EI,B_60,T,TOTAL,PC,BE,2025,23.0
A,MED_EI,B_60,T,TOTAL,PC,BG,2006,24.7
A,MED_EI,B_60,T,TOTAL,PC,BG,2007,25.5
A,MED_EI,B_60,T,TOTAL,PC,BG,2008,27.1
A,MED_EI,B_60,T,TOTAL,PC,BG,2009,26.4
A,MED_EI,B_60,T,TOTAL,PC,BG,2010,27.1
A,MED_EI,B_60,T,TOTAL,PC,BG,2011,27.4
A,MED_EI,B_60,T,TOTAL,PC,BG,2012,25.9
A,MED_EI,B_60,T,TOTAL,PC,BG,2013,26.7
A,MED_EI,B_60,T,TOTAL,PC,BG,2014,27.3
A,MED_EI,B_60,T,TOTAL,PC,BG,2015,28.4
A,MED_EI,B_60,T,TOTAL,PC,BG,2016,27.9
A,MED_EI,B_60,T,TOTAL,PC,BG,2017,29.2
A,MED_EI,B_60,T,TOTAL,PC,BG,2018,29.5
A,MED_EI,B_60,T,TOTAL,PC,BG,2019,29.6
A,MED_EI,B_60,T,TOTAL,PC,BG,2020,29.9
A,MED_EI,B_60,T,TOTAL,PC,BG,2021,31.5
A,MED_EI,B_60,T,TOTAL,PC,BG,2022,30.3
A,MED_EI,B_60,T,TOTAL,PC,BG,2023,28.5
A,MED_EI,B_60,T,TOTAL,PC,BG,2024,30.0
A,MED_EI,B_60,T,TOTAL,PC,BG,2025,29.0
A,MED_EI,B_60,T,TOTAL,PC,CH,2007,22.7
A,MED_EI,B_60,T,TOTAL,PC,CH,2008,22.2
A,MED_EI,B_60,T,TOTAL,PC,CH,2009,22.6
A,MED_EI,B_60,T,TOTAL,PC,CH,2010,22.9
A,MED_EI,B_60,T,TOTAL,PC,CH,2011,23.4
A,MED_EI,B_60,T,TOTAL,PC,CH,2012,23.4
A,MED_EI,B_60,T,TOTAL,PC,CH,2013,22.8
A,MED_EI,B_60,T,TOTAL,PC,CH,2014,24.3
A,MED_EI,B_60,T,TOTAL,PC,CH,2015,24.9
A,MED_EI,B_60,T,TOTAL,PC,CH,2016,24.7
A,MED_EI,B_60,T,TOTAL,PC,CH,2017,24.5
A,MED_EI,B_60,T,TOTAL,PC,CH,2018,24.2
A,MED_EI,B_60,T,TOTAL,PC,CH,2019,24.1
A,MED_EI,B_60,T,TOTAL,PC,CH,2020,24.4
A,MED_EI,B_60,T,TOTAL,PC,CH,2021,24.5
A,MED_EI,B_60,T,TOTAL,PC,CH,2022,25.0
A,MED_EI,B_60,T,TOTAL,PC,CH,2023,25.0
A,MED_EI,B_60,T,TOTAL,PC,CH,2024,24.2
A,MED_EI,B_60,T,TOTAL,PC,CY,2005,21.7
A,MED_EI,B_60,T,TOTAL,PC,CY,2006,21.6
A,MED_EI,B_60,T,TOTAL,PC,CY,2007,21.0
A,MED_EI,B_60,T,TOTAL,PC,CY,2008,22.9
A,MED_EI,B_60,T,TOTAL,PC,CY,2009,23.6
A,MED_EI,B_60,T,TOTAL,PC,CY,2010,23.5
A,MED_EI,B_60,T,TOTAL,PC,CY,2011,23.5
A,MED_EI,B_60,T,TOTAL,PC,CY,2012,23.5
A,MED_EI,B_60,T,TOTAL,PC,CY,2013,24.3
A,MED_EI,B_60,T,TOTAL,PC,CY,2014,24.6
A,MED_EI,B_60,T,TOTAL,PC,CY,2015,25.4
A,MED_EI,B_60,T,TOTAL,PC,CY,2016,25.0
A,MED_EI,B_60,T,TOTAL,PC,CY,2017,24.5
A,MED_EI,B_60,T,TOTAL,PC,CY,2018,24.2
A,MED_EI,B_60,T,TOTAL,PC,CY,2019,22.3
A,MED_EI,B_60,T,TOTAL,PC,CY,2020,22.7
A,MED_EI,B_60,T,TOTAL,PC,CY,2021,21.8
A,MED_EI,B_60,T,TOTAL,PC,CY,2022,21.3
A,MED_EI,B_60,T,TOTAL,PC,CY,2023,21.3
A,MED_EI,B_60,T,TOTAL,PC,CY,2024,21.0
A,MED_EI,B_60,T,TOTAL,PC,CY,2025,21.7
A,MED_EI,B_60,T,TOTAL,PC,CZ,2001,18.0
A,MED_EI,B_60,T,TOTAL,PC,CZ,2005,21.2
A,MED_EI,B_60,T,TOTAL,PC,CZ,2006,21.6
A,MED_EI,B_60,T,TOTAL,PC,CZ,2007,20.1
A,MED_EI,B_60,T,TOTAL,PC,CZ,2008,20.0
A,MED_EI,B_60,T,TOTAL,PC,CZ,2009,17.9
A,MED_EI,B_60,T,TOTAL,PC,CZ,2010,18.1
A,MED_EI,B_60,T,TOTAL,PC,CZ,2011,18.0
A,MED_EI,B_60,T,TOTAL,PC,CZ,2012,17.6
A,MED_EI,B_60,T,TOTAL,PC,CZ,2013,16.6
A,MED_EI,B_60,T,TOTAL,PC,CZ,2014,17.2
A,MED_EI,B_60,T,TOTAL,PC,CZ,2015,16.8
A,MED_EI,B_60,T,TOTAL,PC,CZ,2016,16.3
A,MED_EI,B_60,T,TOTAL,PC,CZ,2017,15.8
A,MED_EI,B_60,T,TOTAL,PC,CZ,2018,15.6
A,MED_EI,B_60,T,TOTAL,PC,CZ,2019,16.6
A,MED_EI,B_60,T,TOTAL,PC,CZ,2020,16.0
A,MED_EI,B_60,T,TOTAL,PC,CZ,2021,16.1
A,MED_EI,B_60,T,TOTAL,PC,CZ,2022,17.0
A,MED_EI,B_60,T,TOTAL,PC,CZ,2023,16.2
A,MED_EI,B_60,T,TOTAL,PC,CZ,2024,16.0
A,MED_EI,B_60,T,TOTAL,PC,CZ,2025,16.0
A,MED_EI,B_60,T,TOTAL,PC,DE,1995,22.0
A,MED_EI,B_60,T,TOTAL,PC,DE,1996,22.0
A,MED_EI,B_60,T,TOTAL,PC,DE,1997,22.0
A,MED_EI,B_60,T,TOTAL,PC,DE,1998,22.0
A,MED_EI,B_60,T,TOTAL,PC,DE,1999,21.0
A,MED_EI,B_60,T,TOTAL,PC,DE,2000,20.0
A,MED_EI,B_60,T,TOTAL,PC,DE,2001,21.0
A,MED_EI,B_60,T,TOTAL,PC,DE,2005,23.1
A,MED_EI,B_60,T,TOTAL,PC,DE,2006,25.7
A,MED_EI,B_60,T,TOTAL,PC,DE,2007,24.8
A,MED_EI,B_60,T,TOTAL,PC,DE,2008,24.2
A,MED_EI,B_60,T,TOTAL,PC,DE,2009,24.1
A,MED_EI,B_60,T,TOTAL,PC,DE,2010,24.2
A,MED_EI,B_60,T,TOTAL,PC,DE,2011,25.1
A,MED_EI,B_60,T,TOTAL,PC,DE,2012,24.3
A,MED_EI,B_60,T,TOTAL,PC,DE,2013,24.4
A,MED_EI,B_60,T,TOTAL,PC,DE,2014,25.0
A,MED_EI,B_60,T,TOTAL,PC,DE,2015,25.1
A,MED_EI,B_60,T,TOTAL,PC,DE,2016,25.3
A,MED_EI,B_60,T,TOTAL,PC,DE,2017,24.1
A,MED_EI,B_60,T,TOTAL,PC,DE,2018,24.0
A,MED_EI,B_60,T,TOTAL,PC,DE,2019,23.2
A,MED_EI,B_60,T,TOTAL,PC,DE,2020,24.6
A,MED_EI,B_60,T,TOTAL,PC,DE,2021,26.8
A,MED_EI,B_60,T,TOTAL,PC,DE,2022,25.6
A,MED_EI,B_60,T,TOTAL,PC,DE,2023,24.7
A,MED_EI,B_60,T,TOTAL,PC,DE,2024,24.1
A,MED_EI,B_60,T,TOTAL,PC,DE,2025,24.4
A,MED_EI,B_60,T,TOTAL,PC,DK,2001,29.0
A,MED_EI,B_60,T,TOTAL,PC,DK,2003,31.5
A,MED_EI,B_60,T,TOTAL,PC,DK,2004,29.9
A,MED_EI,B_60,T,TOTAL,PC,DK,2005,29.9
A,MED_EI,B_60,T,TOTAL,PC,DK,2006,28.0
A,MED_EI,B_60,T,TOTAL,PC,DK,2007,27.1
A,MED_EI,B_60,T,TOTAL,PC,DK,2008,27.8
A,MED_EI,B_60,T,TOTAL,PC,DK,2009,31.2
A,MED_EI,B_60,T,TOTAL,PC,DK,2010,29.1
A,MED_EI,B_60,T,TOTAL,PC,DK,2011,27.9
A,MED_EI,B_60,T,TOTAL,PC,DK,2012,27.4
A,MED_EI,B_60,T,TOTAL,PC,DK,2013,27.8
A,MED_EI,B_60,T,TOTAL,PC,DK,2014,26.9
A,MED_EI,B_60,T,TOTAL,PC,DK,2015,25.8
A,MED_EI,B_60,T,TOTAL,PC,DK,2016,24.9
A,MED_EI,B_60,T,TOTAL,PC,DK,2017,25.3
A,MED_EI,B_60,T,TOTAL,PC,DK,2018,24.1
A,MED_EI,B_60,T,TOTAL,PC,DK,2019,23.7
A,MED_EI,B_60,T,TOTAL,PC,DK,2020,25.4
A,MED_EI,B_60,T,TOTAL,PC,DK,2021,26.7
A,MED_EI,B_60,T,TOTAL,PC,DK,2022,25.0
A,MED_EI,B_60,T,TOTAL,PC,DK,2023,24.3
A,MED_EI,B_60,T,TOTAL,PC,DK,2024,23.4
A,MED_EI,B_60,T,TOTAL,PC,DK,2025,24.5
A,MED_EI,B_60,T,TOTAL,PC,EA,2005,24.4
A,MED_EI,B_60,T,TOTAL,PC,EA,2006,24.7
A,MED_EI,B_60,T,TOTAL,PC,EA,2007,24.6
A,MED_EI,B_60,T,TOTAL,PC,EA,2008,24.2
A,MED_EI,B_60,T,TOTAL,PC,EA,2009,24.3
A,MED_EI,B_60,T,TOTAL,PC,EA,2010,25.1
A,MED_EI,B_60,T,TOTAL,PC,EA,2011,25.7
A,MED_EI,B_60,T,TOTAL,PC,EA,2012,25.2
A,MED_EI,B_60,T,TOTAL,PC,EA,2013,25.5
A,MED_EI,B_60,T,TOTAL,PC,EA,2014,25.7
A,MED_EI,B_60,T,TOTAL,PC,EA,2015,25.7
A,MED_EI,B_60,T,TOTAL,PC,EA,2016,25.7
A,MED_EI,B_60,T,TOTAL,PC,EA,2017,25.0
A,MED_EI,B_60,T,TOTAL,PC,EA,2018,24.9
A,MED_EI,B_60,T,TOTAL,PC,EA,2019,24.4
A,MED_EI,B_60,T,TOTAL,PC,EA,2020,25.2
A,MED_EI,B_60,T,TOTAL,PC,EA,2021,27.3
A,MED_EI,B_60,T,TOTAL,PC,EA,2022,26.1
A,MED_EI,B_60,T,TOTAL,PC,EA,2023,25.4
A,MED_EI,B_60,T,TOTAL,PC,EA,2024,25.1
A,MED_EI,B_60,T,TOTAL,PC,EA21,2025,25.1
A,MED_EI,B_60,T,TOTAL,PC,EE,2000,26.0
A,MED_EI,B_60,T,TOTAL,PC,EE,2001,25.0
A,MED_EI,B_60,T,TOTAL,PC,EE,2002,25.0
A,MED_EI,B_60,T,TOTAL,PC,EE,2004,26.2
A,MED_EI,B_60,T,TOTAL,PC,EE,2005,24.2
A,MED_EI,B_60,T,TOTAL,PC,EE,2006,24.6
A,MED_EI,B_60,T,TOTAL,PC,EE,2007,25.2
A,MED_EI,B_60,T,TOTAL,PC,EE,2008,24.7
A,MED_EI,B_60,T,TOTAL,PC,EE,2009,25.9
A,MED_EI,B_60,T,TOTAL,PC,EE,2010,24.9
A,MED_EI,B_60,T,TOTAL,PC,EE,2011,24.9
A,MED_EI,B_60,T,TOTAL,PC,EE,2012,24.8
A,MED_EI,B_60,T,TOTAL,PC,EE,2013,25.4
A,MED_EI,B_60,T,TOTAL,PC,EE,2014,28.4
A,MED_EI,B_60,T,TOTAL,PC,EE,2015,27.8
A,MED_EI,B_60,T,TOTAL,PC,EE,2016,28.9
A,MED_EI,B_60,T,TOTAL,PC,EE,2017,28.9
A,MED_EI,B_60,T,TOTAL,PC,EE,2018,29.9
A,MED_EI,B_60,T,TOTAL,PC,EE,2019,30.2
A,MED_EI,B_60,T,TOTAL,PC,EE,2020,30.3
A,MED_EI,B_60,T,TOTAL,PC,EE,2021,29.7
A,MED_EI,B_60,T,TOTAL,PC,EE,2022,31.7
A,MED_EI,B_60,T,TOTAL,PC,EE,2023,31.1
A,MED_EI,B_60,T,TOTAL,PC,EE,2024,29.5
A,MED_EI,B_60,T,TOTAL,PC,EE,2025,27.7
A,MED_EI,B_60,T,TOTAL,PC,EL,1995,23.0
A,MED_EI,B_60,T,TOTAL,PC,EL,1996,22.0
A,MED_EI,B_60,T,TOTAL,PC,EL,1997,23.0
A,MED_EI,B_60,T,TOTAL,PC,EL,1998,22.0
A,MED_EI,B_60,T,TOTAL,PC,EL,1999,22.0
A,MED_EI,B_60,T,TOTAL,PC,EL,2000,22.0
A,MED_EI,B_60,T,TOTAL,PC,EL,2001,23.0
A,MED_EI,B_60,T,TOTAL,PC,EL,2003,23.7
A,MED_EI,B_60,T,TOTAL,PC,EL,2004,22.5
A,MED_EI,B_60,T,TOTAL,PC,EL,2005,22.6
A,MED_EI,B_60,T,TOTAL,PC,EL,2006,23.4
A,MED_EI,B_60,T,TOTAL,PC,EL,2007,23.7
A,MED_EI,B_60,T,TOTAL,PC,EL,2008,23.3
A,MED_EI,B_60,T,TOTAL,PC,EL,2009,22.7
A,MED_EI,B_60,T,TOTAL,PC,EL,2010,23.8
A,MED_EI,B_60,T,TOTAL,PC,EL,2011,24.8
A,MED_EI,B_60,T,TOTAL,PC,EL,2012,26.8
A,MED_EI,B_60,T,TOTAL,PC,EL,2013,28.0
A,MED_EI,B_60,T,TOTAL,PC,EL,2014,26.0
A,MED_EI,B_60,T,TOTAL,PC,EL,2015,25.5
A,MED_EI,B_60,T,TOTAL,PC,EL,2016,25.2
A,MED_EI,B_60,T,TOTAL,PC,EL,2017,24.0
A,MED_EI,B_60,T,TOTAL,PC,EL,2018,23.2
A,MED_EI,B_60,T,TOTAL,PC,EL,2019,23.2
A,MED_EI,B_60,T,TOTAL,PC,EL,2020,23.5
A,MED_EI,B_60,T,TOTAL,PC,EL,2021,24.7
A,MED_EI,B_60,T,TOTAL,PC,EL,2022,23.6
A,MED_EI,B_60,T,TOTAL,PC,EL,2023,23.1
A,MED_EI,B_60,T,TOTAL,PC,EL,2024,23.5
A,MED_EI,B_60,T,TOTAL,PC,EL,2025,23.2
A,MED_EI,B_60,T,TOTAL,PC,ES,1995,27.0
A,MED_EI,B_60,T,TOTAL,PC,ES,1996,26.0
A,MED_EI,B_60,T,TOTAL,PC,ES,1997,27.0
A,MED_EI,B_60,T,TOTAL,PC,ES,1998,25.0
A,MED_EI,B_60,T,TOTAL,PC,ES,1999,23.0
A,MED_EI,B_60,T,TOTAL,PC,ES,2000,22.0
A,MED_EI,B_60,T,TOTAL,PC,ES,2001,23.0
A,MED_EI,B_60,T,TOTAL,PC,ES,2002,22.0
A,MED_EI,B_60,T,TOTAL,PC,ES,2004,25.2
A,MED_EI,B_60,T,TOTAL,PC,ES,2005,24.5
A,MED_EI,B_60,T,TOTAL,PC,ES,2006,24.6
A,MED_EI,B_60,T,TOTAL,PC,ES,2007,23.7
A,MED_EI,B_60,T,TOTAL,PC,ES,2008,25.7
A,MED_EI,B_60,T,TOTAL,PC,ES,2009,26.9
A,MED_EI,B_60,T,TOTAL,PC,ES,2010,28.8
A,MED_EI,B_60,T,TOTAL,PC,ES,2011,30.0
A,MED_EI,B_60,T,TOTAL,PC,ES,2012,29.1
A,MED_EI,B_60,T,TOTAL,PC,ES,2013,30.0
A,MED_EI,B_60,T,TOTAL,PC,ES,2014,31.1
A,MED_EI,B_60,T,TOTAL,PC,ES,2015,30.1
A,MED_EI,B_60,T,TOTAL,PC,ES,2016,29.5
A,MED_EI,B_60,T,TOTAL,PC,ES,2017,28.4
A,MED_EI,B_60,T,TOTAL,PC,ES,2018,27.9
A,MED_EI,B_60,T,TOTAL,PC,ES,2019,26.9
A,MED_EI,B_60,T,TOTAL,PC,ES,2020,27.4
A,MED_EI,B_60,T,TOTAL,PC,ES,2021,31.2
A,MED_EI,B_60,T,TOTAL,PC,ES,2022,28.1
A,MED_EI,B_60,T,TOTAL,PC,ES,2023,26.2
A,MED_EI,B_60,T,TOTAL,PC,ES,2024,25.9
A,MED_EI,B_60,T,TOTAL,PC,ES,2025,25.4
A,MED_EI,B_60,T,TOTAL,PC,EU,2008,25.4
A,MED_EI,B_60,T,TOTAL,PC,EU,2009,25.4
A,MED_EI,B_60,T,TOTAL,PC,EU,2010,26.1
A,MED_EI,B_60,T,TOTAL,PC,EU,2011,26.4
A,MED_EI,B_60,T,TOTAL,PC,EU,2012,25.8
A,MED_EI,B_60,T,TOTAL,PC,EU,2013,26.0
A,MED_EI,B_60,T,TOTAL,PC,EU,2014,26.1
A,MED_EI,B_60,T,TOTAL,PC,EU,2015,26.1
A,MED_EI,B_60,T,TOTAL,PC,EU,2016,25.9
A,MED_EI,B_60,T,TOTAL,PC,EU,2017,25.6
A,MED_EI,B_60,T,TOTAL,PC,EU,2018,25.5
A,MED_EI,B_60,T,TOTAL,PC,EU,2019,24.5
A,MED_EI,B_60,T,TOTAL,PC,EU,2020,25.0
A,MED_EI,B_60,T,TOTAL,PC,EU,2021,26.6
A,MED_EI,B_60,T,TOTAL,PC,EU,2022,25.4
A,MED_EI,B_60,T,TOTAL,PC,EU,2023,24.8
A,MED_EI,B_60,T,TOTAL,PC,EU,2024,24.6
A,MED_EI,B_60,T,TOTAL,PC,EU27_2020,2015,25.6
A,MED_EI,B_60,T,TOTAL,PC,EU27_2020,2016,25.6
A,MED_EI,B_60,T,TOTAL,PC,EU27_2020,2017,25.0
A,MED_EI,B_60,T,TOTAL,PC,EU27_2020,2018,25.0
A,MED_EI,B_60,T,TOTAL,PC,EU27_2020,2019,24.5
A,MED_EI,B_60,T,TOTAL,PC,EU27_2020,2020,25.0
A,MED_EI,B_60,T,TOTAL,PC,EU27_2020,2021,26.6
A,MED_EI,B_60,T,TOTAL,PC,EU27_2020,2022,25.4
A,MED_EI,B_60,T,TOTAL,PC,EU27_2020,2023,24.8
A,MED_EI,B_60,T,TOTAL,PC,EU27_2020,2024,24.6
A,MED_EI,B_60,T,TOTAL,PC,EU27_2020,2025,24.4
A,MED_EI,B_60,T,TOTAL,PC,FI,1996,23.0
A,MED_EI,B_60,T,TOTAL,PC,FI,1997,23.0
A,MED_EI,B_60,T,TOTAL,PC,FI,1998,22.0
A,MED_EI,B_60,T,TOTAL,PC,FI,1999,21.0
A,MED_EI,B_60,T,TOTAL,PC,FI,2000,19.0
A,MED_EI,B_60,T,TOTAL,PC,FI,2001,29.0
A,MED_EI,B_60,T,TOTAL,PC,FI,2002,28.0
A,MED_EI,B_60,T,TOTAL,PC,FI,2004,28.7
A,MED_EI,B_60,T,TOTAL,PC,FI,2005,28.0
A,MED_EI,B_60,T,TOTAL,PC,FI,2006,28.6
A,MED_EI,B_60,T,TOTAL,PC,FI,2007,28.9
A,MED_EI,B_60,T,TOTAL,PC,FI,2008,27.3
A,MED_EI,B_60,T,TOTAL,PC,FI,2009,26.2
A,MED_EI,B_60,T,TOTAL,PC,FI,2010,27.0
A,MED_EI,B_60,T,TOTAL,PC,FI,2011,27.4
A,MED_EI,B_60,T,TOTAL,PC,FI,2012,26.9
A,MED_EI,B_60,T,TOTAL,PC,FI,2013,26.4
A,MED_EI,B_60,T,TOTAL,PC,FI,2014,27.6
A,MED_EI,B_60,T,TOTAL,PC,FI,2015,26.8
A,MED_EI,B_60,T,TOTAL,PC,FI,2016,27.0
A,MED_EI,B_60,T,TOTAL,PC,FI,2017,26.7
A,MED_EI,B_60,T,TOTAL,PC,FI,2018,25.9
A,MED_EI,B_60,T,TOTAL,PC,FI,2019,25.2
A,MED_EI,B_60,T,TOTAL,PC,FI,2020,25.1
A,MED_EI,B_60,T,TOTAL,PC,FI,2021,25.5
A,MED_EI,B_60,T,TOTAL,PC,FI,2022,25.3
A,MED_EI,B_60,T,TOTAL,PC,FI,2023,23.8
A,MED_EI,B_60,T,TOTAL,PC,FI,2024,23.5
A,MED_EI,B_60,T,TOTAL,PC,FI,2025,24.2
A,MED_EI,B_60,T,TOTAL,PC,FR,1995,26.0
A,MED_EI,B_60,T,TOTAL,PC,FR,1996,26.0
A,MED_EI,B_60,T,TOTAL,PC,FR,1997,26.0
A,MED_EI,B_60,T,TOTAL,PC,FR,1998,25.0
A,MED_EI,B_60,T,TOTAL,PC,FR,1999,24.0
A,MED_EI,B_60,T,TOTAL,PC,FR,2000,24.0
A,MED_EI,B_60,T,TOTAL,PC,FR,2001,26.0
A,MED_EI,B_60,T,TOTAL,PC,FR,2002,26.0
A,MED_EI,B_60,T,TOTAL,PC,FR,2004,26.1
A,MED_EI,B_60,T,TOTAL,PC,FR,2005,26.0
A,MED_EI,B_60,T,TOTAL,PC,FR,2006,24.9
A,MED_EI,B_60,T,TOTAL,PC,FR,2007,26.4
A,MED_EI,B_60,T,TOTAL,PC,FR,2008,23.5
A,MED_EI,B_60,T,TOTAL,PC,FR,2009,24.0
A,MED_EI,B_60,T,TOTAL,PC,FR,2010,24.9
A,MED_EI,B_60,T,TOTAL,PC,FR,2011,24.7
A,MED_EI,B_60,T,TOTAL,PC,FR,2012,23.8
A,MED_EI,B_60,T,TOTAL,PC,FR,2013,24.4
A,MED_EI,B_60,T,TOTAL,PC,FR,2014,24.0
A,MED_EI,B_60,T,TOTAL,PC,FR,2015,23.9
A,MED_EI,B_60,T,TOTAL,PC,FR,2016,23.6
A,MED_EI,B_60,T,TOTAL,PC,FR,2017,24.0
A,MED_EI,B_60,T,TOTAL,PC,FR,2018,24.1
A,MED_EI,B_60,T,TOTAL,PC,FR,2019,23.5
A,MED_EI,B_60,T,TOTAL,PC,FR,2020,26.4
A,MED_EI,B_60,T,TOTAL,PC,FR,2021,26.7
A,MED_EI,B_60,T,TOTAL,PC,FR,2022,26.9
A,MED_EI,B_60,T,TOTAL,PC,FR,2023,26.5
A,MED_EI,B_60,T,TOTAL,PC,FR,2024,26.0
A,MED_EI,B_60,T,TOTAL,PC,FR,2025,26.5
A,MED_EI,B_60,T,TOTAL,PC,HR,2010,30.0
A,MED_EI,B_60,T,TOTAL,PC,HR,2011,30.7
A,MED_EI,B_60,T,TOTAL,PC,HR,2012,30.6
A,MED_EI,B_60,T,TOTAL,PC,HR,2013,29.7
A,MED_EI,B_60,T,TOTAL,PC,HR,2014,29.9
A,MED_EI,B_60,T,TOTAL,PC,HR,2015,31.0
A,MED_EI,B_60,T,TOTAL,PC,HR,2016,27.3
A,MED_EI,B_60,T,TOTAL,PC,HR,2017,26.6
A,MED_EI,B_60,T,TOTAL,PC,HR,2018,25.7
A,MED_EI,B_60,T,TOTAL,PC,HR,2019,24.3
A,MED_EI,B_60,T,TOTAL,PC,HR,2020,23.8
A,MED_EI,B_60,T,TOTAL,PC,HR,2021,24.2
A,MED_EI,B_60,T,TOTAL,PC,HR,2022,22.6
A,MED_EI,B_60,T,TOTAL,PC,HR,2023,24.4
A,MED_EI,B_60,T,TOTAL,PC,HR,2024,25.9
A,MED_EI,B_60,T,TOTAL,PC,HR,2025,25.5
A,MED_EI,B_60,T,TOTAL,PC,HU,2000,17.0
A,MED_EI,B_60,T,TOTAL,PC,HU,2001,17.0
A,MED_EI,B_60,T,TOTAL,PC,HU,2002,15.0
A,MED_EI,B_60,T,TOTAL,PC,HU,2005,29.4
A,MED_EI,B_60,T,TOTAL,PC,HU,2006,29.6
A,MED_EI,B_60,T,TOTAL,PC,HU,2007,29.3
A,MED_EI,B_60,T,TOTAL,PC,HU,2008,30.4
A,MED_EI,B_60,T,TOTAL,PC,HU,2009,28.9
A,MED_EI,B_60,T,TOTAL,PC,HU,2010,28.4
A,MED_EI,B_60,T,TOTAL,PC,HU,2011,29.0
A,MED_EI,B_60,T,TOTAL,PC,HU,2012,27.3
A,MED_EI,B_60,T,TOTAL,PC,HU,2013,27.0
A,MED_EI,B_60,T,TOTAL,PC,HU,2014,26.6
A,MED_EI,B_60,T,TOTAL,PC,HU,2015,25.7
A,MED_EI,B_60,T,TOTAL,PC,HU,2016,25.8
A,MED_EI,B_60,T,TOTAL,PC,HU,2017,25.0
A,MED_EI,B_60,T,TOTAL,PC,HU,2018,25.0
A,MED_EI,B_60,T,TOTAL,PC,HU,2019,22.0
A,MED_EI,B_60,T,TOTAL,PC,HU,2020,22.4
A,MED_EI,B_60,T,TOTAL,PC,HU,2021,20.0
A,MED_EI,B_60,T,TOTAL,PC,HU,2022,18.5
A,MED_EI,B_60,T,TOTAL,PC,HU,2023,18.6
A,MED_EI,B_60,T,TOTAL,PC,HU,2024,18.7
A,MED_EI,B_60,T,TOTAL,PC,HU,2025,18.2
A,MED_EI,B_60,T,TOTAL,PC,IE,1995,34.0
A,MED_EI,B_60,T,TOTAL,PC,IE,1996,34.0
A,MED_EI,B_60,T,TOTAL,PC,IE,1997,32.0
A,MED_EI,B_60,T,TOTAL,PC,IE,1998,32.0
A,MED_EI,B_60,T,TOTAL,PC,IE,1999,30.0
A,MED_EI,B_60,T,TOTAL,PC,IE,2000,31.0
A,MED_EI,B_60,T,TOTAL,PC,IE,2001,30.0
A,MED_EI,B_60,T,TOTAL,PC,IE,2003,30.9
A,MED_EI,B_60,T,TOTAL,PC,IE,2004,32.8
A,MED_EI,B_60,T,TOTAL,PC,IE,2005,32.3
A,MED_EI,B_60,T,TOTAL,PC,IE,2006,32.8
A,MED_EI,B_60,T,TOTAL,PC,IE,2007,33.1
A,MED_EI,B_60,T,TOTAL,PC,IE,2008,34.0
A,MED_EI,B_60,T,TOTAL,PC,IE,2009,37.5
A,MED_EI,B_60,T,TOTAL,PC,IE,2010,39.9
A,MED_EI,B_60,T,TOTAL,PC,IE,2011,39.6
A,MED_EI,B_60,T,TOTAL,PC,IE,2012,39.4
A,MED_EI,B_60,T,TOTAL,PC,IE,2013,38.3
A,MED_EI,B_60,T,TOTAL,PC,IE,2014,37.0
A,MED_EI,B_60,T,TOTAL,PC,IE,2015,36.4
A,MED_EI,B_60,T,TOTAL,PC,IE,2016,34.6
A,MED_EI,B_60,T,TOTAL,PC,IE,2017,32.9
A,MED_EI,B_60,T,TOTAL,PC,IE,2018,30.9
A,MED_EI,B_60,T,TOTAL,PC,IE,2019,32.2
A,MED_EI,B_60,T,TOTAL,PC,IE,2020,28.8
A,MED_EI,B_60,T,TOTAL,PC,IE,2021,32.2
A,MED_EI,B_60,T,TOTAL,PC,IE,2022,31.3
A,MED_EI,B_60,T,TOTAL,PC,IE,2023,28.4
A,MED_EI,B_60,T,TOTAL,PC,IE,2024,25.8
A,MED_EI,B_60,T,TOTAL,PC,IE,2025,26.8
A,MED_EI,B_60,T,TOTAL,PC,IS,2004,19.1
A,MED_EI,B_60,T,TOTAL,PC,IS,2005,19.5
A,MED_EI,B_60,T,TOTAL,PC,IS,2006,18.5
A,MED_EI,B_60,T,TOTAL,PC,IS,2007,18.2
A,MED_EI,B_60,T,TOTAL,PC,IS,2008,19.0
A,MED_EI,B_60,T,TOTAL,PC,IS,2009,19.7
A,MED_EI,B_60,T,TOTAL,PC,IS,2010,22.8
A,MED_EI,B_60,T,TOTAL,PC,IS,2011,23.1
A,MED_EI,B_60,T,TOTAL,PC,IS,2012,23.1
A,MED_EI,B_60,T,TOTAL,PC,IS,2013,22.7
A,MED_EI,B_60,T,TOTAL,PC,IS,2014,21.2
A,MED_EI,B_60,T,TOTAL,PC,IS,2015,19.9
A,MED_EI,B_60,T,TOTAL,PC,IS,2016,19.7
A,MED_EI,B_60,T,TOTAL,PC,IS,2017,18.8
A,MED_EI,B_60,T,TOTAL,PC,IS,2018,17.6
A,MED_EI,B_60,T,TOTAL,PC,IS,2019,18.8
A,MED_EI,B_60,T,TOTAL,PC,IS,2020,20.7
A,MED_EI,B_60,T,TOTAL,PC,IS,2021,22.5
A,MED_EI,B_60,T,TOTAL,PC,IS,2022,19.9
A,MED_EI,B_60,T,TOTAL,PC,IT,1995,23.0
A,MED_EI,B_60,T,TOTAL,PC,IT,1996,23.0
A,MED_EI,B_60,T,TOTAL,PC,IT,1997,22.0
A,MED_EI,B_60,T,TOTAL,PC,IT,1998,21.0
A,MED_EI,B_60,T,TOTAL,PC,IT,1999,21.0
A,MED_EI,B_60,T,TOTAL,PC,IT,2000,21.0
A,MED_EI,B_60,T,TOTAL,PC,IT,2001,22.0
A,MED_EI,B_60,T,TOTAL,PC,IT,2004,23.3
A,MED_EI,B_60,T,TOTAL,PC,IT,2005,23.6
A,MED_EI,B_60,T,TOTAL,PC,IT,2006,23.7
A,MED_EI,B_60,T,TOTAL,PC,IT,2007,23.7
A,MED_EI,B_60,T,TOTAL,PC,IT,2008,23.5
A,MED_EI,B_60,T,TOTAL,PC,IT,2009,23.3
A,MED_EI,B_60,T,TOTAL,PC,IT,2010,23.7
A,MED_EI,B_60,T,TOTAL,PC,IT,2011,24.6
A,MED_EI,B_60,T,TOTAL,PC,IT,2012,24.5
A,MED_EI,B_60,T,TOTAL,PC,IT,2013,24.6
A,MED_EI,B_60,T,TOTAL,PC,IT,2014,24.7
A,MED_EI,B_60,T,TOTAL,PC,IT,2015,25.4
A,MED_EI,B_60,T,TOTAL,PC,IT,2016,26.2
A,MED_EI,B_60,T,TOTAL,PC,IT,2017,25.2
A,MED_EI,B_60,T,TOTAL,PC,IT,2018,25.9
A,MED_EI,B_60,T,TOTAL,PC,IT,2019,25.2
A,MED_EI,B_60,T,TOTAL,PC,IT,2020,25.3
A,MED_EI,B_60,T,TOTAL,PC,IT,2021,28.5
A,MED_EI,B_60,T,TOTAL,PC,IT,2022,27.1
A,MED_EI,B_60,T,TOTAL,PC,IT,2023,27.2
A,MED_EI,B_60,T,TOTAL,PC,IT,2024,27.5
A,MED_EI,B_60,T,TOTAL,PC,IT,2025,26.8
A,MED_EI,B_60,T,TOTAL,PC,LT,2000,23.0
A,MED_EI,B_60,T,TOTAL,PC,LT,2001,24.0
A,MED_EI,B_60,T,TOTAL,PC,LT,2005,26.1
A,MED_EI,B_60,T,TOTAL,PC,LT,2006,26.6
A,MED_EI,B_60,T,TOTAL,PC,LT,2007,25.5
A,MED_EI,B_60,T,TOTAL,PC,LT,2008,27.4
A,MED_EI,B_60,T,TOTAL,PC,LT,2009,28.6
A,MED_EI,B_60,T,TOTAL,PC,LT,2010,31.3
A,MED_EI,B_60,T,TOTAL,PC,LT,2011,30.2
A,MED_EI,B_60,T,TOTAL,PC,LT,2012,28.4
A,MED_EI,B_60,T,TOTAL,PC,LT,2013,30.3
A,MED_EI,B_60,T,TOTAL,PC,LT,2014,27.5
A,MED_EI,B_60,T,TOTAL,PC,LT,2015,28.6
A,MED_EI,B_60,T,TOTAL,PC,LT,2016,27.9
A,MED_EI,B_60,T,TOTAL,PC,LT,2017,29.8
A,MED_EI,B_60,T,TOTAL,PC,LT,2018,29.7
A,MED_EI,B_60,T,TOTAL,PC,LT,2019,30.1
A,MED_EI,B_60,T,TOTAL,PC,LT,2020,29.6
A,MED_EI,B_60,T,TOTAL,PC,LT,2021,30.9
A,MED_EI,B_60,T,TOTAL,PC,LT,2022,30.0
A,MED_EI,B_60,T,TOTAL,PC,LT,2023,29.4
A,MED_EI,B_60,T,TOTAL,PC,LT,2024,29.0
A,MED_EI,B_60,T,TOTAL,PC,LT,2025,31.1
A,MED_EI,B_60,T,TOTAL,PC,LU,1995,25.0
A,MED_EI,B_60,T,TOTAL,PC,LU,1996,24.0
A,MED_EI,B_60,T,TOTAL,PC,LU,1997,22.0
A,MED_EI,B_60,T,TOTAL,PC,LU,1998,23.0
A,MED_EI,B_60,T,TOTAL,PC,LU,1999,24.0
A,MED_EI,B_60,T,TOTAL,PC,LU,2000,23.0
A,MED_EI,B_60,T,TOTAL,PC,LU,2001,23.0
A,MED_EI,B_60,T,TOTAL,PC,LU,2003,23.2
A,MED_EI,B_60,T,TOTAL,PC,LU,2004,22.4
A,MED_EI,B_60,T,TOTAL,PC,LU,2005,23.8
A,MED_EI,B_60,T,TOTAL,PC,LU,2006,23.6
A,MED_EI,B_60,T,TOTAL,PC,LU,2007,23.4
A,MED_EI,B_60,T,TOTAL,PC,LU,2008,23.6
A,MED_EI,B_60,T,TOTAL,PC,LU,2009,27.0
A,MED_EI,B_60,T,TOTAL,PC,LU,2010,29.1
A,MED_EI,B_60,T,TOTAL,PC,LU,2011,27.2
A,MED_EI,B_60,T,TOTAL,PC,LU,2012,29.0
A,MED_EI,B_60,T,TOTAL,PC,LU,2013,29.4
A,MED_EI,B_60,T,TOTAL,PC,LU,2014,27.6
A,MED_EI,B_60,T,TOTAL,PC,LU,2015,27.2
A,MED_EI,B_60,T,TOTAL,PC,LU,2016,26.1
A,MED_EI,B_60,T,TOTAL,PC,LU,2017,26.6
A,MED_EI,B_60,T,TOTAL,PC,LU,2018,28.0
A,MED_EI,B_60,T,TOTAL,PC,LU,2019,26.5
A,MED_EI,B_60,T,TOTAL,PC,LU,2020,28.7
A,MED_EI,B_60,T,TOTAL,PC,LU,2021,27.5
A,MED_EI,B_60,T,TOTAL,PC,LU,2022,26.1
A,MED_EI,B_60,T,TOTAL,PC,LU,2023,25.9
A,MED_EI,B_60,T,TOTAL,PC,LU,2024,24.8
A,MED_EI,B_60,T,TOTAL,PC,LU,2025,26.5
A,MED_EI,B_60,T,TOTAL,PC,LV,2000,22.0
A,MED_EI,B_60,T,TOTAL,PC,LV,2005,25.8
A,MED_EI,B_60,T,TOTAL,PC,LV,2006,28.0
A,MED_EI,B_60,T,TOTAL,PC,LV,2007,27.5
A,MED_EI,B_60,T,TOTAL,PC,LV,2008,30.2
A,MED_EI,B_60,T,TOTAL,PC,LV,2009,31.0
A,MED_EI,B_60,T,TOTAL,PC,LV,2010,28.5
A,MED_EI,B_60,T,TOTAL,PC,LV,2011,26.8
A,MED_EI,B_60,T,TOTAL,PC,LV,2012,25.7
A,MED_EI,B_60,T,TOTAL,PC,LV,2013,26.0
A,MED_EI,B_60,T,TOTAL,PC,LV,2014,27.0
A,MED_EI,B_60,T,TOTAL,PC,LV,2015,27.3
A,MED_EI,B_60,T,TOTAL,PC,LV,2016,27.8
A,MED_EI,B_60,T,TOTAL,PC,LV,2017,28.3
A,MED_EI,B_60,T,TOTAL,PC,LV,2018,28.8
A,MED_EI,B_60,T,TOTAL,PC,LV,2019,29.9
A,MED_EI,B_60,T,TOTAL,PC,LV,2020,28.2
A,MED_EI,B_60,T,TOTAL,PC,LV,2021,30.6
A,MED_EI,B_60,T,TOTAL,PC,LV,2022,30.0
A,MED_EI,B_60,T,TOTAL,PC,LV,2023,29.4
A,MED_EI,B_60,T,TOTAL,PC,LV,2024,27.5
A,MED_EI,B_60,T,TOTAL,PC,LV,2025,28.2
A,MED_EI,B_60,T,TOTAL,PC,ME,2013,28.9
A,MED_EI,B_60,T,TOTAL,PC,ME,2014,31.1
A,MED_EI,B_60,T,TOTAL,PC,ME,2015,29.4
A,MED_EI,B_60,T,TOTAL,PC,ME,2016,29.0
A,MED_EI,B_60,T,TOTAL,PC,ME,2017,31.4
A,MED_EI,B_60,T,TOTAL,PC,ME,2018,31.2
A,MED_EI,B_60,T,TOTAL,PC,ME,2019,29.5
A,MED_EI,B_60,T,TOTAL,PC,ME,2020,27.8
A,MED_EI,B_60,T,TOTAL,PC,ME,2021,27.2
A,MED_EI,B_60,T,TOTAL,PC,ME,2022,26.2
A,MED_EI,B_60,T,TOTAL,PC,ME,2023,28.4
A,MED_EI,B_60,T,TOTAL,PC,ME,2024,26.7
A,MED_EI,B_60,T,TOTAL,PC,MK,2012,28.8
A,MED_EI,B_60,T,TOTAL,PC,MK,2013,26.8
A,MED_EI,B_60,T,TOTAL,PC,MK,2014,24.8
A,MED_EI,B_60,T,TOTAL,PC,MK,2015,24.8
A,MED_EI,B_60,T,TOTAL,PC,MK,2016,25.7
A,MED_EI,B_60,T,TOTAL,PC,MK,2017,25.9
A,MED_EI,B_60,T,TOTAL,PC,MK,2018,25.7
A,MED_EI,B_60,T,TOTAL,PC,MK,2019,25.4
A,MED_EI,B_60,T,TOTAL,PC,MK,2020,25.7
A,MED_EI,B_60,T,TOTAL,PC,MK,2021,26.1
A,MED_EI,B_60,T,TOTAL,PC,MK,2022,26.5
A,MED_EI,B_60,T,TOTAL,PC,MK,2023,25.0
A,MED_EI,B_60,T,TOTAL,PC,MK,2024,24.0
A,MED_EI,B_60,T,TOTAL,PC,MT,2000,19.0
A,MED_EI,B_60,T,TOTAL,PC,MT,2005,20.1
A,MED_EI,B_60,T,TOTAL,PC,MT,2006,21.3
A,MED_EI,B_60,T,TOTAL,PC,MT,2007,21.5
A,MED_EI,B_60,T,TOTAL,PC,MT,2008,22.9
A,MED_EI,B_60,T,TOTAL,PC,MT,2009,22.9
A,MED_EI,B_60,T,TOTAL,PC,MT,2010,23.5
A,MED_EI,B_60,T,TOTAL,PC,MT,2011,23.2
A,MED_EI,B_60,T,TOTAL,PC,MT,2012,24.0
A,MED_EI,B_60,T,TOTAL,PC,MT,2013,23.4
A,MED_EI,B_60,T,TOTAL,PC,MT,2014,23.7
A,MED_EI,B_60,T,TOTAL,PC,MT,2015,23.8
A,MED_EI,B_60,T,TOTAL,PC,MT,2016,23.8
A,MED_EI,B_60,T,TOTAL,PC,MT,2017,23.9
A,MED_EI,B_60,T,TOTAL,PC,MT,2018,24.2
A,MED_EI,B_60,T,TOTAL,PC,MT,2019,23.2
A,MED_EI,B_60,T,TOTAL,PC,MT,2020,21.4
A,MED_EI,B_60,T,TOTAL,PC,MT,2021,22.9
A,MED_EI,B_60,T,TOTAL,PC,MT,2022,22.7
A,MED_EI,B_60,T,TOTAL,PC,MT,2023,22.3
A,MED_EI,B_60,T,TOTAL,PC,MT,2024,22.1
A,MED_EI,B_60,T,TOTAL,PC,MT,2025,22.5
A,MED_EI,B_60,T,TOTAL,PC,NL,1995,24.0
A,MED_EI,B_60,T,TOTAL,PC,NL,1996,24.0
A,MED_EI,B_60,T,TOTAL,PC,NL,1997,23.0
A,MED_EI,B_60,T,TOTAL,PC,NL,1998,21.0
A,MED_EI,B_60,T,TOTAL,PC,NL,1999,21.0
A,MED_EI,B_60,T,TOTAL,PC,NL,2000,22.0
A,MED_EI,B_60,T,TOTAL,PC,NL,2001,22.0
A,MED_EI,B_60,T,TOTAL,PC,NL,2002,22.0
A,MED_EI,B_60,T,TOTAL,PC,NL,2005,21.7
A,MED_EI,B_60,T,TOTAL,PC,NL,2006,21.0
A,MED_EI,B_60,T,TOTAL,PC,NL,2007,20.6
A,MED_EI,B_60,T,TOTAL,PC,NL,2008,19.9
A,MED_EI,B_60,T,TOTAL,PC,NL,2009,20.5
A,MED_EI,B_60,T,TOTAL,PC,NL,2010,21.1
A,MED_EI,B_60,T,TOTAL,PC,NL,2011,20.9
A,MED_EI,B_60,T,TOTAL,PC,NL,2012,20.6
A,MED_EI,B_60,T,TOTAL,PC,NL,2013,20.8
A,MED_EI,B_60,T,TOTAL,PC,NL,2014,21.3
A,MED_EI,B_60,T,TOTAL,PC,NL,2015,22.3
A,MED_EI,B_60,T,TOTAL,PC,NL,2016,22.1
A,MED_EI,B_60,T,TOTAL,PC,NL,2017,21.9
A,MED_EI,B_60,T,TOTAL,PC,NL,2018,21.8
A,MED_EI,B_60,T,TOTAL,PC,NL,2019,21.4
A,MED_EI,B_60,T,TOTAL,PC,NL,2020,21.2
A,MED_EI,B_60,T,TOTAL,PC,NL,2021,22.7
A,MED_EI,B_60,T,TOTAL,PC,NL,2022,21.9
A,MED_EI,B_60,T,TOTAL,PC,NL,2023,21.1
A,MED_EI,B_60,T,TOTAL,PC,NL,2024,20.5
A,MED_EI,B_60,T,TOTAL,PC,NL,2025,21.2
A,MED_EI,B_60,T,TOTAL,PC,NO,1997,26.0
A,MED_EI,B_60,T,TOTAL,PC,NO,1998,26.0
A,MED_EI,B_60,T,TOTAL,PC,NO,1999,24.0
A,MED_EI,B_60,T,TOTAL,PC,NO,2000,24.0
A,MED_EI,B_60,T,TOTAL,PC,NO,2001,24.0
A,MED_EI,B_60,T,TOTAL,PC,NO,2002,24.0
A,MED_EI,B_60,T,TOTAL,PC,NO,2003,22.9
A,MED_EI,B_60,T,TOTAL,PC,NO,2004,25.4
A,MED_EI,B_60,T,TOTAL,PC,NO,2005,28.4
A,MED_EI,B_60,T,TOTAL,PC,NO,2006,30.6
A,MED_EI,B_60,T,TOTAL,PC,NO,2007,27.7
A,MED_EI,B_60,T,TOTAL,PC,NO,2008,25.6
A,MED_EI,B_60,T,TOTAL,PC,NO,2009,25.2
A,MED_EI,B_60,T,TOTAL,PC,NO,2010,26.6
A,MED_EI,B_60,T,TOTAL,PC,NO,2011,29.6
A,MED_EI,B_60,T,TOTAL,PC,NO,2012,25.8
A,MED_EI,B_60,T,TOTAL,PC,NO,2013,26.0
A,MED_EI,B_60,T,TOTAL,PC,NO,2014,24.8
A,MED_EI,B_60,T,TOTAL,PC,NO,2015,26.5
A,MED_EI,B_60,T,TOTAL,PC,NO,2016,26.3
A,MED_EI,B_60,T,TOTAL,PC,NO,2017,26.2
A,MED_EI,B_60,T,TOTAL,PC,NO,2018,26.7
A,MED_EI,B_60,T,TOTAL,PC,NO,2019,25.0
A,MED_EI,B_60,T,TOTAL,PC,NO,2020,25.7
A,MED_EI,B_60,T,TOTAL,PC,NO,2021,26.6
A,MED_EI,B_60,T,TOTAL,PC,NO,2022,25.1
A,MED_EI,B_60,T,TOTAL,PC,NO,2023,21.3
A,MED_EI,B_60,T,TOTAL,PC,NO,2024,24.3
A,MED_EI,B_60,T,TOTAL,PC,NO,2025,25.3
A,MED_EI,B_60,T,TOTAL,PC,PL,2000,30.0
A,MED_EI,B_60,T,TOTAL,PC,PL,2001,31.0
A,MED_EI,B_60,T,TOTAL,PC,PL,2005,29.8
A,MED_EI,B_60,T,TOTAL,PC,PL,2006,28.6
A,MED_EI,B_60,T,TOTAL,PC,PL,2007,26.5
A,MED_EI,B_60,T,TOTAL,PC,PL,2008,25.1
A,MED_EI,B_60,T,TOTAL,PC,PL,2009,23.6
A,MED_EI,B_60,T,TOTAL,PC,PL,2010,24.4
A,MED_EI,B_60,T,TOTAL,PC,PL,2011,24.1
A,MED_EI,B_60,T,TOTAL,PC,PL,2012,22.9
A,MED_EI,B_60,T,TOTAL,PC,PL,2013,23.0
A,MED_EI,B_60,T,TOTAL,PC,PL,2014,23.1
A,MED_EI,B_60,T,TOTAL,PC,PL,2015,22.9
A,MED_EI,B_60,T,TOTAL,PC,PL,2016,22.9
A,MED_EI,B_60,T,TOTAL,PC,PL,2017,24.0
A,MED_EI,B_60,T,TOTAL,PC,PL,2018,24.8
A,MED_EI,B_60,T,TOTAL,PC,PL,2019,24.4
A,MED_EI,B_60,T,TOTAL,PC,PL,2020,23.4
A,MED_EI,B_60,T,TOTAL,PC,PL,2021,23.0
A,MED_EI,B_60,T,TOTAL,PC,PL,2022,22.3
A,MED_EI,B_60,T,TOTAL,PC,PL,2023,21.9
A,MED_EI,B_60,T,TOTAL,PC,PL,2024,23.6
A,MED_EI,B_60,T,TOTAL,PC,PL,2025,21.6
A,MED_EI,B_60,T,TOTAL,PC,PT,1995,27.0
A,MED_EI,B_60,T,TOTAL,PC,PT,1996,27.0
A,MED_EI,B_60,T,TOTAL,PC,PT,1997,27.0
A,MED_EI,B_60,T,TOTAL,PC,PT,1998,27.0
A,MED_EI,B_60,T,TOTAL,PC,PT,1999,27.0
A,MED_EI,B_60,T,TOTAL,PC,PT,2000,27.0
A,MED_EI,B_60,T,TOTAL,PC,PT,2001,24.0
A,MED_EI,B_60,T,TOTAL,PC,PT,2002,26.0
A,MED_EI,B_60,T,TOTAL,PC,PT,2004,26.5
A,MED_EI,B_60,T,TOTAL,PC,PT,2005,25.7
A,MED_EI,B_60,T,TOTAL,PC,PT,2006,25.1
A,MED_EI,B_60,T,TOTAL,PC,PT,2007,24.2
A,MED_EI,B_60,T,TOTAL,PC,PT,2008,24.9
A,MED_EI,B_60,T,TOTAL,PC,PT,2009,24.3
A,MED_EI,B_60,T,TOTAL,PC,PT,2010,26.4
A,MED_EI,B_60,T,TOTAL,PC,PT,2011,25.4
A,MED_EI,B_60,T,TOTAL,PC,PT,2012,25.3
A,MED_EI,B_60,T,TOTAL,PC,PT,2013,25.5
A,MED_EI,B_60,T,TOTAL,PC,PT,2014,26.7
A,MED_EI,B_60,T,TOTAL,PC,PT,2015,26.4
A,MED_EI,B_60,T,TOTAL,PC,PT,2016,25.0
A,MED_EI,B_60,T,TOTAL,PC,PT,2017,23.6
A,MED_EI,B_60,T,TOTAL,PC,PT,2018,22.7
A,MED_EI,B_60,T,TOTAL,PC,PT,2019,22.7
A,MED_EI,B_60,T,TOTAL,PC,PT,2020,21.9
A,MED_EI,B_60,T,TOTAL,PC,PT,2021,23.0
A,MED_EI,B_60,T,TOTAL,PC,PT,2022,21.5
A,MED_EI,B_60,T,TOTAL,PC,PT,2023,21.2
A,MED_EI,B_60,T,TOTAL,PC,PT,2024,21.4
A,MED_EI,B_60,T,TOTAL,PC,PT,2025,20.8
A,MED_EI,B_60,T,TOTAL,PC,RO,2007,31.5
A,MED_EI,B_60,T,TOTAL,PC,RO,2008,30.8
A,MED_EI,B_60,T,TOTAL,PC,RO,2009,28.7
A,MED_EI,B_60,T,TOTAL,PC,RO,2010,27.8
A,MED_EI,B_60,T,TOTAL,PC,RO,2011,29.2
A,MED_EI,B_60,T,TOTAL,PC,RO,2012,28.8
A,MED_EI,B_60,T,TOTAL,PC,RO,2013,28.2
A,MED_EI,B_60,T,TOTAL,PC,RO,2014,28.8
A,MED_EI,B_60,T,TOTAL,PC,RO,2015,29.3
A,MED_EI,B_60,T,TOTAL,PC,RO,2016,29.5
A,MED_EI,B_60,T,TOTAL,PC,RO,2017,28.3
A,MED_EI,B_60,T,TOTAL,PC,RO,2018,28.0
A,MED_EI,B_60,T,TOTAL,PC,RO,2019,28.1
A,MED_EI,B_60,T,TOTAL,PC,RO,2020,27.8
A,MED_EI,B_60,T,TOTAL,PC,RO,2021,27.4
A,MED_EI,B_60,T,TOTAL,PC,RO,2022,25.4
A,MED_EI,B_60,T,TOTAL,PC,RO,2023,25.0
A,MED_EI,B_60,T,TOTAL,PC,RO,2024,23.4
A,MED_EI,B_60,T,TOTAL,PC,RO,2025,23.5
A,MED_EI,B_60,T,TOTAL,PC,RS,2013,31.8
A,MED_EI,B_60,T,TOTAL,PC,RS,2014,32.1
A,MED_EI,B_60,T,TOTAL,PC,RS,2015,33.4
A,MED_EI,B_60,T,TOTAL,PC,RS,2016,32.9
A,MED_EI,B_60,T,TOTAL,PC,RS,2017,31.6
A,MED_EI,B_60,T,TOTAL,PC,RS,2018,29.6
A,MED_EI,B_60,T,TOTAL,PC,RS,2019,28.2
A,MED_EI,B_60,T,TOTAL,PC,RS,2020,27.6
A,MED_EI,B_60,T,TOTAL,PC,RS,2021,29.2
A,MED_EI,B_60,T,TOTAL,PC,RS,2022,26.1
A,MED_EI,B_60,T,TOTAL,PC,RS,2023,26.1
A,MED_EI,B_60,T,TOTAL,PC,RS,2024,24.7
A,MED_EI,B_60,T,TOTAL,PC,RS,2025,24.9
A,MED_EI,B_60,T,TOTAL,PC,SE,2001,17.0
A,MED_EI,B_60,T,TOTAL,PC,SE,2002,29.0
A,MED_EI,B_60,T,TOTAL,PC,SE,2004,30.1
A,MED_EI,B_60,T,TOTAL,PC,SE,2005,28.7
A,MED_EI,B_60,T,TOTAL,PC,SE,2006,29.0
A,MED_EI,B_60,T,TOTAL,PC,SE,2007,27.5
A,MED_EI,B_60,T,TOTAL,PC,SE,2008,30.0
A,MED_EI,B_60,T,TOTAL,PC,SE,2009,28.8
A,MED_EI,B_60,T,TOTAL,PC,SE,2010,29.0
A,MED_EI,B_60,T,TOTAL,PC,SE,2011,29.8
A,MED_EI,B_60,T,TOTAL,PC,SE,2012,29.0
A,MED_EI,B_60,T,TOTAL,PC,SE,2013,28.9
A,MED_EI,B_60,T,TOTAL,PC,SE,2014,30.0
A,MED_EI,B_60,T,TOTAL,PC,SE,2015,29.8
A,MED_EI,B_60,T,TOTAL,PC,SE,2016,29.9
A,MED_EI,B_60,T,TOTAL,PC,SE,2017,29.3
A,MED_EI,B_60,T,TOTAL,PC,SE,2018,28.9
A,MED_EI,B_60,T,TOTAL,PC,SE,2019,28.9
A,MED_EI,B_60,T,TOTAL,PC,SE,2020,28.1
A,MED_EI,B_60,T,TOTAL,PC,SE,2021,28.3
A,MED_EI,B_60,T,TOTAL,PC,SE,2022,26.6
A,MED_EI,B_60,T,TOTAL,PC,SE,2023,25.5
A,MED_EI,B_60,T,TOTAL,PC,SE,2024,24.9
A,MED_EI,B_60,T,TOTAL,PC,SE,2025,25.3
A,MED_EI,B_60,T,TOTAL,PC,SI,2000,18.0
A,MED_EI,B_60,T,TOTAL,PC,SI,2001,17.0
A,MED_EI,B_60,T,TOTAL,PC,SI,2002,16.0
A,MED_EI,B_60,T,TOTAL,PC,SI,2005,25.9
A,MED_EI,B_60,T,TOTAL,PC,SI,2006,24.2
A,MED_EI,B_60,T,TOTAL,PC,SI,2007,23.1
A,MED_EI,B_60,T,TOTAL,PC,SI,2008,23.0
A,MED_EI,B_60,T,TOTAL,PC,SI,2009,22.0
A,MED_EI,B_60,T,TOTAL,PC,SI,2010,24.2
A,MED_EI,B_60,T,TOTAL,PC,SI,2011,24.2
A,MED_EI,B_60,T,TOTAL,PC,SI,2012,25.2
A,MED_EI,B_60,T,TOTAL,PC,SI,2013,25.3
A,MED_EI,B_60,T,TOTAL,PC,SI,2014,25.1
A,MED_EI,B_60,T,TOTAL,PC,SI,2015,24.8
A,MED_EI,B_60,T,TOTAL,PC,SI,2016,24.3
A,MED_EI,B_60,T,TOTAL,PC,SI,2017,24.0
A,MED_EI,B_60,T,TOTAL,PC,SI,2018,23.4
A,MED_EI,B_60,T,TOTAL,PC,SI,2019,22.0
A,MED_EI,B_60,T,TOTAL,PC,SI,2020,22.4
A,MED_EI,B_60,T,TOTAL,PC,SI,2021,21.2
A,MED_EI,B_60,T,TOTAL,PC,SI,2022,19.3
A,MED_EI,B_60,T,TOTAL,PC,SI,2023,19.7
A,MED_EI,B_60,T,TOTAL,PC,SI,2024,21.2
A,MED_EI,B_60,T,TOTAL,PC,SI,2025,21.8
A,MED_EI,B_60,T,TOTAL,PC,SK,2005,21.9
A,MED_EI,B_60,T,TOTAL,PC,SK,2006,20.0
A,MED_EI,B_60,T,TOTAL,PC,SK,2007,18.2
A,MED_EI,B_60,T,TOTAL,PC,SK,2008,18.4
A,MED_EI,B_60,T,TOTAL,PC,SK,2009,17.1
A,MED_EI,B_60,T,TOTAL,PC,SK,2010,19.8
A,MED_EI,B_60,T,TOTAL,PC,SK,2011,19.5
A,MED_EI,B_60,T,TOTAL,PC,SK,2012,20.0
A,MED_EI,B_60,T,TOTAL,PC,SK,2013,20.1
A,MED_EI,B_60,T,TOTAL,PC,SK,2014,19.6
A,MED_EI,B_60,T,TOTAL,PC,SK,2015,19.0
A,MED_EI,B_60,T,TOTAL,PC,SK,2016,18.4
A,MED_EI,B_60,T,TOTAL,PC,SK,2017,17.5
A,MED_EI,B_60,T,TOTAL,PC,SK,2018,17.7
A,MED_EI,B_60,T,TOTAL,PC,SK,2019,19.2
A,MED_EI,B_60,T,TOTAL,PC,SK,2020,19.0
A,MED_EI,B_60,T,TOTAL,PC,SK,2021,21.6
A,MED_EI,B_60,T,TOTAL,PC,SK,2022,20.7
A,MED_EI,B_60,T,TOTAL,PC,SK,2023,22.5
A,MED_EI,B_60,T,TOTAL,PC,SK,2024,22.9
A,MED_EI,B_60,T,TOTAL,PC,SK,2025,20.6
A,MED_EI,B_60,T,TOTAL,PC,TR,2002,31.0
A,MED_EI,B_60,T,TOTAL,PC,TR,2006,27.4
A,MED_EI,B_60,T,TOTAL,PC,TR,2007,25.8
A,MED_EI,B_60,T,TOTAL,PC,TR,2008,25.8
A,MED_EI,B_60,T,TOTAL,PC,TR,2009,26.7
A,MED_EI,B_60,T,TOTAL,PC,TR,2010,26.5
A,MED_EI,B_60,T,TOTAL,PC,TR,2011,25.0
A,MED_EI,B_60,T,TOTAL,PC,TR,2012,25.3
A,MED_EI,B_60,T,TOTAL,PC,TR,2013,24.8
A,MED_EI,B_60,T,TOTAL,PC,TR,2014,24.7
A,MED_EI,B_60,T,TOTAL,PC,TR,2015,24.2
A,MED_EI,B_60,T,TOTAL,PC,TR,2016,24.7
A,MED_EI,B_60,T,TOTAL,PC,TR,2017,24.3
A,MED_EI,B_60,T,TOTAL,PC,TR,2018,24.1
A,MED_EI,B_60,T,TOTAL,PC,TR,2019,24.6
A,MED_EI,B_60,T,TOTAL,PC,TR,2020,25.4
A,MED_EI,B_60,T,TOTAL,PC,TR,2021,25.9
A,MED_EI,B_60,T,TOTAL,PC,TR,2022,24.5
A,MED_EI,B_60,T,TOTAL,PC,TR,2023,23.8
A,MED_EI,B_60,T,TOTAL,PC,TR,2024,25.2
A,MED_EI,B_60,T,TOTAL,PC,TR,2025,25.4
A,MED_EI,B_60,T,TOTAL,PC,UK,1995,32.0
A,MED_EI,B_60,T,TOTAL,PC,UK,1996,29.0
A,MED_EI,B_60,T,TOTAL,PC,UK,1997,30.0
A,MED_EI,B_60,T,TOTAL,PC,UK,1998,30.0
A,MED_EI,B_60,T,TOTAL,PC,UK,1999,30.0
A,MED_EI,B_60,T,TOTAL,PC,UK,2000,29.0
A,MED_EI,B_60,T,TOTAL,PC,UK,2001,28.0
A,MED_EI,B_60,T,TOTAL,PC,UK,2002,28.0
A,MED_EI,B_60,T,TOTAL,PC,UK,2005,30.6
A,MED_EI,B_60,T,TOTAL,PC,UK,2006,30.1
A,MED_EI,B_60,T,TOTAL,PC,UK,2007,29.7
A,MED_EI,B_60,T,TOTAL,PC,UK,2008,28.9
A,MED_EI,B_60,T,TOTAL,PC,UK,2009,30.4
A,MED_EI,B_60,T,TOTAL,PC,UK,2010,31.0
A,MED_EI,B_60,T,TOTAL,PC,UK,2011,30.5
A,MED_EI,B_60,T,TOTAL,PC,UK,2012,29.7
A,MED_EI,B_60,T,TOTAL,PC,UK,2013,30.1
A,MED_EI,B_60,T,TOTAL,PC,UK,2014,29.4
A,MED_EI,B_60,T,TOTAL,PC,UK,2015,29.3
A,MED_EI,B_60,T,TOTAL,PC,UK,2016,28.1
A,MED_EI,B_60,T,TOTAL,PC,UK,2017,29.2
A,MED_EI,B_60,T,TOTAL,PC,UK,2018,29.1
A,MED_EI,B_60,T,TOTAL,PC,XK,2018,31.6
A,MED_EI,B_60,T,TOTAL,PC,XK,2019,32.2
