freq,unit,asset10,geo,time,value
A,PC_GDP,N111G,AL,1995,7.0
A,PC_GDP,N111G,AL,1996,6.9
A,PC_GDP,N111G,AL,1997,6.3
A,PC_GDP,N111G,AL,1998,7.0
A,PC_GDP,N111G,AL,1999,7.2
A,PC_GDP,N111G,AL,2000,10.1
A,PC_GDP,N111G,AL,2001,12.1
A,PC_GDP,N111G,AL,2002,12.3
A,PC_GDP,N111G,AL,2003,13.2
A,PC_GDP,N111G,AL,2004,15.1
A,PC_GDP,N111G,AL,2005,17.1
A,PC_GDP,N111G,AL,2006,23.1
A,PC_GDP,N111G,AL,2007,19.3
A,PC_GDP,N111G,AL,2008,17.4
A,PC_GDP,N111G,AL,2009,15.6
A,PC_GDP,N111G,AL,2010,13.9
A,PC_GDP,N111G,AL,2011,15.4
A,PC_GDP,N111G,AL,2012,13.7
A,PC_GDP,N111G,AL,2013,11.9
A,PC_GDP,N111G,AL,2014,10.6
A,PC_GDP,N111G,AL,2015,10.5
A,PC_GDP,N111G,AL,2016,9.2
A,PC_GDP,N111G,AL,2017,9.4
A,PC_GDP,N111G,AL,2018,7.9
A,PC_GDP,N111G,AL,2019,7.1
A,PC_GDP,N111G,AL,2020,7.9
A,PC_GDP,N111G,AL,2021,8.6
A,PC_GDP,N111G,AL,2022,7.8
A,PC_GDP,N111G,AL,2023,7.5
A,PC_GDP,N111G,AL,2024,7.7
A,PC_GDP,N111G,AT,1995,5.7
A,PC_GDP,N111G,AT,1996,5.7
A,PC_GDP,N111G,AT,1997,5.6
A,PC_GDP,N111G,AT,1998,5.7
A,PC_GDP,N111G,AT,1999,5.6
A,PC_GDP,N111G,AT,2000,5.4
A,PC_GDP,N111G,AT,2001,5.0
A,PC_GDP,N111G,AT,2002,4.5
A,PC_GDP,N111G,AT,2003,4.3
A,PC_GDP,N111G,AT,2004,4.3
A,PC_GDP,N111G,AT,2005,4.2
A,PC_GDP,N111G,AT,2006,4.3
A,PC_GDP,N111G,AT,2007,4.6
A,PC_GDP,N111G,AT,2008,5.2
A,PC_GDP,N111G,AT,2009,5.5
A,PC_GDP,N111G,AT,2010,5.0
A,PC_GDP,N111G,AT,2011,4.6
A,PC_GDP,N111G,AT,2012,4.8
A,PC_GDP,N111G,AT,2013,5.0
A,PC_GDP,N111G,AT,2014,5.0
A,PC_GDP,N111G,AT,2015,5.2
A,PC_GDP,N111G,AT,2016,5.3
A,PC_GDP,N111G,AT,2017,5.5
A,PC_GDP,N111G,AT,2018,5.7
A,PC_GDP,N111G,AT,2019,5.8
A,PC_GDP,N111G,AT,2020,6.0
A,PC_GDP,N111G,AT,2021,6.3
A,PC_GDP,N111G,AT,2022,6.4
A,PC_GDP,N111G,AT,2023,5.8
A,PC_GDP,N111G,AT,2024,5.6
A,PC_GDP,N111G,AT,2025,5.1
A,PC_GDP,N111G,BA,2000,5.8
A,PC_GDP,N111G,BA,2001,4.9
A,PC_GDP,N111G,BA,2002,4.5
A,PC_GDP,N111G,BA,2003,4.4
A,PC_GDP,N111G,BA,2004,3.9
A,PC_GDP,N111G,BA,2005,4.4
A,PC_GDP,N111G,BA,2006,4.4
A,PC_GDP,N111G,BA,2007,4.3
A,PC_GDP,N111G,BA,2008,4.9
A,PC_GDP,N111G,BA,2009,4.9
A,PC_GDP,N111G,BA,2010,4.9
A,PC_GDP,N111G,BA,2011,3.8
A,PC_GDP,N111G,BA,2012,3.7
A,PC_GDP,N111G,BA,2013,3.3
A,PC_GDP,N111G,BA,2014,3.6
A,PC_GDP,N111G,BA,2015,3.1
A,PC_GDP,N111G,BA,2016,3.3
A,PC_GDP,N111G,BA,2017,3.3
A,PC_GDP,N111G,BA,2018,3.3
A,PC_GDP,N111G,BA,2019,3.3
A,PC_GDP,N111G,BA,2020,2.7
A,PC_GDP,N111G,BA,2021,2.6
A,PC_GDP,N111G,BA,2022,2.3
A,PC_GDP,N111G,BA,2023,2.4
A,PC_GDP,N111G,BA,2024,2.4
A,PC_GDP,N111G,BA,2025,2.4
A,PC_GDP,N111G,BE,1995,5.9
A,PC_GDP,N111G,BE,1996,5.4
A,PC_GDP,N111G,BE,1997,5.6
A,PC_GDP,N111G,BE,1998,5.2
A,PC_GDP,N111G,BE,1999,5.3
A,PC_GDP,N111G,BE,2000,5.1
A,PC_GDP,N111G,BE,2001,5.0
A,PC_GDP,N111G,BE,2002,4.7
A,PC_GDP,N111G,BE,2003,4.8
A,PC_GDP,N111G,BE,2004,5.2
A,PC_GDP,N111G,BE,2005,5.7
A,PC_GDP,N111G,BE,2006,6.2
A,PC_GDP,N111G,BE,2007,6.3
A,PC_GDP,N111G,BE,2008,6.5
A,PC_GDP,N111G,BE,2009,5.9
A,PC_GDP,N111G,BE,2010,5.9
A,PC_GDP,N111G,BE,2011,5.8
A,PC_GDP,N111G,BE,2012,5.9
A,PC_GDP,N111G,BE,2013,5.7
A,PC_GDP,N111G,BE,2014,5.9
A,PC_GDP,N111G,BE,2015,5.7
A,PC_GDP,N111G,BE,2016,5.8
A,PC_GDP,N111G,BE,2017,5.8
A,PC_GDP,N111G,BE,2018,5.8
A,PC_GDP,N111G,BE,2019,5.9
A,PC_GDP,N111G,BE,2020,6.0
A,PC_GDP,N111G,BE,2021,6.1
A,PC_GDP,N111G,BE,2022,5.9
A,PC_GDP,N111G,BE,2023,5.6
A,PC_GDP,N111G,BE,2024,5.3
A,PC_GDP,N111G,BE,2025,4.8
A,PC_GDP,N111G,BG,1995,1.4
A,PC_GDP,N111G,BG,1996,0.4
A,PC_GDP,N111G,BG,1997,0.8
A,PC_GDP,N111G,BG,1998,1.2
A,PC_GDP,N111G,BG,1999,1.5
A,PC_GDP,N111G,BG,2000,1.5
A,PC_GDP,N111G,BG,2001,1.7
A,PC_GDP,N111G,BG,2002,2.0
A,PC_GDP,N111G,BG,2003,2.0
A,PC_GDP,N111G,BG,2004,2.0
A,PC_GDP,N111G,BG,2005,3.0
A,PC_GDP,N111G,BG,2006,5.5
A,PC_GDP,N111G,BG,2007,5.0
A,PC_GDP,N111G,BG,2008,5.8
A,PC_GDP,N111G,BG,2009,4.7
A,PC_GDP,N111G,BG,2010,2.7
A,PC_GDP,N111G,BG,2011,2.2
A,PC_GDP,N111G,BG,2012,1.7
A,PC_GDP,N111G,BG,2013,1.7
A,PC_GDP,N111G,BG,2014,1.6
A,PC_GDP,N111G,BG,2015,1.4
A,PC_GDP,N111G,BG,2016,2.7
A,PC_GDP,N111G,BG,2017,2.8
A,PC_GDP,N111G,BG,2018,2.7
A,PC_GDP,N111G,BG,2019,2.8
A,PC_GDP,N111G,BG,2020,2.9
A,PC_GDP,N111G,BG,2021,2.7
A,PC_GDP,N111G,BG,2022,2.8
A,PC_GDP,N111G,BG,2023,2.8
A,PC_GDP,N111G,BG,2024,3.9
A,PC_GDP,N111G,BG,2025,4.2
A,PC_GDP,N111G,CH,1995,5.4
A,PC_GDP,N111G,CH,1996,4.7
A,PC_GDP,N111G,CH,1997,4.3
A,PC_GDP,N111G,CH,1998,4.3
A,PC_GDP,N111G,CH,1999,4.2
A,PC_GDP,N111G,CH,2000,4.0
A,PC_GDP,N111G,CH,2001,3.9
A,PC_GDP,N111G,CH,2002,3.8
A,PC_GDP,N111G,CH,2003,4.3
A,PC_GDP,N111G,CH,2004,4.6
A,PC_GDP,N111G,CH,2005,4.8
A,PC_GDP,N111G,CH,2006,4.6
A,PC_GDP,N111G,CH,2007,4.3
A,PC_GDP,N111G,CH,2008,4.3
A,PC_GDP,N111G,CH,2009,4.5
A,PC_GDP,N111G,CH,2010,4.6
A,PC_GDP,N111G,CH,2011,4.9
A,PC_GDP,N111G,CH,2012,4.9
A,PC_GDP,N111G,CH,2013,5.0
A,PC_GDP,N111G,CH,2014,5.0
A,PC_GDP,N111G,CH,2015,5.1
A,PC_GDP,N111G,CH,2016,5.1
A,PC_GDP,N111G,CH,2017,5.0
A,PC_GDP,N111G,CH,2018,4.8
A,PC_GDP,N111G,CH,2019,4.6
A,PC_GDP,N111G,CH,2020,4.7
A,PC_GDP,N111G,CH,2021,4.4
A,PC_GDP,N111G,CH,2022,4.2
A,PC_GDP,N111G,CH,2023,4.0
A,PC_GDP,N111G,CH,2024,3.8
A,PC_GDP,N111G,CY,1995,8.0
A,PC_GDP,N111G,CY,1996,8.6
A,PC_GDP,N111G,CY,1997,7.9
A,PC_GDP,N111G,CY,1998,7.1
A,PC_GDP,N111G,CY,1999,6.9
A,PC_GDP,N111G,CY,2000,6.7
A,PC_GDP,N111G,CY,2001,6.4
A,PC_GDP,N111G,CY,2002,6.8
A,PC_GDP,N111G,CY,2003,8.0
A,PC_GDP,N111G,CY,2004,8.9
A,PC_GDP,N111G,CY,2005,10.3
A,PC_GDP,N111G,CY,2006,11.9
A,PC_GDP,N111G,CY,2007,12.3
A,PC_GDP,N111G,CY,2008,12.1
A,PC_GDP,N111G,CY,2009,9.8
A,PC_GDP,N111G,CY,2010,8.0
A,PC_GDP,N111G,CY,2011,6.2
A,PC_GDP,N111G,CY,2012,4.9
A,PC_GDP,N111G,CY,2013,4.1
A,PC_GDP,N111G,CY,2014,3.9
A,PC_GDP,N111G,CY,2015,3.6
A,PC_GDP,N111G,CY,2016,4.4
A,PC_GDP,N111G,CY,2017,5.0
A,PC_GDP,N111G,CY,2018,6.4
A,PC_GDP,N111G,CY,2019,7.5
A,PC_GDP,N111G,CY,2020,7.9
A,PC_GDP,N111G,CY,2021,8.0
A,PC_GDP,N111G,CY,2022,8.4
A,PC_GDP,N111G,CY,2023,7.9
A,PC_GDP,N111G,CY,2024,8.0
A,PC_GDP,N111G,CY,2025,8.2
A,PC_GDP,N111G,CZ,1995,3.6
A,PC_GDP,N111G,CZ,1996,4.1
A,PC_GDP,N111G,CZ,1997,4.3
A,PC_GDP,N111G,CZ,1998,4.7
A,PC_GDP,N111G,CZ,1999,4.8
A,PC_GDP,N111G,CZ,2000,4.8
A,PC_GDP,N111G,CZ,2001,4.6
A,PC_GDP,N111G,CZ,2002,4.5
A,PC_GDP,N111G,CZ,2003,4.8
A,PC_GDP,N111G,CZ,2004,4.9
A,PC_GDP,N111G,CZ,2005,4.9
A,PC_GDP,N111G,CZ,2006,4.9
A,PC_GDP,N111G,CZ,2007,5.5
A,PC_GDP,N111G,CZ,2008,5.1
A,PC_GDP,N111G,CZ,2009,5.3
A,PC_GDP,N111G,CZ,2010,5.1
A,PC_GDP,N111G,CZ,2011,4.8
A,PC_GDP,N111G,CZ,2012,4.6
A,PC_GDP,N111G,CZ,2013,4.2
A,PC_GDP,N111G,CZ,2014,4.2
A,PC_GDP,N111G,CZ,2015,4.3
A,PC_GDP,N111G,CZ,2016,4.4
A,PC_GDP,N111G,CZ,2017,4.9
A,PC_GDP,N111G,CZ,2018,5.2
A,PC_GDP,N111G,CZ,2019,5.2
A,PC_GDP,N111G,CZ,2020,5.6
A,PC_GDP,N111G,CZ,2021,6.0
A,PC_GDP,N111G,CZ,2022,6.3
A,PC_GDP,N111G,CZ,2023,6.1
A,PC_GDP,N111G,CZ,2024,5.7
A,PC_GDP,N111G,CZ,2025,5.8
A,PC_GDP,N111G,DE,1995,7.6
A,PC_GDP,N111G,DE,1996,7.4
A,PC_GDP,N111G,DE,1997,7.3
A,PC_GDP,N111G,DE,1998,7.1
A,PC_GDP,N111G,DE,1999,7.0
A,PC_GDP,N111G,DE,2000,6.6
A,PC_GDP,N111G,DE,2001,6.0
A,PC_GDP,N111G,DE,2002,5.6
A,PC_GDP,N111G,DE,2003,5.4
A,PC_GDP,N111G,DE,2004,5.2
A,PC_GDP,N111G,DE,2005,5.0
A,PC_GDP,N111G,DE,2006,5.1
A,PC_GDP,N111G,DE,2007,5.1
A,PC_GDP,N111G,DE,2008,5.0
A,PC_GDP,N111G,DE,2009,5.1
A,PC_GDP,N111G,DE,2010,5.1
A,PC_GDP,N111G,DE,2011,5.5
A,PC_GDP,N111G,DE,2012,5.8
A,PC_GDP,N111G,DE,2013,5.7
A,PC_GDP,N111G,DE,2014,5.8
A,PC_GDP,N111G,DE,2015,5.7
A,PC_GDP,N111G,DE,2016,5.9
A,PC_GDP,N111G,DE,2017,5.9
A,PC_GDP,N111G,DE,2018,6.1
A,PC_GDP,N111G,DE,2019,6.3
A,PC_GDP,N111G,DE,2020,6.9
A,PC_GDP,N111G,DE,2021,6.8
A,PC_GDP,N111G,DE,2022,6.9
A,PC_GDP,N111G,DE,2023,6.6
A,PC_GDP,N111G,DE,2024,6.2
A,PC_GDP,N111G,DE,2025,6.1
A,PC_GDP,N111G,DK,1995,3.8
A,PC_GDP,N111G,DK,1996,3.9
A,PC_GDP,N111G,DK,1997,4.2
A,PC_GDP,N111G,DK,1998,4.2
A,PC_GDP,N111G,DK,1999,4.3
A,PC_GDP,N111G,DK,2000,4.7
A,PC_GDP,N111G,DK,2001,4.2
A,PC_GDP,N111G,DK,2002,4.3
A,PC_GDP,N111G,DK,2003,4.9
A,PC_GDP,N111G,DK,2004,5.3
A,PC_GDP,N111G,DK,2005,6.0
A,PC_GDP,N111G,DK,2006,6.7
A,PC_GDP,N111G,DK,2007,6.5
A,PC_GDP,N111G,DK,2008,5.4
A,PC_GDP,N111G,DK,2009,4.2
A,PC_GDP,N111G,DK,2010,3.7
A,PC_GDP,N111G,DK,2011,4.3
A,PC_GDP,N111G,DK,2012,4.1
A,PC_GDP,N111G,DK,2013,3.7
A,PC_GDP,N111G,DK,2014,3.8
A,PC_GDP,N111G,DK,2015,4.0
A,PC_GDP,N111G,DK,2016,4.2
A,PC_GDP,N111G,DK,2017,4.7
A,PC_GDP,N111G,DK,2018,4.8
A,PC_GDP,N111G,DK,2019,5.1
A,PC_GDP,N111G,DK,2020,5.8
A,PC_GDP,N111G,DK,2021,6.2
A,PC_GDP,N111G,DK,2022,5.9
A,PC_GDP,N111G,DK,2023,5.0
A,PC_GDP,N111G,DK,2024,4.2
A,PC_GDP,N111G,DK,2025,3.8
A,PC_GDP,N111G,EA,1995,6.2
A,PC_GDP,N111G,EA,1996,6.1
A,PC_GDP,N111G,EA,1997,6.0
A,PC_GDP,N111G,EA,1998,6.0
A,PC_GDP,N111G,EA,1999,6.1
A,PC_GDP,N111G,EA,2000,6.1
A,PC_GDP,N111G,EA,2001,6.0
A,PC_GDP,N111G,EA,2002,5.9
A,PC_GDP,N111G,EA,2003,6.0
A,PC_GDP,N111G,EA,2004,6.2
A,PC_GDP,N111G,EA,2005,6.4
A,PC_GDP,N111G,EA,2006,6.7
A,PC_GDP,N111G,EA,2007,6.7
A,PC_GDP,N111G,EA,2008,6.4
A,PC_GDP,N111G,EA,2009,5.8
A,PC_GDP,N111G,EA,2010,5.5
A,PC_GDP,N111G,EA,2011,5.4
A,PC_GDP,N111G,EA,2012,5.2
A,PC_GDP,N111G,EA,2013,5.0
A,PC_GDP,N111G,EA,2014,5.0
A,PC_GDP,N111G,EA,2015,4.8
A,PC_GDP,N111G,EA,2016,5.0
A,PC_GDP,N111G,EA,2017,5.2
A,PC_GDP,N111G,EA,2018,5.4
A,PC_GDP,N111G,EA,2019,5.5
A,PC_GDP,N111G,EA,2020,5.7
A,PC_GDP,N111G,EA,2021,6.1
A,PC_GDP,N111G,EA,2022,6.3
A,PC_GDP,N111G,EA,2023,6.1
A,PC_GDP,N111G,EA,2024,5.4
A,PC_GDP,N111G,EA,2025,5.3
A,PC_GDP,N111G,EA12,1995,6.3
A,PC_GDP,N111G,EA12,1996,6.1
A,PC_GDP,N111G,EA12,1997,6.0
A,PC_GDP,N111G,EA12,1998,6.0
A,PC_GDP,N111G,EA12,1999,6.1
A,PC_GDP,N111G,EA12,2000,6.2
A,PC_GDP,N111G,EA12,2001,6.0
A,PC_GDP,N111G,EA12,2002,5.9
A,PC_GDP,N111G,EA12,2003,6.0
A,PC_GDP,N111G,EA12,2004,6.2
A,PC_GDP,N111G,EA12,2005,6.4
A,PC_GDP,N111G,EA12,2006,6.7
A,PC_GDP,N111G,EA12,2007,6.7
A,PC_GDP,N111G,EA12,2008,6.4
A,PC_GDP,N111G,EA12,2009,5.8
A,PC_GDP,N111G,EA12,2010,5.6
A,PC_GDP,N111G,EA12,2011,5.4
A,PC_GDP,N111G,EA12,2012,5.3
A,PC_GDP,N111G,EA12,2013,5.1
A,PC_GDP,N111G,EA12,2014,5.0
A,PC_GDP,N111G,EA12,2015,4.9
A,PC_GDP,N111G,EA12,2016,5.1
A,PC_GDP,N111G,EA12,2017,5.2
A,PC_GDP,N111G,EA12,2018,5.4
A,PC_GDP,N111G,EA12,2019,5.5
A,PC_GDP,N111G,EA12,2020,5.8
A,PC_GDP,N111G,EA12,2021,6.1
A,PC_GDP,N111G,EA12,2022,6.3
A,PC_GDP,N111G,EA12,2023,6.2
A,PC_GDP,N111G,EA12,2024,5.5
A,PC_GDP,N111G,EA12,2025,5.4
A,PC_GDP,N111G,EA19,1995,6.2
A,PC_GDP,N111G,EA19,1996,6.1
A,PC_GDP,N111G,EA19,1997,6.0
A,PC_GDP,N111G,EA19,1998,6.0
A,PC_GDP,N111G,EA19,1999,6.1
A,PC_GDP,N111G,EA19,2000,6.1
A,PC_GDP,N111G,EA19,2001,5.9
A,PC_GDP,N111G,EA19,2002,5.9
A,PC_GDP,N111G,EA19,2003,6.0
A,PC_GDP,N111G,EA19,2004,6.2
A,PC_GDP,N111G,EA19,2005,6.4
A,PC_GDP,N111G,EA19,2006,6.7
A,PC_GDP,N111G,EA19,2007,6.7
A,PC_GDP,N111G,EA19,2008,6.4
A,PC_GDP,N111G,EA19,2009,5.8
A,PC_GDP,N111G,EA19,2010,5.5
A,PC_GDP,N111G,EA19,2011,5.4
A,PC_GDP,N111G,EA19,2012,5.2
A,PC_GDP,N111G,EA19,2013,5.0
A,PC_GDP,N111G,EA19,2014,5.0
A,PC_GDP,N111G,EA19,2015,4.8
A,PC_GDP,N111G,EA19,2016,5.0
A,PC_GDP,N111G,EA19,2017,5.2
A,PC_GDP,N111G,EA19,2018,5.4
A,PC_GDP,N111G,EA19,2019,5.5
A,PC_GDP,N111G,EA19,2020,5.7
A,PC_GDP,N111G,EA19,2021,6.1
A,PC_GDP,N111G,EA19,2022,6.3
A,PC_GDP,N111G,EA19,2023,6.1
A,PC_GDP,N111G,EA19,2024,5.4
A,PC_GDP,N111G,EA19,2025,5.4
A,PC_GDP,N111G,EA20,1995,6.2
A,PC_GDP,N111G,EA20,1996,6.1
A,PC_GDP,N111G,EA20,1997,6.0
A,PC_GDP,N111G,EA20,1998,6.0
A,PC_GDP,N111G,EA20,1999,6.1
A,PC_GDP,N111G,EA20,2000,6.1
A,PC_GDP,N111G,EA20,2001,5.9
A,PC_GDP,N111G,EA20,2002,5.8
A,PC_GDP,N111G,EA20,2003,6.0
A,PC_GDP,N111G,EA20,2004,6.1
A,PC_GDP,N111G,EA20,2005,6.3
A,PC_GDP,N111G,EA20,2006,6.7
A,PC_GDP,N111G,EA20,2007,6.7
A,PC_GDP,N111G,EA20,2008,6.4
A,PC_GDP,N111G,EA20,2009,5.8
A,PC_GDP,N111G,EA20,2010,5.5
A,PC_GDP,N111G,EA20,2011,5.4
A,PC_GDP,N111G,EA20,2012,5.2
A,PC_GDP,N111G,EA20,2013,5.0
A,PC_GDP,N111G,EA20,2014,5.0
A,PC_GDP,N111G,EA20,2015,4.8
A,PC_GDP,N111G,EA20,2016,5.0
A,PC_GDP,N111G,EA20,2017,5.2
A,PC_GDP,N111G,EA20,2018,5.4
A,PC_GDP,N111G,EA20,2019,5.5
A,PC_GDP,N111G,EA20,2020,5.7
A,PC_GDP,N111G,EA20,2021,6.1
A,PC_GDP,N111G,EA20,2022,6.3
A,PC_GDP,N111G,EA20,2023,6.1
A,PC_GDP,N111G,EA20,2024,5.4
A,PC_GDP,N111G,EA20,2025,5.3
A,PC_GDP,N111G,EA21,1995,6.2
A,PC_GDP,N111G,EA21,1996,6.1
A,PC_GDP,N111G,EA21,1997,6.0
A,PC_GDP,N111G,EA21,1998,6.0
A,PC_GDP,N111G,EA21,1999,6.1
A,PC_GDP,N111G,EA21,2000,6.1
A,PC_GDP,N111G,EA21,2001,5.9
A,PC_GDP,N111G,EA21,2002,5.8
A,PC_GDP,N111G,EA21,2003,6.0
A,PC_GDP,N111G,EA21,2004,6.1
A,PC_GDP,N111G,EA21,2005,6.3
A,PC_GDP,N111G,EA21,2006,6.7
A,PC_GDP,N111G,EA21,2007,6.7
A,PC_GDP,N111G,EA21,2008,6.4
A,PC_GDP,N111G,EA21,2009,5.8
A,PC_GDP,N111G,EA21,2010,5.5
A,PC_GDP,N111G,EA21,2011,5.4
A,PC_GDP,N111G,EA21,2012,5.2
A,PC_GDP,N111G,EA21,2013,5.0
A,PC_GDP,N111G,EA21,2014,4.9
A,PC_GDP,N111G,EA21,2015,4.8
A,PC_GDP,N111G,EA21,2016,5.0
A,PC_GDP,N111G,EA21,2017,5.1
A,PC_GDP,N111G,EA21,2018,5.4
A,PC_GDP,N111G,EA21,2019,5.5
A,PC_GDP,N111G,EA21,2020,5.7
A,PC_GDP,N111G,EA21,2021,6.1
A,PC_GDP,N111G,EA21,2022,6.2
A,PC_GDP,N111G,EA21,2023,6.1
A,PC_GDP,N111G,EA21,2024,5.4
A,PC_GDP,N111G,EA21,2025,5.3
A,PC_GDP,N111G,EE,1995,2.6
A,PC_GDP,N111G,EE,1996,2.9
A,PC_GDP,N111G,EE,1997,3.1
A,PC_GDP,N111G,EE,1998,2.6
A,PC_GDP,N111G,EE,1999,2.5
A,PC_GDP,N111G,EE,2000,2.0
A,PC_GDP,N111G,EE,2001,2.1
A,PC_GDP,N111G,EE,2002,2.5
A,PC_GDP,N111G,EE,2003,3.2
A,PC_GDP,N111G,EE,2004,3.8
A,PC_GDP,N111G,EE,2005,4.8
A,PC_GDP,N111G,EE,2006,6.7
A,PC_GDP,N111G,EE,2007,6.0
A,PC_GDP,N111G,EE,2008,4.3
A,PC_GDP,N111G,EE,2009,3.1
A,PC_GDP,N111G,EE,2010,2.7
A,PC_GDP,N111G,EE,2011,2.7
A,PC_GDP,N111G,EE,2012,2.9
A,PC_GDP,N111G,EE,2013,3.3
A,PC_GDP,N111G,EE,2014,3.8
A,PC_GDP,N111G,EE,2015,3.9
A,PC_GDP,N111G,EE,2016,4.3
A,PC_GDP,N111G,EE,2017,4.5
A,PC_GDP,N111G,EE,2018,4.4
A,PC_GDP,N111G,EE,2019,4.8
A,PC_GDP,N111G,EE,2020,5.3
A,PC_GDP,N111G,EE,2021,4.8
A,PC_GDP,N111G,EE,2022,5.0
A,PC_GDP,N111G,EE,2023,4.9
A,PC_GDP,N111G,EE,2024,4.3
A,PC_GDP,N111G,EE,2025,4.6
A,PC_GDP,N111G,EL,1995,8.4
A,PC_GDP,N111G,EL,1996,8.5
A,PC_GDP,N111G,EL,1997,7.5
A,PC_GDP,N111G,EL,1998,9.1
A,PC_GDP,N111G,EL,1999,9.2
A,PC_GDP,N111G,EL,2000,9.3
A,PC_GDP,N111G,EL,2001,8.2
A,PC_GDP,N111G,EL,2002,8.3
A,PC_GDP,N111G,EL,2003,9.2
A,PC_GDP,N111G,EL,2004,10.2
A,PC_GDP,N111G,EL,2005,9.0
A,PC_GDP,N111G,EL,2006,10.2
A,PC_GDP,N111G,EL,2007,11.0
A,PC_GDP,N111G,EL,2008,8.2
A,PC_GDP,N111G,EL,2009,6.6
A,PC_GDP,N111G,EL,2010,5.2
A,PC_GDP,N111G,EL,2011,4.9
A,PC_GDP,N111G,EL,2012,3.3
A,PC_GDP,N111G,EL,2013,2.4
A,PC_GDP,N111G,EL,2014,1.1
A,PC_GDP,N111G,EL,2015,0.8
A,PC_GDP,N111G,EL,2016,0.7
A,PC_GDP,N111G,EL,2017,0.6
A,PC_GDP,N111G,EL,2018,0.7
A,PC_GDP,N111G,EL,2019,0.8
A,PC_GDP,N111G,EL,2020,1.1
A,PC_GDP,N111G,EL,2021,1.3
A,PC_GDP,N111G,EL,2022,2.0
A,PC_GDP,N111G,EL,2023,2.3
A,PC_GDP,N111G,EL,2024,2.6
A,PC_GDP,N111G,EL,2025,3.1
A,PC_GDP,N111G,ES,1995,6.0
A,PC_GDP,N111G,ES,1996,6.2
A,PC_GDP,N111G,ES,1997,6.2
A,PC_GDP,N111G,ES,1998,6.5
A,PC_GDP,N111G,ES,1999,7.1
A,PC_GDP,N111G,ES,2000,8.7
A,PC_GDP,N111G,ES,2001,9.0
A,PC_GDP,N111G,ES,2002,9.5
A,PC_GDP,N111G,ES,2003,10.2
A,PC_GDP,N111G,ES,2004,10.7
A,PC_GDP,N111G,ES,2005,11.3
A,PC_GDP,N111G,ES,2006,11.7
A,PC_GDP,N111G,ES,2007,11.4
A,PC_GDP,N111G,ES,2008,9.9
A,PC_GDP,N111G,ES,2009,7.7
A,PC_GDP,N111G,ES,2010,6.5
A,PC_GDP,N111G,ES,2011,5.3
A,PC_GDP,N111G,ES,2012,4.6
A,PC_GDP,N111G,ES,2013,3.8
A,PC_GDP,N111G,ES,2014,4.1
A,PC_GDP,N111G,ES,2015,3.9
A,PC_GDP,N111G,ES,2016,4.2
A,PC_GDP,N111G,ES,2017,4.7
A,PC_GDP,N111G,ES,2018,5.3
A,PC_GDP,N111G,ES,2019,5.6
A,PC_GDP,N111G,ES,2020,5.8
A,PC_GDP,N111G,ES,2021,5.6
A,PC_GDP,N111G,ES,2022,6.0
A,PC_GDP,N111G,ES,2023,5.8
A,PC_GDP,N111G,ES,2024,5.7
A,PC_GDP,N111G,ES,2025,5.8
A,PC_GDP,N111G,EU27_2020,1995,5.9
A,PC_GDP,N111G,EU27_2020,1996,5.8
A,PC_GDP,N111G,EU27_2020,1997,5.7
A,PC_GDP,N111G,EU27_2020,1998,5.7
A,PC_GDP,N111G,EU27_2020,1999,5.8
A,PC_GDP,N111G,EU27_2020,2000,5.8
A,PC_GDP,N111G,EU27_2020,2001,5.6
A,PC_GDP,N111G,EU27_2020,2002,5.6
A,PC_GDP,N111G,EU27_2020,2003,5.7
A,PC_GDP,N111G,EU27_2020,2004,5.9
A,PC_GDP,N111G,EU27_2020,2005,6.1
A,PC_GDP,N111G,EU27_2020,2006,6.4
A,PC_GDP,N111G,EU27_2020,2007,6.4
A,PC_GDP,N111G,EU27_2020,2008,6.1
A,PC_GDP,N111G,EU27_2020,2009,5.5
A,PC_GDP,N111G,EU27_2020,2010,5.3
A,PC_GDP,N111G,EU27_2020,2011,5.1
A,PC_GDP,N111G,EU27_2020,2012,5.0
A,PC_GDP,N111G,EU27_2020,2013,4.8
A,PC_GDP,N111G,EU27_2020,2014,4.8
A,PC_GDP,N111G,EU27_2020,2015,4.7
A,PC_GDP,N111G,EU27_2020,2016,4.9
A,PC_GDP,N111G,EU27_2020,2017,5.0
A,PC_GDP,N111G,EU27_2020,2018,5.1
A,PC_GDP,N111G,EU27_2020,2019,5.2
A,PC_GDP,N111G,EU27_2020,2020,5.5
A,PC_GDP,N111G,EU27_2020,2021,5.8
A,PC_GDP,N111G,EU27_2020,2022,6.0
A,PC_GDP,N111G,EU27_2020,2023,5.8
A,PC_GDP,N111G,EU27_2020,2024,5.1
A,PC_GDP,N111G,EU27_2020,2025,5.0
A,PC_GDP,N111G,FI,1995,4.5
A,PC_GDP,N111G,FI,1996,4.5
A,PC_GDP,N111G,FI,1997,4.9
A,PC_GDP,N111G,FI,1998,5.3
A,PC_GDP,N111G,FI,1999,5.7
A,PC_GDP,N111G,FI,2000,6.1
A,PC_GDP,N111G,FI,2001,5.3
A,PC_GDP,N111G,FI,2002,5.1
A,PC_GDP,N111G,FI,2003,5.5
A,PC_GDP,N111G,FI,2004,6.0
A,PC_GDP,N111G,FI,2005,6.4
A,PC_GDP,N111G,FI,2006,6.6
A,PC_GDP,N111G,FI,2007,6.5
A,PC_GDP,N111G,FI,2008,6.0
A,PC_GDP,N111G,FI,2009,5.4
A,PC_GDP,N111G,FI,2010,6.3
A,PC_GDP,N111G,FI,2011,6.6
A,PC_GDP,N111G,FI,2012,6.7
A,PC_GDP,N111G,FI,2013,6.4
A,PC_GDP,N111G,FI,2014,6.0
A,PC_GDP,N111G,FI,2015,6.0
A,PC_GDP,N111G,FI,2016,6.6
A,PC_GDP,N111G,FI,2017,6.7
A,PC_GDP,N111G,FI,2018,7.1
A,PC_GDP,N111G,FI,2019,7.0
A,PC_GDP,N111G,FI,2020,7.0
A,PC_GDP,N111G,FI,2021,6.9
A,PC_GDP,N111G,FI,2022,7.1
A,PC_GDP,N111G,FI,2023,5.9
A,PC_GDP,N111G,FI,2024,4.4
A,PC_GDP,N111G,FI,2025,4.3
A,PC_GDP,N111G,FR,1995,5.4
A,PC_GDP,N111G,FR,1996,5.2
A,PC_GDP,N111G,FR,1997,5.3
A,PC_GDP,N111G,FR,1998,5.3
A,PC_GDP,N111G,FR,1999,5.5
A,PC_GDP,N111G,FR,2000,5.4
A,PC_GDP,N111G,FR,2001,5.4
A,PC_GDP,N111G,FR,2002,5.5
A,PC_GDP,N111G,FR,2003,5.7
A,PC_GDP,N111G,FR,2004,5.9
A,PC_GDP,N111G,FR,2005,6.2
A,PC_GDP,N111G,FR,2006,6.6
A,PC_GDP,N111G,FR,2007,6.9
A,PC_GDP,N111G,FR,2008,6.9
A,PC_GDP,N111G,FR,2009,6.4
A,PC_GDP,N111G,FR,2010,6.4
A,PC_GDP,N111G,FR,2011,6.5
A,PC_GDP,N111G,FR,2012,6.4
A,PC_GDP,N111G,FR,2013,6.2
A,PC_GDP,N111G,FR,2014,6.1
A,PC_GDP,N111G,FR,2015,6.0
A,PC_GDP,N111G,FR,2016,6.1
A,PC_GDP,N111G,FR,2017,6.4
A,PC_GDP,N111G,FR,2018,6.5
A,PC_GDP,N111G,FR,2019,6.6
A,PC_GDP,N111G,FR,2020,6.5
A,PC_GDP,N111G,FR,2021,7.2
A,PC_GDP,N111G,FR,2022,7.1
A,PC_GDP,N111G,FR,2023,6.4
A,PC_GDP,N111G,FR,2024,5.9
A,PC_GDP,N111G,FR,2025,5.8
A,PC_GDP,N111G,HR,1995,3.2
A,PC_GDP,N111G,HR,1996,5.2
A,PC_GDP,N111G,HR,1997,6.1
A,PC_GDP,N111G,HR,1998,4.1
A,PC_GDP,N111G,HR,1999,3.5
A,PC_GDP,N111G,HR,2000,3.5
A,PC_GDP,N111G,HR,2001,3.9
A,PC_GDP,N111G,HR,2002,4.2
A,PC_GDP,N111G,HR,2003,4.2
A,PC_GDP,N111G,HR,2004,4.1
A,PC_GDP,N111G,HR,2005,3.4
A,PC_GDP,N111G,HR,2006,3.2
A,PC_GDP,N111G,HR,2007,3.9
A,PC_GDP,N111G,HR,2008,3.7
A,PC_GDP,N111G,HR,2009,3.3
A,PC_GDP,N111G,HR,2010,3.6
A,PC_GDP,N111G,HR,2011,3.4
A,PC_GDP,N111G,HR,2012,3.3
A,PC_GDP,N111G,HR,2013,2.8
A,PC_GDP,N111G,HR,2014,2.7
A,PC_GDP,N111G,HR,2015,2.5
A,PC_GDP,N111G,HR,2016,2.6
A,PC_GDP,N111G,HR,2017,2.4
A,PC_GDP,N111G,HR,2018,2.6
A,PC_GDP,N111G,HR,2019,2.8
A,PC_GDP,N111G,HR,2020,3.1
A,PC_GDP,N111G,HR,2021,3.7
A,PC_GDP,N111G,HR,2022,3.6
A,PC_GDP,N111G,HR,2023,3.4
A,PC_GDP,N111G,HR,2024,4.0
A,PC_GDP,N111G,HR,2025,4.3
A,PC_GDP,N111G,HU,1995,4.0
A,PC_GDP,N111G,HU,1996,4.7
A,PC_GDP,N111G,HU,1997,4.4
A,PC_GDP,N111G,HU,1998,3.4
A,PC_GDP,N111G,HU,1999,3.2
A,PC_GDP,N111G,HU,2000,3.5
A,PC_GDP,N111G,HU,2001,4.4
A,PC_GDP,N111G,HU,2002,4.8
A,PC_GDP,N111G,HU,2003,4.9
A,PC_GDP,N111G,HU,2004,5.3
A,PC_GDP,N111G,HU,2005,4.5
A,PC_GDP,N111G,HU,2006,3.7
A,PC_GDP,N111G,HU,2007,4.0
A,PC_GDP,N111G,HU,2008,4.1
A,PC_GDP,N111G,HU,2009,4.1
A,PC_GDP,N111G,HU,2010,3.1
A,PC_GDP,N111G,HU,2011,2.2
A,PC_GDP,N111G,HU,2012,2.0
A,PC_GDP,N111G,HU,2013,1.8
A,PC_GDP,N111G,HU,2014,1.9
A,PC_GDP,N111G,HU,2015,2.2
A,PC_GDP,N111G,HU,2016,2.4
A,PC_GDP,N111G,HU,2017,2.7
A,PC_GDP,N111G,HU,2018,3.0
A,PC_GDP,N111G,HU,2019,3.2
A,PC_GDP,N111G,HU,2020,4.1
A,PC_GDP,N111G,HU,2021,3.9
A,PC_GDP,N111G,HU,2022,4.7
A,PC_GDP,N111G,HU,2023,4.1
A,PC_GDP,N111G,HU,2024,3.2
A,PC_GDP,N111G,HU,2025,2.8
A,PC_GDP,N111G,IE,1995,5.1
A,PC_GDP,N111G,IE,1996,5.9
A,PC_GDP,N111G,IE,1997,6.6
A,PC_GDP,N111G,IE,1998,7.1
A,PC_GDP,N111G,IE,1999,7.8
A,PC_GDP,N111G,IE,2000,8.1
A,PC_GDP,N111G,IE,2001,8.3
A,PC_GDP,N111G,IE,2002,8.5
A,PC_GDP,N111G,IE,2003,10.2
A,PC_GDP,N111G,IE,2004,11.7
A,PC_GDP,N111G,IE,2005,13.0
A,PC_GDP,N111G,IE,2006,13.5
A,PC_GDP,N111G,IE,2007,11.1
A,PC_GDP,N111G,IE,2008,8.3
A,PC_GDP,N111G,IE,2009,4.7
A,PC_GDP,N111G,IE,2010,3.0
A,PC_GDP,N111G,IE,2011,2.0
A,PC_GDP,N111G,IE,2012,1.5
A,PC_GDP,N111G,IE,2013,1.5
A,PC_GDP,N111G,IE,2014,1.7
A,PC_GDP,N111G,IE,2015,1.4
A,PC_GDP,N111G,IE,2016,1.8
A,PC_GDP,N111G,IE,2017,2.0
A,PC_GDP,N111G,IE,2018,2.3
A,PC_GDP,N111G,IE,2019,2.2
A,PC_GDP,N111G,IE,2020,2.1
A,PC_GDP,N111G,IE,2021,2.4
A,PC_GDP,N111G,IE,2022,2.9
A,PC_GDP,N111G,IE,2023,3.9
A,PC_GDP,N111G,IE,2024,3.6
A,PC_GDP,N111G,IE,2025,4.1
A,PC_GDP,N111G,IS,1995,4.1
A,PC_GDP,N111G,IS,1996,4.3
A,PC_GDP,N111G,IS,1997,3.8
A,PC_GDP,N111G,IS,1998,3.5
A,PC_GDP,N111G,IS,1999,3.4
A,PC_GDP,N111G,IS,2000,3.6
A,PC_GDP,N111G,IS,2001,3.9
A,PC_GDP,N111G,IS,2002,4.6
A,PC_GDP,N111G,IS,2003,4.8
A,PC_GDP,N111G,IS,2004,5.2
A,PC_GDP,N111G,IS,2005,5.4
A,PC_GDP,N111G,IS,2006,6.0
A,PC_GDP,N111G,IS,2007,6.4
A,PC_GDP,N111G,IS,2008,5.0
A,PC_GDP,N111G,IS,2009,2.5
A,PC_GDP,N111G,IS,2010,2.1
A,PC_GDP,N111G,IS,2011,2.2
A,PC_GDP,N111G,IS,2012,2.4
A,PC_GDP,N111G,IS,2013,2.6
A,PC_GDP,N111G,IS,2014,2.8
A,PC_GDP,N111G,IS,2015,2.5
A,PC_GDP,N111G,IS,2016,3.1
A,PC_GDP,N111G,IS,2017,3.7
A,PC_GDP,N111G,IS,2018,4.2
A,PC_GDP,N111G,IS,2019,5.4
A,PC_GDP,N111G,IS,2020,5.8
A,PC_GDP,N111G,IS,2021,5.4
A,PC_GDP,N111G,IS,2022,4.7
A,PC_GDP,N111G,IS,2023,4.5
A,PC_GDP,N111G,IS,2024,5.4
A,PC_GDP,N111G,IS,2025,4.9
A,PC_GDP,N111G,IT,1995,5.2
A,PC_GDP,N111G,IT,1996,4.9
A,PC_GDP,N111G,IT,1997,4.8
A,PC_GDP,N111G,IT,1998,4.7
A,PC_GDP,N111G,IT,1999,4.7
A,PC_GDP,N111G,IT,2000,4.8
A,PC_GDP,N111G,IT,2001,4.7
A,PC_GDP,N111G,IT,2002,4.8
A,PC_GDP,N111G,IT,2003,4.9
A,PC_GDP,N111G,IT,2004,5.1
A,PC_GDP,N111G,IT,2005,5.5
A,PC_GDP,N111G,IT,2006,5.7
A,PC_GDP,N111G,IT,2007,5.8
A,PC_GDP,N111G,IT,2008,5.7
A,PC_GDP,N111G,IT,2009,5.5
A,PC_GDP,N111G,IT,2010,5.5
A,PC_GDP,N111G,IT,2011,5.2
A,PC_GDP,N111G,IT,2012,4.8
A,PC_GDP,N111G,IT,2013,4.6
A,PC_GDP,N111G,IT,2014,4.2
A,PC_GDP,N111G,IT,2015,4.1
A,PC_GDP,N111G,IT,2016,4.0
A,PC_GDP,N111G,IT,2017,4.0
A,PC_GDP,N111G,IT,2018,4.0
A,PC_GDP,N111G,IT,2019,3.9
A,PC_GDP,N111G,IT,2020,3.9
A,PC_GDP,N111G,IT,2021,5.6
A,PC_GDP,N111G,IT,2022,6.4
A,PC_GDP,N111G,IT,2023,7.5
A,PC_GDP,N111G,IT,2024,4.7
A,PC_GDP,N111G,IT,2025,4.4
A,PC_GDP,N111G,LT,1995,2.3
A,PC_GDP,N111G,LT,1996,2.1
A,PC_GDP,N111G,LT,1997,1.7
A,PC_GDP,N111G,LT,1998,1.5
A,PC_GDP,N111G,LT,1999,1.7
A,PC_GDP,N111G,LT,2000,1.8
A,PC_GDP,N111G,LT,2001,1.6
A,PC_GDP,N111G,LT,2002,1.3
A,PC_GDP,N111G,LT,2003,1.4
A,PC_GDP,N111G,LT,2004,2.3
A,PC_GDP,N111G,LT,2005,2.2
A,PC_GDP,N111G,LT,2006,2.5
A,PC_GDP,N111G,LT,2007,2.8
A,PC_GDP,N111G,LT,2008,3.4
A,PC_GDP,N111G,LT,2009,3.3
A,PC_GDP,N111G,LT,2010,2.1
A,PC_GDP,N111G,LT,2011,2.0
A,PC_GDP,N111G,LT,2012,2.0
A,PC_GDP,N111G,LT,2013,2.2
A,PC_GDP,N111G,LT,2014,2.6
A,PC_GDP,N111G,LT,2015,3.2
A,PC_GDP,N111G,LT,2016,3.6
A,PC_GDP,N111G,LT,2017,3.0
A,PC_GDP,N111G,LT,2018,2.8
A,PC_GDP,N111G,LT,2019,3.1
A,PC_GDP,N111G,LT,2020,3.3
A,PC_GDP,N111G,LT,2021,3.2
A,PC_GDP,N111G,LT,2022,3.8
A,PC_GDP,N111G,LT,2023,3.7
A,PC_GDP,N111G,LT,2024,3.6
A,PC_GDP,N111G,LT,2025,3.3
A,PC_GDP,N111G,LU,1995,3.8
A,PC_GDP,N111G,LU,1996,3.5
A,PC_GDP,N111G,LU,1997,3.4
A,PC_GDP,N111G,LU,1998,3.5
A,PC_GDP,N111G,LU,1999,3.1
A,PC_GDP,N111G,LU,2000,2.9
A,PC_GDP,N111G,LU,2001,2.6
A,PC_GDP,N111G,LU,2002,2.6
A,PC_GDP,N111G,LU,2003,2.7
A,PC_GDP,N111G,LU,2004,2.9
A,PC_GDP,N111G,LU,2005,2.7
A,PC_GDP,N111G,LU,2006,3.1
A,PC_GDP,N111G,LU,2007,3.9
A,PC_GDP,N111G,LU,2008,4.1
A,PC_GDP,N111G,LU,2009,3.4
A,PC_GDP,N111G,LU,2010,2.7
A,PC_GDP,N111G,LU,2011,2.8
A,PC_GDP,N111G,LU,2012,2.9
A,PC_GDP,N111G,LU,2013,3.4
A,PC_GDP,N111G,LU,2014,3.6
A,PC_GDP,N111G,LU,2015,3.8
A,PC_GDP,N111G,LU,2016,4.1
A,PC_GDP,N111G,LU,2017,3.6
A,PC_GDP,N111G,LU,2018,3.8
A,PC_GDP,N111G,LU,2019,3.9
A,PC_GDP,N111G,LU,2020,3.9
A,PC_GDP,N111G,LU,2021,3.6
A,PC_GDP,N111G,LU,2022,3.9
A,PC_GDP,N111G,LU,2023,3.7
A,PC_GDP,N111G,LU,2024,3.0
A,PC_GDP,N111G,LU,2025,2.9
A,PC_GDP,N111G,LV,1995,2.4
A,PC_GDP,N111G,LV,1996,3.0
A,PC_GDP,N111G,LV,1997,1.8
A,PC_GDP,N111G,LV,1998,2.1
A,PC_GDP,N111G,LV,1999,2.1
A,PC_GDP,N111G,LV,2000,2.2
A,PC_GDP,N111G,LV,2001,2.0
A,PC_GDP,N111G,LV,2002,1.7
A,PC_GDP,N111G,LV,2003,1.7
A,PC_GDP,N111G,LV,2004,2.5
A,PC_GDP,N111G,LV,2005,3.2
A,PC_GDP,N111G,LV,2006,5.5
A,PC_GDP,N111G,LV,2007,7.6
A,PC_GDP,N111G,LV,2008,6.4
A,PC_GDP,N111G,LV,2009,2.5
A,PC_GDP,N111G,LV,2010,1.7
A,PC_GDP,N111G,LV,2011,2.0
A,PC_GDP,N111G,LV,2012,2.5
A,PC_GDP,N111G,LV,2013,2.3
A,PC_GDP,N111G,LV,2014,2.6
A,PC_GDP,N111G,LV,2015,2.5
A,PC_GDP,N111G,LV,2016,2.1
A,PC_GDP,N111G,LV,2017,2.1
A,PC_GDP,N111G,LV,2018,2.6
A,PC_GDP,N111G,LV,2019,2.6
A,PC_GDP,N111G,LV,2020,2.6
A,PC_GDP,N111G,LV,2021,2.9
A,PC_GDP,N111G,LV,2022,2.6
A,PC_GDP,N111G,LV,2023,2.6
A,PC_GDP,N111G,LV,2024,2.5
A,PC_GDP,N111G,LV,2025,2.5
A,PC_GDP,N111G,MD,2014,16.8
A,PC_GDP,N111G,MD,2015,16.3
A,PC_GDP,N111G,MD,2016,15.0
A,PC_GDP,N111G,MD,2017,15.2
A,PC_GDP,N111G,MD,2018,15.6
A,PC_GDP,N111G,MD,2019,15.5
A,PC_GDP,N111G,MD,2020,15.9
A,PC_GDP,N111G,MD,2021,15.6
A,PC_GDP,N111G,MD,2022,14.1
A,PC_GDP,N111G,MD,2023,12.1
A,PC_GDP,N111G,MD,2024,12.4
A,PC_GDP,N111G,MD,2025,13.2
A,PC_GDP,N111G,ME,2006,4.4
A,PC_GDP,N111G,ME,2007,7.6
A,PC_GDP,N111G,ME,2008,10.2
A,PC_GDP,N111G,ME,2009,8.5
A,PC_GDP,N111G,ME,2010,6.2
A,PC_GDP,N111G,ME,2011,7.4
A,PC_GDP,N111G,ME,2012,7.2
A,PC_GDP,N111G,ME,2013,6.9
A,PC_GDP,N111G,ME,2014,4.2
A,PC_GDP,N111G,ME,2015,3.5
A,PC_GDP,N111G,ME,2016,3.4
A,PC_GDP,N111G,ME,2017,3.6
A,PC_GDP,N111G,ME,2018,4.2
A,PC_GDP,N111G,ME,2019,3.8
A,PC_GDP,N111G,ME,2020,4.6
A,PC_GDP,N111G,ME,2021,3.8
A,PC_GDP,N111G,ME,2022,4.2
A,PC_GDP,N111G,ME,2023,2.9
A,PC_GDP,N111G,ME,2024,3.7
A,PC_GDP,N111G,ME,2025,3.9
A,PC_GDP,N111G,MK,2000,7.2
A,PC_GDP,N111G,MK,2001,8.6
A,PC_GDP,N111G,MK,2002,7.3
A,PC_GDP,N111G,MK,2003,6.9
A,PC_GDP,N111G,MK,2004,7.6
A,PC_GDP,N111G,MK,2005,6.0
A,PC_GDP,N111G,MK,2006,6.6
A,PC_GDP,N111G,MK,2007,6.9
A,PC_GDP,N111G,MK,2008,7.7
A,PC_GDP,N111G,MK,2009,7.2
A,PC_GDP,N111G,MK,2010,6.6
A,PC_GDP,N111G,MK,2011,6.2
A,PC_GDP,N111G,MK,2012,6.1
A,PC_GDP,N111G,MK,2013,5.4
A,PC_GDP,N111G,MK,2014,5.2
A,PC_GDP,N111G,MK,2015,4.9
A,PC_GDP,N111G,MK,2016,4.6
A,PC_GDP,N111G,MK,2017,4.2
A,PC_GDP,N111G,MK,2018,3.9
A,PC_GDP,N111G,MK,2019,3.9
A,PC_GDP,N111G,MK,2020,4.1
A,PC_GDP,N111G,MK,2021,3.8
A,PC_GDP,N111G,MK,2022,4.1
A,PC_GDP,N111G,MK,2023,4.2
A,PC_GDP,N111G,MK,2024,4.2
A,PC_GDP,N111G,MK,2025,4.2
A,PC_GDP,N111G,MT,1995,7.1
A,PC_GDP,N111G,MT,1996,6.8
A,PC_GDP,N111G,MT,1997,6.3
A,PC_GDP,N111G,MT,1998,5.7
A,PC_GDP,N111G,MT,1999,4.8
A,PC_GDP,N111G,MT,2000,5.1
A,PC_GDP,N111G,MT,2001,6.0
A,PC_GDP,N111G,MT,2002,6.2
A,PC_GDP,N111G,MT,2003,7.7
A,PC_GDP,N111G,MT,2004,7.4
A,PC_GDP,N111G,MT,2005,6.8
A,PC_GDP,N111G,MT,2006,5.3
A,PC_GDP,N111G,MT,2007,6.7
A,PC_GDP,N111G,MT,2008,6.3
A,PC_GDP,N111G,MT,2009,6.2
A,PC_GDP,N111G,MT,2010,3.6
A,PC_GDP,N111G,MT,2011,3.7
A,PC_GDP,N111G,MT,2012,5.0
A,PC_GDP,N111G,MT,2013,4.1
A,PC_GDP,N111G,MT,2014,2.9
A,PC_GDP,N111G,MT,2015,2.9
A,PC_GDP,N111G,MT,2016,2.8
A,PC_GDP,N111G,MT,2017,3.1
A,PC_GDP,N111G,MT,2018,4.7
A,PC_GDP,N111G,MT,2019,5.0
A,PC_GDP,N111G,MT,2020,6.1
A,PC_GDP,N111G,MT,2021,6.0
A,PC_GDP,N111G,MT,2022,4.1
A,PC_GDP,N111G,MT,2023,3.8
A,PC_GDP,N111G,MT,2024,3.7
A,PC_GDP,N111G,MT,2025,3.6
A,PC_GDP,N111G,NL,1995,5.3
A,PC_GDP,N111G,NL,1996,5.5
A,PC_GDP,N111G,NL,1997,5.6
A,PC_GDP,N111G,NL,1998,5.5
A,PC_GDP,N111G,NL,1999,5.6
A,PC_GDP,N111G,NL,2000,5.6
A,PC_GDP,N111G,NL,2001,5.8
A,PC_GDP,N111G,NL,2002,5.5
A,PC_GDP,N111G,NL,2003,5.4
A,PC_GDP,N111G,NL,2004,5.7
A,PC_GDP,N111G,NL,2005,5.9
A,PC_GDP,N111G,NL,2006,6.1
A,PC_GDP,N111G,NL,2007,6.2
A,PC_GDP,N111G,NL,2008,6.1
A,PC_GDP,N111G,NL,2009,5.6
A,PC_GDP,N111G,NL,2010,4.6
A,PC_GDP,N111G,NL,2011,4.2
A,PC_GDP,N111G,NL,2012,3.6
A,PC_GDP,N111G,NL,2013,3.0
A,PC_GDP,N111G,NL,2014,3.1
A,PC_GDP,N111G,NL,2015,3.5
A,PC_GDP,N111G,NL,2016,4.2
A,PC_GDP,N111G,NL,2017,4.6
A,PC_GDP,N111G,NL,2018,5.0
A,PC_GDP,N111G,NL,2019,5.2
A,PC_GDP,N111G,NL,2020,5.5
A,PC_GDP,N111G,NL,2021,5.7
A,PC_GDP,N111G,NL,2022,5.5
A,PC_GDP,N111G,NL,2023,5.2
A,PC_GDP,N111G,NL,2024,5.2
A,PC_GDP,N111G,NL,2025,5.4
A,PC_GDP,N111G,NO,1995,3.1
A,PC_GDP,N111G,NO,1996,3.0
A,PC_GDP,N111G,NO,1997,3.3
A,PC_GDP,N111G,NO,1998,3.5
A,PC_GDP,N111G,NO,1999,3.4
A,PC_GDP,N111G,NO,2000,3.2
A,PC_GDP,N111G,NO,2001,3.5
A,PC_GDP,N111G,NO,2002,3.5
A,PC_GDP,N111G,NO,2003,3.6
A,PC_GDP,N111G,NO,2004,4.1
A,PC_GDP,N111G,NO,2005,4.3
A,PC_GDP,N111G,NO,2006,4.3
A,PC_GDP,N111G,NO,2007,4.5
A,PC_GDP,N111G,NO,2008,3.8
A,PC_GDP,N111G,NO,2009,3.8
A,PC_GDP,N111G,NO,2010,3.7
A,PC_GDP,N111G,NO,2011,4.2
A,PC_GDP,N111G,NO,2012,4.6
A,PC_GDP,N111G,NO,2013,4.8
A,PC_GDP,N111G,NO,2014,4.8
A,PC_GDP,N111G,NO,2015,5.1
A,PC_GDP,N111G,NO,2016,5.6
A,PC_GDP,N111G,NO,2017,5.8
A,PC_GDP,N111G,NO,2018,5.2
A,PC_GDP,N111G,NO,2019,5.3
A,PC_GDP,N111G,NO,2020,5.5
A,PC_GDP,N111G,NO,2021,4.9
A,PC_GDP,N111G,NO,2022,4.0
A,PC_GDP,N111G,NO,2023,4.3
A,PC_GDP,N111G,NO,2024,3.9
A,PC_GDP,N111G,NO,2025,3.8
A,PC_GDP,N111G,PL,1995,2.1
A,PC_GDP,N111G,PL,1996,2.1
A,PC_GDP,N111G,PL,1997,2.4
A,PC_GDP,N111G,PL,1998,2.6
A,PC_GDP,N111G,PL,1999,2.8
A,PC_GDP,N111G,PL,2000,3.0
A,PC_GDP,N111G,PL,2001,2.7
A,PC_GDP,N111G,PL,2002,2.7
A,PC_GDP,N111G,PL,2003,2.6
A,PC_GDP,N111G,PL,2004,3.2
A,PC_GDP,N111G,PL,2005,3.4
A,PC_GDP,N111G,PL,2006,3.5
A,PC_GDP,N111G,PL,2007,3.7
A,PC_GDP,N111G,PL,2008,3.8
A,PC_GDP,N111G,PL,2009,3.4
A,PC_GDP,N111G,PL,2010,3.0
A,PC_GDP,N111G,PL,2011,2.9
A,PC_GDP,N111G,PL,2012,3.0
A,PC_GDP,N111G,PL,2013,2.9
A,PC_GDP,N111G,PL,2014,3.1
A,PC_GDP,N111G,PL,2015,2.6
A,PC_GDP,N111G,PL,2016,2.5
A,PC_GDP,N111G,PL,2017,2.2
A,PC_GDP,N111G,PL,2018,2.0
A,PC_GDP,N111G,PL,2019,2.1
A,PC_GDP,N111G,PL,2020,2.2
A,PC_GDP,N111G,PL,2021,2.3
A,PC_GDP,N111G,PL,2022,2.2
A,PC_GDP,N111G,PL,2023,2.2
A,PC_GDP,N111G,PL,2024,2.1
A,PC_GDP,N111G,PL,2025,2.2
A,PC_GDP,N111G,PT,1995,7.3
A,PC_GDP,N111G,PT,1996,7.1
A,PC_GDP,N111G,PT,1997,7.5
A,PC_GDP,N111G,PT,1998,7.8
A,PC_GDP,N111G,PT,1999,8.0
A,PC_GDP,N111G,PT,2000,8.2
A,PC_GDP,N111G,PT,2001,7.8
A,PC_GDP,N111G,PT,2002,7.4
A,PC_GDP,N111G,PT,2003,6.2
A,PC_GDP,N111G,PT,2004,6.0
A,PC_GDP,N111G,PT,2005,6.0
A,PC_GDP,N111G,PT,2006,5.6
A,PC_GDP,N111G,PT,2007,5.2
A,PC_GDP,N111G,PT,2008,4.7
A,PC_GDP,N111G,PT,2009,4.1
A,PC_GDP,N111G,PT,2010,3.7
A,PC_GDP,N111G,PT,2011,3.3
A,PC_GDP,N111G,PT,2012,3.0
A,PC_GDP,N111G,PT,2013,2.5
A,PC_GDP,N111G,PT,2014,2.6
A,PC_GDP,N111G,PT,2015,2.6
A,PC_GDP,N111G,PT,2016,2.7
A,PC_GDP,N111G,PT,2017,3.0
A,PC_GDP,N111G,PT,2018,3.3
A,PC_GDP,N111G,PT,2019,3.4
A,PC_GDP,N111G,PT,2020,3.6
A,PC_GDP,N111G,PT,2021,4.1
A,PC_GDP,N111G,PT,2022,4.1
A,PC_GDP,N111G,PT,2023,4.1
A,PC_GDP,N111G,PT,2024,4.3
A,PC_GDP,N111G,PT,2025,4.7
A,PC_GDP,N111G,RO,1995,0.9
A,PC_GDP,N111G,RO,1996,1.0
A,PC_GDP,N111G,RO,1997,0.9
A,PC_GDP,N111G,RO,1998,0.8
A,PC_GDP,N111G,RO,1999,0.6
A,PC_GDP,N111G,RO,2000,1.0
A,PC_GDP,N111G,RO,2001,1.1
A,PC_GDP,N111G,RO,2002,1.5
A,PC_GDP,N111G,RO,2003,1.8
A,PC_GDP,N111G,RO,2004,1.6
A,PC_GDP,N111G,RO,2005,2.1
A,PC_GDP,N111G,RO,2006,1.8
A,PC_GDP,N111G,RO,2007,2.4
A,PC_GDP,N111G,RO,2008,3.1
A,PC_GDP,N111G,RO,2009,2.8
A,PC_GDP,N111G,RO,2010,2.9
A,PC_GDP,N111G,RO,2011,2.6
A,PC_GDP,N111G,RO,2012,2.9
A,PC_GDP,N111G,RO,2013,2.4
A,PC_GDP,N111G,RO,2014,2.4
A,PC_GDP,N111G,RO,2015,2.4
A,PC_GDP,N111G,RO,2016,2.6
A,PC_GDP,N111G,RO,2017,2.7
A,PC_GDP,N111G,RO,2018,2.0
A,PC_GDP,N111G,RO,2019,2.2
A,PC_GDP,N111G,RO,2020,2.4
A,PC_GDP,N111G,RO,2021,3.1
A,PC_GDP,N111G,RO,2022,3.2
A,PC_GDP,N111G,RO,2023,3.1
A,PC_GDP,N111G,RO,2024,2.9
A,PC_GDP,N111G,RO,2025,3.0
A,PC_GDP,N111G,RS,1995,2.8
A,PC_GDP,N111G,RS,1996,2.6
A,PC_GDP,N111G,RS,1997,2.6
A,PC_GDP,N111G,RS,1998,2.6
A,PC_GDP,N111G,RS,1999,2.7
A,PC_GDP,N111G,RS,2000,2.5
A,PC_GDP,N111G,RS,2001,2.3
A,PC_GDP,N111G,RS,2002,2.5
A,PC_GDP,N111G,RS,2003,2.9
A,PC_GDP,N111G,RS,2004,3.1
A,PC_GDP,N111G,RS,2005,3.1
A,PC_GDP,N111G,RS,2006,3.1
A,PC_GDP,N111G,RS,2007,2.9
A,PC_GDP,N111G,RS,2008,2.7
A,PC_GDP,N111G,RS,2009,2.6
A,PC_GDP,N111G,RS,2010,2.3
A,PC_GDP,N111G,RS,2011,2.1
A,PC_GDP,N111G,RS,2012,2.0
A,PC_GDP,N111G,RS,2013,1.6
A,PC_GDP,N111G,RS,2014,1.4
A,PC_GDP,N111G,RS,2015,1.4
A,PC_GDP,N111G,RS,2016,1.6
A,PC_GDP,N111G,RS,2017,1.9
A,PC_GDP,N111G,RS,2018,2.1
A,PC_GDP,N111G,RS,2019,2.3
A,PC_GDP,N111G,RS,2020,2.3
A,PC_GDP,N111G,RS,2021,2.7
A,PC_GDP,N111G,RS,2022,2.6
A,PC_GDP,N111G,RS,2023,2.6
A,PC_GDP,N111G,RS,2024,2.8
A,PC_GDP,N111G,RS,2025,2.5
A,PC_GDP,N111G,SE,1995,1.8
A,PC_GDP,N111G,SE,1996,1.9
A,PC_GDP,N111G,SE,1997,1.8
A,PC_GDP,N111G,SE,1998,1.9
A,PC_GDP,N111G,SE,1999,2.0
A,PC_GDP,N111G,SE,2000,2.3
A,PC_GDP,N111G,SE,2001,2.6
A,PC_GDP,N111G,SE,2002,3.0
A,PC_GDP,N111G,SE,2003,3.1
A,PC_GDP,N111G,SE,2004,3.4
A,PC_GDP,N111G,SE,2005,3.7
A,PC_GDP,N111G,SE,2006,4.1
A,PC_GDP,N111G,SE,2007,4.4
A,PC_GDP,N111G,SE,2008,3.9
A,PC_GDP,N111G,SE,2009,3.3
A,PC_GDP,N111G,SE,2010,3.7
A,PC_GDP,N111G,SE,2011,4.0
A,PC_GDP,N111G,SE,2012,3.5
A,PC_GDP,N111G,SE,2013,3.6
A,PC_GDP,N111G,SE,2014,4.2
A,PC_GDP,N111G,SE,2015,4.8
A,PC_GDP,N111G,SE,2016,5.3
A,PC_GDP,N111G,SE,2017,5.7
A,PC_GDP,N111G,SE,2018,5.2
A,PC_GDP,N111G,SE,2019,4.7
A,PC_GDP,N111G,SE,2020,5.0
A,PC_GDP,N111G,SE,2021,5.3
A,PC_GDP,N111G,SE,2022,5.2
A,PC_GDP,N111G,SE,2023,3.7
A,PC_GDP,N111G,SE,2024,3.2
A,PC_GDP,N111G,SE,2025,3.1
A,PC_GDP,N111G,SI,1995,3.4
A,PC_GDP,N111G,SI,1996,3.6
A,PC_GDP,N111G,SI,1997,4.0
A,PC_GDP,N111G,SI,1998,4.1
A,PC_GDP,N111G,SI,1999,4.0
A,PC_GDP,N111G,SI,2000,3.6
A,PC_GDP,N111G,SI,2001,3.4
A,PC_GDP,N111G,SI,2002,3.1
A,PC_GDP,N111G,SI,2003,2.9
A,PC_GDP,N111G,SI,2004,3.2
A,PC_GDP,N111G,SI,2005,3.7
A,PC_GDP,N111G,SI,2006,3.9
A,PC_GDP,N111G,SI,2007,4.2
A,PC_GDP,N111G,SI,2008,4.6
A,PC_GDP,N111G,SI,2009,3.9
A,PC_GDP,N111G,SI,2010,3.2
A,PC_GDP,N111G,SI,2011,2.8
A,PC_GDP,N111G,SI,2012,2.6
A,PC_GDP,N111G,SI,2013,2.4
A,PC_GDP,N111G,SI,2014,2.2
A,PC_GDP,N111G,SI,2015,2.2
A,PC_GDP,N111G,SI,2016,2.1
A,PC_GDP,N111G,SI,2017,2.1
A,PC_GDP,N111G,SI,2018,2.1
A,PC_GDP,N111G,SI,2019,2.2
A,PC_GDP,N111G,SI,2020,2.3
A,PC_GDP,N111G,SI,2021,2.4
A,PC_GDP,N111G,SI,2022,2.9
A,PC_GDP,N111G,SI,2023,3.0
A,PC_GDP,N111G,SI,2024,2.8
A,PC_GDP,N111G,SI,2025,2.5
A,PC_GDP,N111G,SK,1995,2.0
A,PC_GDP,N111G,SK,1996,2.4
A,PC_GDP,N111G,SK,1997,2.4
A,PC_GDP,N111G,SK,1998,2.8
A,PC_GDP,N111G,SK,1999,3.3
A,PC_GDP,N111G,SK,2000,5.2
A,PC_GDP,N111G,SK,2001,4.3
A,PC_GDP,N111G,SK,2002,4.4
A,PC_GDP,N111G,SK,2003,4.1
A,PC_GDP,N111G,SK,2004,3.7
A,PC_GDP,N111G,SK,2005,3.9
A,PC_GDP,N111G,SK,2006,3.2
A,PC_GDP,N111G,SK,2007,3.3
A,PC_GDP,N111G,SK,2008,3.4
A,PC_GDP,N111G,SK,2009,3.9
A,PC_GDP,N111G,SK,2010,3.3
A,PC_GDP,N111G,SK,2011,3.2
A,PC_GDP,N111G,SK,2012,3.3
A,PC_GDP,N111G,SK,2013,3.6
A,PC_GDP,N111G,SK,2014,3.1
A,PC_GDP,N111G,SK,2015,2.9
A,PC_GDP,N111G,SK,2016,3.5
A,PC_GDP,N111G,SK,2017,3.2
A,PC_GDP,N111G,SK,2018,3.6
A,PC_GDP,N111G,SK,2019,3.5
A,PC_GDP,N111G,SK,2020,4.1
A,PC_GDP,N111G,SK,2021,4.4
A,PC_GDP,N111G,SK,2022,4.8
A,PC_GDP,N111G,SK,2023,4.2
A,PC_GDP,N111G,SK,2024,3.5
A,PC_GDP,N111G,SK,2025,2.9
A,PC_GDP,N111G,TR,2009,5.1
A,PC_GDP,N111G,TR,2010,5.2
A,PC_GDP,N111G,TR,2011,6.6
A,PC_GDP,N111G,TR,2012,6.5
A,PC_GDP,N111G,TR,2013,7.4
A,PC_GDP,N111G,TR,2014,7.7
A,PC_GDP,N111G,TR,2015,7.9
A,PC_GDP,N111G,TR,2016,7.8
A,PC_GDP,N111G,TR,2017,8.2
A,PC_GDP,N111G,TR,2018,8.4
A,PC_GDP,N111G,TR,2019,6.4
A,PC_GDP,N111G,TR,2020,5.7
A,PC_GDP,N111G,TR,2021,5.7
A,PC_GDP,N111G,TR,2022,5.4
A,PC_GDP,N111G,TR,2023,6.5
A,PC_GDP,N111G,TR,2024,7.1
A,PC_GDP,N111G,TR,2025,7.4
A,PC_GDP,N111G,UA,2010,2.8
A,PC_GDP,N111G,UA,2011,2.2
A,PC_GDP,N111G,UA,2012,2.4
A,PC_GDP,N111G,UA,2013,2.7
A,PC_GDP,N111G,UA,2014,2.7
A,PC_GDP,N111G,UA,2015,2.8
A,PC_GDP,N111G,UA,2016,2.6
A,PC_GDP,N111G,UA,2017,2.6
A,PC_GDP,N111G,UA,2018,2.5
A,PC_GDP,N111G,UA,2019,2.3
A,PC_GDP,N111G,UA,2020,1.4
A,PC_GDP,N111G,UA,2021,1.6
A,PC_GDP,N111G,UA,2022,1.0
A,PC_GDP,N111G,UA,2023,0.9
A,PC_GDP,N111G,UA,2024,1.1
A,PC_GDP,N111G,XK,2008,13.9
A,PC_GDP,N111G,XK,2009,13.8
A,PC_GDP,N111G,XK,2010,13.6
A,PC_GDP,N111G,XK,2011,14.6
A,PC_GDP,N111G,XK,2012,14.9
A,PC_GDP,N111G,XK,2013,14.4
A,PC_GDP,N111G,XK,2014,15.4
A,PC_GDP,N111G,XK,2015,16.3
A,PC_GDP,N111G,XK,2016,15.6
A,PC_GDP,N111G,XK,2017,17.1
A,PC_GDP,N111G,XK,2018,18.1
A,PC_GDP,N111G,XK,2019,18.5
A,PC_GDP,N111G,XK,2020,18.2
A,PC_GDP,N111G,XK,2021,21.0
A,PC_GDP,N111G,XK,2022,21.6
A,PC_GDP,N111G,XK,2023,19.5
A,PC_GDP,N111G,XK,2024,18.2
