freq,purchase,unit,geo,time,value
Q,TOTAL,I15_Q,AT,2010-Q1,75.05
Q,TOTAL,I15_Q,AT,2010-Q2,77.21
Q,TOTAL,I15_Q,AT,2010-Q3,78.19
Q,TOTAL,I15_Q,AT,2010-Q4,78.84
Q,TOTAL,I15_Q,AT,2011-Q1,78.96
Q,TOTAL,I15_Q,AT,2011-Q2,81.28
Q,TOTAL,I15_Q,AT,2011-Q3,82.59
Q,TOTAL,I15_Q,AT,2011-Q4,83.06
Q,TOTAL,I15_Q,AT,2012-Q1,85.3
Q,TOTAL,I15_Q,AT,2012-Q2,85.44
Q,TOTAL,I15_Q,AT,2012-Q3,88.71
Q,TOTAL,I15_Q,AT,2012-Q4,88.0
Q,TOTAL,I15_Q,AT,2013-Q1,89.06
Q,TOTAL,I15_Q,AT,2013-Q2,92.25
Q,TOTAL,I15_Q,AT,2013-Q3,91.79
Q,TOTAL,I15_Q,AT,2013-Q4,91.68
Q,TOTAL,I15_Q,AT,2014-Q1,92.89
Q,TOTAL,I15_Q,AT,2014-Q2,94.35
Q,TOTAL,I15_Q,AT,2014-Q3,95.32
Q,TOTAL,I15_Q,AT,2014-Q4,96.14
Q,TOTAL,I15_Q,AT,2015-Q1,98.19
Q,TOTAL,I15_Q,AT,2015-Q2,99.97
Q,TOTAL,I15_Q,AT,2015-Q3,101.23
Q,TOTAL,I15_Q,AT,2015-Q4,100.61
Q,TOTAL,I15_Q,AT,2016-Q1,104.04
Q,TOTAL,I15_Q,AT,2016-Q2,106.7
Q,TOTAL,I15_Q,AT,2016-Q3,108.08
Q,TOTAL,I15_Q,AT,2016-Q4,108.0
Q,TOTAL,I15_Q,AT,2017-Q1,109.76
Q,TOTAL,I15_Q,AT,2017-Q2,112.46
Q,TOTAL,I15_Q,AT,2017-Q3,113.67
Q,TOTAL,I15_Q,AT,2017-Q4,112.65
Q,TOTAL,I15_Q,AT,2018-Q1,115.13
Q,TOTAL,I15_Q,AT,2018-Q2,118.94
Q,TOTAL,I15_Q,AT,2018-Q3,120.1
Q,TOTAL,I15_Q,AT,2018-Q4,121.15
Q,TOTAL,I15_Q,AT,2019-Q1,121.53
Q,TOTAL,I15_Q,AT,2019-Q2,125.79
Q,TOTAL,I15_Q,AT,2019-Q3,127.81
Q,TOTAL,I15_Q,AT,2019-Q4,128.74
Q,TOTAL,I15_Q,AT,2020-Q1,131.26
Q,TOTAL,I15_Q,AT,2020-Q2,134.09
Q,TOTAL,I15_Q,AT,2020-Q3,138.0
Q,TOTAL,I15_Q,AT,2020-Q4,138.71
Q,TOTAL,I15_Q,AT,2021-Q1,144.08
Q,TOTAL,I15_Q,AT,2021-Q2,149.12
Q,TOTAL,I15_Q,AT,2021-Q3,153.52
Q,TOTAL,I15_Q,AT,2021-Q4,157.34
Q,TOTAL,I15_Q,AT,2022-Q1,164.63
Q,TOTAL,I15_Q,AT,2022-Q2,169.43
Q,TOTAL,I15_Q,AT,2022-Q3,173.59
Q,TOTAL,I15_Q,AT,2022-Q4,166.32
Q,TOTAL,I15_Q,AT,2023-Q1,164.35
Q,TOTAL,I15_Q,AT,2023-Q2,164.68
Q,TOTAL,I15_Q,AT,2023-Q3,164.29
Q,TOTAL,I15_Q,AT,2023-Q4,161.4
Q,TOTAL,I15_Q,AT,2024-Q1,159.54
Q,TOTAL,I15_Q,AT,2024-Q2,164.34
Q,TOTAL,I15_Q,AT,2024-Q3,165.13
Q,TOTAL,I15_Q,AT,2024-Q4,163.23
Q,TOTAL,I15_Q,AT,2025-Q1,165.17
Q,TOTAL,I15_Q,AT,2025-Q2,166.95
Q,TOTAL,I15_Q,AT,2025-Q3,167.87
Q,TOTAL,I15_Q,AT,2025-Q4,169.34
Q,TOTAL,I15_Q,AT,2026-Q1,172.02
Q,TOTAL,I15_Q,BE,2005-Q1,70.03
Q,TOTAL,I15_Q,BE,2005-Q2,71.59
Q,TOTAL,I15_Q,BE,2005-Q3,74.12
Q,TOTAL,I15_Q,BE,2005-Q4,75.65
Q,TOTAL,I15_Q,BE,2006-Q1,77.1
Q,TOTAL,I15_Q,BE,2006-Q2,79.18
Q,TOTAL,I15_Q,BE,2006-Q3,81.54
Q,TOTAL,I15_Q,BE,2006-Q4,82.16
Q,TOTAL,I15_Q,BE,2007-Q1,84.05
Q,TOTAL,I15_Q,BE,2007-Q2,85.75
Q,TOTAL,I15_Q,BE,2007-Q3,87.3
Q,TOTAL,I15_Q,BE,2007-Q4,87.7
Q,TOTAL,I15_Q,BE,2008-Q1,88.51
Q,TOTAL,I15_Q,BE,2008-Q2,89.69
Q,TOTAL,I15_Q,BE,2008-Q3,91.07
Q,TOTAL,I15_Q,BE,2008-Q4,90.52
Q,TOTAL,I15_Q,BE,2009-Q1,89.37
Q,TOTAL,I15_Q,BE,2009-Q2,88.56
Q,TOTAL,I15_Q,BE,2009-Q3,90.61
Q,TOTAL,I15_Q,BE,2009-Q4,89.77
Q,TOTAL,I15_Q,BE,2010-Q1,90.11
Q,TOTAL,I15_Q,BE,2010-Q2,90.83
Q,TOTAL,I15_Q,BE,2010-Q3,92.8
Q,TOTAL,I15_Q,BE,2010-Q4,92.65
Q,TOTAL,I15_Q,BE,2011-Q1,93.51
Q,TOTAL,I15_Q,BE,2011-Q2,94.16
Q,TOTAL,I15_Q,BE,2011-Q3,96.05
Q,TOTAL,I15_Q,BE,2011-Q4,95.79
Q,TOTAL,I15_Q,BE,2012-Q1,96.51
Q,TOTAL,I15_Q,BE,2012-Q2,96.72
Q,TOTAL,I15_Q,BE,2012-Q3,97.77
Q,TOTAL,I15_Q,BE,2012-Q4,97.43
Q,TOTAL,I15_Q,BE,2013-Q1,97.87
Q,TOTAL,I15_Q,BE,2013-Q2,98.34
Q,TOTAL,I15_Q,BE,2013-Q3,99.46
Q,TOTAL,I15_Q,BE,2013-Q4,98.53
Q,TOTAL,I15_Q,BE,2014-Q1,97.43
Q,TOTAL,I15_Q,BE,2014-Q2,97.42
Q,TOTAL,I15_Q,BE,2014-Q3,98.81
Q,TOTAL,I15_Q,BE,2014-Q4,99.2
Q,TOTAL,I15_Q,BE,2015-Q1,97.94
Q,TOTAL,I15_Q,BE,2015-Q2,99.13
Q,TOTAL,I15_Q,BE,2015-Q3,101.49
Q,TOTAL,I15_Q,BE,2015-Q4,101.43
Q,TOTAL,I15_Q,BE,2016-Q1,100.37
Q,TOTAL,I15_Q,BE,2016-Q2,101.42
Q,TOTAL,I15_Q,BE,2016-Q3,103.63
Q,TOTAL,I15_Q,BE,2016-Q4,103.9
Q,TOTAL,I15_Q,BE,2017-Q1,104.36
Q,TOTAL,I15_Q,BE,2017-Q2,104.48
Q,TOTAL,I15_Q,BE,2017-Q3,107.81
Q,TOTAL,I15_Q,BE,2017-Q4,107.14
Q,TOTAL,I15_Q,BE,2018-Q1,107.37
Q,TOTAL,I15_Q,BE,2018-Q2,108.51
Q,TOTAL,I15_Q,BE,2018-Q3,110.64
Q,TOTAL,I15_Q,BE,2018-Q4,110.06
Q,TOTAL,I15_Q,BE,2019-Q1,111.0
Q,TOTAL,I15_Q,BE,2019-Q2,111.84
Q,TOTAL,I15_Q,BE,2019-Q3,115.37
Q,TOTAL,I15_Q,BE,2019-Q4,114.72
Q,TOTAL,I15_Q,BE,2020-Q1,115.24
Q,TOTAL,I15_Q,BE,2020-Q2,116.61
Q,TOTAL,I15_Q,BE,2020-Q3,119.05
Q,TOTAL,I15_Q,BE,2020-Q4,121.45
Q,TOTAL,I15_Q,BE,2021-Q1,122.41
Q,TOTAL,I15_Q,BE,2021-Q2,124.78
Q,TOTAL,I15_Q,BE,2021-Q3,128.04
Q,TOTAL,I15_Q,BE,2021-Q4,128.62
Q,TOTAL,I15_Q,BE,2022-Q1,130.02
Q,TOTAL,I15_Q,BE,2022-Q2,132.18
Q,TOTAL,I15_Q,BE,2022-Q3,134.96
Q,TOTAL,I15_Q,BE,2022-Q4,134.55
Q,TOTAL,I15_Q,BE,2023-Q1,135.04
Q,TOTAL,I15_Q,BE,2023-Q2,134.55
Q,TOTAL,I15_Q,BE,2023-Q3,136.31
Q,TOTAL,I15_Q,BE,2023-Q4,138.28
Q,TOTAL,I15_Q,BE,2024-Q1,139.36
Q,TOTAL,I15_Q,BE,2024-Q2,138.96
Q,TOTAL,I15_Q,BE,2024-Q3,141.16
Q,TOTAL,I15_Q,BE,2024-Q4,142.18
Q,TOTAL,I15_Q,BE,2025-Q1,143.08
Q,TOTAL,I15_Q,BE,2025-Q2,142.94
Q,TOTAL,I15_Q,BE,2025-Q3,146.32
Q,TOTAL,I15_Q,BE,2025-Q4,147.08
Q,TOTAL,I15_Q,BE,2026-Q1,145.93
Q,TOTAL,I15_Q,BG,2005-Q1,76.01
Q,TOTAL,I15_Q,BG,2005-Q2,79.26
Q,TOTAL,I15_Q,BG,2005-Q3,81.55
Q,TOTAL,I15_Q,BG,2005-Q4,83.52
Q,TOTAL,I15_Q,BG,2006-Q1,87.47
Q,TOTAL,I15_Q,BG,2006-Q2,88.91
Q,TOTAL,I15_Q,BG,2006-Q3,92.96
Q,TOTAL,I15_Q,BG,2006-Q4,98.09
Q,TOTAL,I15_Q,BG,2007-Q1,107.23
Q,TOTAL,I15_Q,BG,2007-Q2,112.97
Q,TOTAL,I15_Q,BG,2007-Q3,121.42
Q,TOTAL,I15_Q,BG,2007-Q4,132.06
Q,TOTAL,I15_Q,BG,2008-Q1,141.08
Q,TOTAL,I15_Q,BG,2008-Q2,149.36
Q,TOTAL,I15_Q,BG,2008-Q3,153.92
Q,TOTAL,I15_Q,BG,2008-Q4,147.53
Q,TOTAL,I15_Q,BG,2009-Q1,130.77
Q,TOTAL,I15_Q,BG,2009-Q2,118.17
Q,TOTAL,I15_Q,BG,2009-Q3,112.62
Q,TOTAL,I15_Q,BG,2009-Q4,109.58
Q,TOTAL,I15_Q,BG,2010-Q1,107.18
Q,TOTAL,I15_Q,BG,2010-Q2,106.52
Q,TOTAL,I15_Q,BG,2010-Q3,105.38
Q,TOTAL,I15_Q,BG,2010-Q4,104.15
Q,TOTAL,I15_Q,BG,2011-Q1,102.03
Q,TOTAL,I15_Q,BG,2011-Q2,100.23
Q,TOTAL,I15_Q,BG,2011-Q3,99.54
Q,TOTAL,I15_Q,BG,2011-Q4,98.1
Q,TOTAL,I15_Q,BG,2012-Q1,98.23
Q,TOTAL,I15_Q,BG,2012-Q2,98.67
Q,TOTAL,I15_Q,BG,2012-Q3,98.57
Q,TOTAL,I15_Q,BG,2012-Q4,96.82
Q,TOTAL,I15_Q,BG,2013-Q1,96.0
Q,TOTAL,I15_Q,BG,2013-Q2,96.48
Q,TOTAL,I15_Q,BG,2013-Q3,95.52
Q,TOTAL,I15_Q,BG,2013-Q4,95.66
Q,TOTAL,I15_Q,BG,2014-Q1,96.66
Q,TOTAL,I15_Q,BG,2014-Q2,96.97
Q,TOTAL,I15_Q,BG,2014-Q3,97.21
Q,TOTAL,I15_Q,BG,2014-Q4,98.32
Q,TOTAL,I15_Q,BG,2015-Q1,98.85
Q,TOTAL,I15_Q,BG,2015-Q2,99.71
Q,TOTAL,I15_Q,BG,2015-Q3,99.21
Q,TOTAL,I15_Q,BG,2015-Q4,102.23
Q,TOTAL,I15_Q,BG,2016-Q1,103.38
Q,TOTAL,I15_Q,BG,2016-Q2,106.24
Q,TOTAL,I15_Q,BG,2016-Q3,107.94
Q,TOTAL,I15_Q,BG,2016-Q4,110.52
Q,TOTAL,I15_Q,BG,2017-Q1,112.66
Q,TOTAL,I15_Q,BG,2017-Q2,115.37
Q,TOTAL,I15_Q,BG,2017-Q3,117.62
Q,TOTAL,I15_Q,BG,2017-Q4,119.53
Q,TOTAL,I15_Q,BG,2018-Q1,120.65
Q,TOTAL,I15_Q,BG,2018-Q2,124.03
Q,TOTAL,I15_Q,BG,2018-Q3,124.99
Q,TOTAL,I15_Q,BG,2018-Q4,126.15
Q,TOTAL,I15_Q,BG,2019-Q1,129.45
Q,TOTAL,I15_Q,BG,2019-Q2,130.26
Q,TOTAL,I15_Q,BG,2019-Q3,131.97
Q,TOTAL,I15_Q,BG,2019-Q4,133.99
Q,TOTAL,I15_Q,BG,2020-Q1,135.54
Q,TOTAL,I15_Q,BG,2020-Q2,134.07
Q,TOTAL,I15_Q,BG,2020-Q3,138.81
Q,TOTAL,I15_Q,BG,2020-Q4,141.23
Q,TOTAL,I15_Q,BG,2021-Q1,145.72
Q,TOTAL,I15_Q,BG,2021-Q2,146.23
Q,TOTAL,I15_Q,BG,2021-Q3,150.9
Q,TOTAL,I15_Q,BG,2021-Q4,154.48
Q,TOTAL,I15_Q,BG,2022-Q1,162.52
Q,TOTAL,I15_Q,BG,2022-Q2,167.58
Q,TOTAL,I15_Q,BG,2022-Q3,174.43
Q,TOTAL,I15_Q,BG,2022-Q4,175.14
Q,TOTAL,I15_Q,BG,2023-Q1,177.93
Q,TOTAL,I15_Q,BG,2023-Q2,185.5
Q,TOTAL,I15_Q,BG,2023-Q3,190.48
Q,TOTAL,I15_Q,BG,2023-Q4,192.78
Q,TOTAL,I15_Q,BG,2024-Q1,206.42
Q,TOTAL,I15_Q,BG,2024-Q2,213.53
Q,TOTAL,I15_Q,BG,2024-Q3,221.91
Q,TOTAL,I15_Q,BG,2024-Q4,228.0
Q,TOTAL,I15_Q,BG,2025-Q1,237.55
Q,TOTAL,I15_Q,BG,2025-Q2,246.65
Q,TOTAL,I15_Q,BG,2025-Q3,256.01
Q,TOTAL,I15_Q,BG,2025-Q4,256.71
Q,TOTAL,I15_Q,BG,2026-Q1,272.63
Q,TOTAL,I15_Q,CY,2005-Q1,93.41
Q,TOTAL,I15_Q,CY,2005-Q2,95.38
Q,TOTAL,I15_Q,CY,2005-Q3,98.79
Q,TOTAL,I15_Q,CY,2005-Q4,100.64
Q,TOTAL,I15_Q,CY,2006-Q1,103.04
Q,TOTAL,I15_Q,CY,2006-Q2,106.44
Q,TOTAL,I15_Q,CY,2006-Q3,110.64
Q,TOTAL,I15_Q,CY,2006-Q4,114.16
Q,TOTAL,I15_Q,CY,2007-Q1,116.41
Q,TOTAL,I15_Q,CY,2007-Q2,119.71
Q,TOTAL,I15_Q,CY,2007-Q3,124.05
Q,TOTAL,I15_Q,CY,2007-Q4,125.11
Q,TOTAL,I15_Q,CY,2008-Q1,129.59
Q,TOTAL,I15_Q,CY,2008-Q2,130.42
Q,TOTAL,I15_Q,CY,2008-Q3,128.69
Q,TOTAL,I15_Q,CY,2008-Q4,123.96
Q,TOTAL,I15_Q,CY,2009-Q1,122.4
Q,TOTAL,I15_Q,CY,2009-Q2,121.17
Q,TOTAL,I15_Q,CY,2009-Q3,119.19
Q,TOTAL,I15_Q,CY,2009-Q4,116.27
Q,TOTAL,I15_Q,CY,2010-Q1,114.37
Q,TOTAL,I15_Q,CY,2010-Q2,112.79
Q,TOTAL,I15_Q,CY,2010-Q3,112.39
Q,TOTAL,I15_Q,CY,2010-Q4,112.05
Q,TOTAL,I15_Q,CY,2011-Q1,111.56
Q,TOTAL,I15_Q,CY,2011-Q2,113.99
Q,TOTAL,I15_Q,CY,2011-Q3,111.22
Q,TOTAL,I15_Q,CY,2011-Q4,107.6
Q,TOTAL,I15_Q,CY,2012-Q1,106.4
Q,TOTAL,I15_Q,CY,2012-Q2,106.02
Q,TOTAL,I15_Q,CY,2012-Q3,110.14
Q,TOTAL,I15_Q,CY,2012-Q4,108.22
Q,TOTAL,I15_Q,CY,2013-Q1,104.54
Q,TOTAL,I15_Q,CY,2013-Q2,104.77
Q,TOTAL,I15_Q,CY,2013-Q3,103.05
Q,TOTAL,I15_Q,CY,2013-Q4,100.78
Q,TOTAL,I15_Q,CY,2014-Q1,98.08
Q,TOTAL,I15_Q,CY,2014-Q2,103.55
Q,TOTAL,I15_Q,CY,2014-Q3,102.7
Q,TOTAL,I15_Q,CY,2014-Q4,101.56
Q,TOTAL,I15_Q,CY,2015-Q1,97.52
Q,TOTAL,I15_Q,CY,2015-Q2,100.59
Q,TOTAL,I15_Q,CY,2015-Q3,102.49
Q,TOTAL,I15_Q,CY,2015-Q4,99.4
Q,TOTAL,I15_Q,CY,2016-Q1,96.27
Q,TOTAL,I15_Q,CY,2016-Q2,96.59
Q,TOTAL,I15_Q,CY,2016-Q3,101.84
Q,TOTAL,I15_Q,CY,2016-Q4,104.59
Q,TOTAL,I15_Q,CY,2017-Q1,100.02
Q,TOTAL,I15_Q,CY,2017-Q2,106.32
Q,TOTAL,I15_Q,CY,2017-Q3,106.5
Q,TOTAL,I15_Q,CY,2017-Q4,105.08
Q,TOTAL,I15_Q,CY,2018-Q1,102.43
Q,TOTAL,I15_Q,CY,2018-Q2,100.34
Q,TOTAL,I15_Q,CY,2018-Q3,105.05
Q,TOTAL,I15_Q,CY,2018-Q4,104.51
Q,TOTAL,I15_Q,CY,2019-Q1,110.15
Q,TOTAL,I15_Q,CY,2019-Q2,115.86
Q,TOTAL,I15_Q,CY,2019-Q3,110.85
Q,TOTAL,I15_Q,CY,2019-Q4,109.95
Q,TOTAL,I15_Q,CY,2020-Q1,115.55
Q,TOTAL,I15_Q,CY,2020-Q2,118.83
Q,TOTAL,I15_Q,CY,2020-Q3,115.51
Q,TOTAL,I15_Q,CY,2020-Q4,120.06
Q,TOTAL,I15_Q,CY,2021-Q1,110.02
Q,TOTAL,I15_Q,CY,2021-Q2,116.01
Q,TOTAL,I15_Q,CY,2021-Q3,120.59
Q,TOTAL,I15_Q,CY,2021-Q4,116.19
Q,TOTAL,I15_Q,CY,2022-Q1,117.59
Q,TOTAL,I15_Q,CY,2022-Q2,120.21
Q,TOTAL,I15_Q,CY,2022-Q3,130.94
Q,TOTAL,I15_Q,CY,2022-Q4,124.14
Q,TOTAL,I15_Q,CY,2023-Q1,131.69
Q,TOTAL,I15_Q,CY,2023-Q2,132.2
Q,TOTAL,I15_Q,CY,2023-Q3,136.52
Q,TOTAL,I15_Q,CY,2023-Q4,137.98
Q,TOTAL,I15_Q,CY,2024-Q1,143.52
Q,TOTAL,I15_Q,CY,2024-Q2,143.34
Q,TOTAL,I15_Q,CY,2024-Q3,146.76
Q,TOTAL,I15_Q,CY,2024-Q4,144.2
Q,TOTAL,I15_Q,CY,2025-Q1,150.25
Q,TOTAL,I15_Q,CY,2025-Q2,147.48
Q,TOTAL,I15_Q,CY,2025-Q3,152.93
Q,TOTAL,I15_Q,CY,2025-Q4,152.91
Q,TOTAL,I15_Q,CY,2026-Q1,155.34
Q,TOTAL,I15_Q,CZ,2008-Q1,97.2
Q,TOTAL,I15_Q,CZ,2008-Q2,101.2
Q,TOTAL,I15_Q,CZ,2008-Q3,102.7
Q,TOTAL,I15_Q,CZ,2008-Q4,102.1
Q,TOTAL,I15_Q,CZ,2009-Q1,99.9
Q,TOTAL,I15_Q,CZ,2009-Q2,96.7
Q,TOTAL,I15_Q,CZ,2009-Q3,95.9
Q,TOTAL,I15_Q,CZ,2009-Q4,95.2
Q,TOTAL,I15_Q,CZ,2010-Q1,95.2
Q,TOTAL,I15_Q,CZ,2010-Q2,95.4
Q,TOTAL,I15_Q,CZ,2010-Q3,95.1
Q,TOTAL,I15_Q,CZ,2010-Q4,95.2
Q,TOTAL,I15_Q,CZ,2011-Q1,95.4
Q,TOTAL,I15_Q,CZ,2011-Q2,95.9
Q,TOTAL,I15_Q,CZ,2011-Q3,95.3
Q,TOTAL,I15_Q,CZ,2011-Q4,94.4
Q,TOTAL,I15_Q,CZ,2012-Q1,93.9
Q,TOTAL,I15_Q,CZ,2012-Q2,94.0
Q,TOTAL,I15_Q,CZ,2012-Q3,93.8
Q,TOTAL,I15_Q,CZ,2012-Q4,93.7
Q,TOTAL,I15_Q,CZ,2013-Q1,93.6
Q,TOTAL,I15_Q,CZ,2013-Q2,94.1
Q,TOTAL,I15_Q,CZ,2013-Q3,94.0
Q,TOTAL,I15_Q,CZ,2013-Q4,93.8
Q,TOTAL,I15_Q,CZ,2014-Q1,95.0
Q,TOTAL,I15_Q,CZ,2014-Q2,95.8
Q,TOTAL,I15_Q,CZ,2014-Q3,96.6
Q,TOTAL,I15_Q,CZ,2014-Q4,97.3
Q,TOTAL,I15_Q,CZ,2015-Q1,98.3
Q,TOTAL,I15_Q,CZ,2015-Q2,99.4
Q,TOTAL,I15_Q,CZ,2015-Q3,100.6
Q,TOTAL,I15_Q,CZ,2015-Q4,101.7
Q,TOTAL,I15_Q,CZ,2016-Q1,103.0
Q,TOTAL,I15_Q,CZ,2016-Q2,105.1
Q,TOTAL,I15_Q,CZ,2016-Q3,107.7
Q,TOTAL,I15_Q,CZ,2016-Q4,112.8
Q,TOTAL,I15_Q,CZ,2017-Q1,116.2
Q,TOTAL,I15_Q,CZ,2017-Q2,119.1
Q,TOTAL,I15_Q,CZ,2017-Q3,121.2
Q,TOTAL,I15_Q,CZ,2017-Q4,122.3
Q,TOTAL,I15_Q,CZ,2018-Q1,125.0
Q,TOTAL,I15_Q,CZ,2018-Q2,128.7
Q,TOTAL,I15_Q,CZ,2018-Q3,131.9
Q,TOTAL,I15_Q,CZ,2018-Q4,134.4
Q,TOTAL,I15_Q,CZ,2019-Q1,137.2
Q,TOTAL,I15_Q,CZ,2019-Q2,140.6
Q,TOTAL,I15_Q,CZ,2019-Q3,143.4
Q,TOTAL,I15_Q,CZ,2019-Q4,146.4
Q,TOTAL,I15_Q,CZ,2020-Q1,149.0
Q,TOTAL,I15_Q,CZ,2020-Q2,151.5
Q,TOTAL,I15_Q,CZ,2020-Q3,155.4
Q,TOTAL,I15_Q,CZ,2020-Q4,159.5
Q,TOTAL,I15_Q,CZ,2021-Q1,168.9
Q,TOTAL,I15_Q,CZ,2021-Q2,177.6
Q,TOTAL,I15_Q,CZ,2021-Q3,189.8
Q,TOTAL,I15_Q,CZ,2021-Q4,200.6
Q,TOTAL,I15_Q,CZ,2022-Q1,210.0
Q,TOTAL,I15_Q,CZ,2022-Q2,217.2
Q,TOTAL,I15_Q,CZ,2022-Q3,219.4
Q,TOTAL,I15_Q,CZ,2022-Q4,214.5
Q,TOTAL,I15_Q,CZ,2023-Q1,211.8
Q,TOTAL,I15_Q,CZ,2023-Q2,211.0
Q,TOTAL,I15_Q,CZ,2023-Q3,211.7
Q,TOTAL,I15_Q,CZ,2023-Q4,212.3
Q,TOTAL,I15_Q,CZ,2024-Q1,214.3
Q,TOTAL,I15_Q,CZ,2024-Q2,219.9
Q,TOTAL,I15_Q,CZ,2024-Q3,224.7
Q,TOTAL,I15_Q,CZ,2024-Q4,230.2
Q,TOTAL,I15_Q,CZ,2025-Q1,235.6
Q,TOTAL,I15_Q,CZ,2025-Q2,243.0
Q,TOTAL,I15_Q,CZ,2025-Q3,249.0
Q,TOTAL,I15_Q,CZ,2025-Q4,254.1
Q,TOTAL,I15_Q,CZ,2026-Q1,259.3
Q,TOTAL,I15_Q,DE,2005-Q1,84.2
Q,TOTAL,I15_Q,DE,2005-Q2,82.7
Q,TOTAL,I15_Q,DE,2005-Q3,84.4
Q,TOTAL,I15_Q,DE,2005-Q4,82.0
Q,TOTAL,I15_Q,DE,2006-Q1,83.2
Q,TOTAL,I15_Q,DE,2006-Q2,83.5
Q,TOTAL,I15_Q,DE,2006-Q3,82.3
Q,TOTAL,I15_Q,DE,2006-Q4,83.0
Q,TOTAL,I15_Q,DE,2007-Q1,80.0
Q,TOTAL,I15_Q,DE,2007-Q2,81.7
Q,TOTAL,I15_Q,DE,2007-Q3,81.6
Q,TOTAL,I15_Q,DE,2007-Q4,81.6
Q,TOTAL,I15_Q,DE,2008-Q1,82.8
Q,TOTAL,I15_Q,DE,2008-Q2,83.1
Q,TOTAL,I15_Q,DE,2008-Q3,81.6
Q,TOTAL,I15_Q,DE,2008-Q4,81.8
Q,TOTAL,I15_Q,DE,2009-Q1,81.8
Q,TOTAL,I15_Q,DE,2009-Q2,83.1
Q,TOTAL,I15_Q,DE,2009-Q3,83.0
Q,TOTAL,I15_Q,DE,2009-Q4,84.2
Q,TOTAL,I15_Q,DE,2010-Q1,83.0
Q,TOTAL,I15_Q,DE,2010-Q2,84.3
Q,TOTAL,I15_Q,DE,2010-Q3,84.4
Q,TOTAL,I15_Q,DE,2010-Q4,83.7
Q,TOTAL,I15_Q,DE,2011-Q1,86.1
Q,TOTAL,I15_Q,DE,2011-Q2,87.1
Q,TOTAL,I15_Q,DE,2011-Q3,86.7
Q,TOTAL,I15_Q,DE,2011-Q4,87.3
Q,TOTAL,I15_Q,DE,2012-Q1,88.0
Q,TOTAL,I15_Q,DE,2012-Q2,89.1
Q,TOTAL,I15_Q,DE,2012-Q3,90.4
Q,TOTAL,I15_Q,DE,2012-Q4,91.6
Q,TOTAL,I15_Q,DE,2013-Q1,91.3
Q,TOTAL,I15_Q,DE,2013-Q2,93.1
Q,TOTAL,I15_Q,DE,2013-Q3,92.9
Q,TOTAL,I15_Q,DE,2013-Q4,93.0
Q,TOTAL,I15_Q,DE,2014-Q1,93.8
Q,TOTAL,I15_Q,DE,2014-Q2,95.7
Q,TOTAL,I15_Q,DE,2014-Q3,96.2
Q,TOTAL,I15_Q,DE,2014-Q4,96.2
Q,TOTAL,I15_Q,DE,2015-Q1,97.8
Q,TOTAL,I15_Q,DE,2015-Q2,99.9
Q,TOTAL,I15_Q,DE,2015-Q3,100.4
Q,TOTAL,I15_Q,DE,2015-Q4,101.8
Q,TOTAL,I15_Q,DE,2016-Q1,103.9
Q,TOTAL,I15_Q,DE,2016-Q2,106.9
Q,TOTAL,I15_Q,DE,2016-Q3,108.8
Q,TOTAL,I15_Q,DE,2016-Q4,110.4
Q,TOTAL,I15_Q,DE,2017-Q1,110.9
Q,TOTAL,I15_Q,DE,2017-Q2,113.1
Q,TOTAL,I15_Q,DE,2017-Q3,115.0
Q,TOTAL,I15_Q,DE,2017-Q4,117.3
Q,TOTAL,I15_Q,DE,2018-Q1,118.3
Q,TOTAL,I15_Q,DE,2018-Q2,120.6
Q,TOTAL,I15_Q,DE,2018-Q3,123.1
Q,TOTAL,I15_Q,DE,2018-Q4,124.6
Q,TOTAL,I15_Q,DE,2019-Q1,124.6
Q,TOTAL,I15_Q,DE,2019-Q2,127.8
Q,TOTAL,I15_Q,DE,2019-Q3,129.6
Q,TOTAL,I15_Q,DE,2019-Q4,132.7
Q,TOTAL,I15_Q,DE,2020-Q1,133.8
Q,TOTAL,I15_Q,DE,2020-Q2,136.2
Q,TOTAL,I15_Q,DE,2020-Q3,140.3
Q,TOTAL,I15_Q,DE,2020-Q4,144.3
Q,TOTAL,I15_Q,DE,2021-Q1,146.3
Q,TOTAL,I15_Q,DE,2021-Q2,151.8
Q,TOTAL,I15_Q,DE,2021-Q3,158.2
Q,TOTAL,I15_Q,DE,2021-Q4,162.5
Q,TOTAL,I15_Q,DE,2022-Q1,164.1
Q,TOTAL,I15_Q,DE,2022-Q2,167.4
Q,TOTAL,I15_Q,DE,2022-Q3,166.3
Q,TOTAL,I15_Q,DE,2022-Q4,158.5
Q,TOTAL,I15_Q,DE,2023-Q1,153.7
Q,TOTAL,I15_Q,DE,2023-Q2,151.6
Q,TOTAL,I15_Q,DE,2023-Q3,149.3
Q,TOTAL,I15_Q,DE,2023-Q4,146.4
Q,TOTAL,I15_Q,DE,2024-Q1,145.8
Q,TOTAL,I15_Q,DE,2024-Q2,147.8
Q,TOTAL,I15_Q,DE,2024-Q3,149.0
Q,TOTAL,I15_Q,DE,2024-Q4,149.2
Q,TOTAL,I15_Q,DE,2025-Q1,151.3
Q,TOTAL,I15_Q,DE,2025-Q2,152.6
Q,TOTAL,I15_Q,DE,2025-Q3,153.7
Q,TOTAL,I15_Q,DE,2025-Q4,153.0
Q,TOTAL,I15_Q,DE,2026-Q1,153.4
Q,TOTAL,I15_Q,DK,2005-Q1,75.46
Q,TOTAL,I15_Q,DK,2005-Q2,79.43
Q,TOTAL,I15_Q,DK,2005-Q3,85.52
Q,TOTAL,I15_Q,DK,2005-Q4,91.15
Q,TOTAL,I15_Q,DK,2006-Q1,97.64
Q,TOTAL,I15_Q,DK,2006-Q2,103.6
Q,TOTAL,I15_Q,DK,2006-Q3,105.63
Q,TOTAL,I15_Q,DK,2006-Q4,104.54
Q,TOTAL,I15_Q,DK,2007-Q1,104.98
Q,TOTAL,I15_Q,DK,2007-Q2,106.38
Q,TOTAL,I15_Q,DK,2007-Q3,106.55
Q,TOTAL,I15_Q,DK,2007-Q4,104.56
Q,TOTAL,I15_Q,DK,2008-Q1,103.21
Q,TOTAL,I15_Q,DK,2008-Q2,103.51
Q,TOTAL,I15_Q,DK,2008-Q3,100.87
Q,TOTAL,I15_Q,DK,2008-Q4,93.01
Q,TOTAL,I15_Q,DK,2009-Q1,87.12
Q,TOTAL,I15_Q,DK,2009-Q2,88.16
Q,TOTAL,I15_Q,DK,2009-Q3,88.86
Q,TOTAL,I15_Q,DK,2009-Q4,88.52
Q,TOTAL,I15_Q,DK,2010-Q1,89.09
Q,TOTAL,I15_Q,DK,2010-Q2,90.97
Q,TOTAL,I15_Q,DK,2010-Q3,91.71
Q,TOTAL,I15_Q,DK,2010-Q4,90.75
Q,TOTAL,I15_Q,DK,2011-Q1,89.88
Q,TOTAL,I15_Q,DK,2011-Q2,91.91
Q,TOTAL,I15_Q,DK,2011-Q3,88.87
Q,TOTAL,I15_Q,DK,2011-Q4,85.71
Q,TOTAL,I15_Q,DK,2012-Q1,85.72
Q,TOTAL,I15_Q,DK,2012-Q2,86.97
Q,TOTAL,I15_Q,DK,2012-Q3,87.24
Q,TOTAL,I15_Q,DK,2012-Q4,86.84
Q,TOTAL,I15_Q,DK,2013-Q1,88.02
Q,TOTAL,I15_Q,DK,2013-Q2,91.17
Q,TOTAL,I15_Q,DK,2013-Q3,91.21
Q,TOTAL,I15_Q,DK,2013-Q4,89.95
Q,TOTAL,I15_Q,DK,2014-Q1,91.22
Q,TOTAL,I15_Q,DK,2014-Q2,94.69
Q,TOTAL,I15_Q,DK,2014-Q3,94.21
Q,TOTAL,I15_Q,DK,2014-Q4,93.83
Q,TOTAL,I15_Q,DK,2015-Q1,94.52
Q,TOTAL,I15_Q,DK,2015-Q2,100.15
Q,TOTAL,I15_Q,DK,2015-Q3,102.58
Q,TOTAL,I15_Q,DK,2015-Q4,102.75
Q,TOTAL,I15_Q,DK,2016-Q1,99.3
Q,TOTAL,I15_Q,DK,2016-Q2,104.22
Q,TOTAL,I15_Q,DK,2016-Q3,107.65
Q,TOTAL,I15_Q,DK,2016-Q4,107.06
Q,TOTAL,I15_Q,DK,2017-Q1,105.29
Q,TOTAL,I15_Q,DK,2017-Q2,109.77
Q,TOTAL,I15_Q,DK,2017-Q3,112.31
Q,TOTAL,I15_Q,DK,2017-Q4,111.61
Q,TOTAL,I15_Q,DK,2018-Q1,111.6
Q,TOTAL,I15_Q,DK,2018-Q2,115.88
Q,TOTAL,I15_Q,DK,2018-Q3,116.13
Q,TOTAL,I15_Q,DK,2018-Q4,114.73
Q,TOTAL,I15_Q,DK,2019-Q1,114.86
Q,TOTAL,I15_Q,DK,2019-Q2,117.44
Q,TOTAL,I15_Q,DK,2019-Q3,118.71
Q,TOTAL,I15_Q,DK,2019-Q4,117.5
Q,TOTAL,I15_Q,DK,2020-Q1,118.27
Q,TOTAL,I15_Q,DK,2020-Q2,120.79
Q,TOTAL,I15_Q,DK,2020-Q3,123.65
Q,TOTAL,I15_Q,DK,2020-Q4,125.98
Q,TOTAL,I15_Q,DK,2021-Q1,129.02
Q,TOTAL,I15_Q,DK,2021-Q2,136.23
Q,TOTAL,I15_Q,DK,2021-Q3,139.81
Q,TOTAL,I15_Q,DK,2021-Q4,140.05
Q,TOTAL,I15_Q,DK,2022-Q1,141.46
Q,TOTAL,I15_Q,DK,2022-Q2,143.98
Q,TOTAL,I15_Q,DK,2022-Q3,144.43
Q,TOTAL,I15_Q,DK,2022-Q4,141.05
Q,TOTAL,I15_Q,DK,2023-Q1,135.19
Q,TOTAL,I15_Q,DK,2023-Q2,135.73
Q,TOTAL,I15_Q,DK,2023-Q3,138.13
Q,TOTAL,I15_Q,DK,2023-Q4,140.32
Q,TOTAL,I15_Q,DK,2024-Q1,136.71
Q,TOTAL,I15_Q,DK,2024-Q2,141.0
Q,TOTAL,I15_Q,DK,2024-Q3,145.33
Q,TOTAL,I15_Q,DK,2024-Q4,145.63
Q,TOTAL,I15_Q,DK,2025-Q1,148.78
Q,TOTAL,I15_Q,DK,2025-Q2,151.32
Q,TOTAL,I15_Q,DK,2025-Q3,154.55
Q,TOTAL,I15_Q,DK,2025-Q4,156.71
Q,TOTAL,I15_Q,DK,2026-Q1,161.09
Q,TOTAL,I15_Q,EA,2005-Q1,89.18
Q,TOTAL,I15_Q,EA,2005-Q2,90.56
Q,TOTAL,I15_Q,EA,2005-Q3,92.84
Q,TOTAL,I15_Q,EA,2005-Q4,93.51
Q,TOTAL,I15_Q,EA,2006-Q1,95.24
Q,TOTAL,I15_Q,EA,2006-Q2,97.22
Q,TOTAL,I15_Q,EA,2006-Q3,98.59
Q,TOTAL,I15_Q,EA,2006-Q4,99.75
Q,TOTAL,I15_Q,EA,2007-Q1,99.83
Q,TOTAL,I15_Q,EA,2007-Q2,101.6
Q,TOTAL,I15_Q,EA,2007-Q3,102.65
Q,TOTAL,I15_Q,EA,2007-Q4,102.86
Q,TOTAL,I15_Q,EA,2008-Q1,103.36
Q,TOTAL,I15_Q,EA,2008-Q2,103.7
Q,TOTAL,I15_Q,EA,2008-Q3,103.19
Q,TOTAL,I15_Q,EA,2008-Q4,101.55
Q,TOTAL,I15_Q,EA,2009-Q1,100.24
Q,TOTAL,I15_Q,EA,2009-Q2,99.99
Q,TOTAL,I15_Q,EA,2009-Q3,99.94
Q,TOTAL,I15_Q,EA,2009-Q4,100.35
Q,TOTAL,I15_Q,EA,2010-Q1,99.96
Q,TOTAL,I15_Q,EA,2010-Q2,101.16
Q,TOTAL,I15_Q,EA,2010-Q3,101.66
Q,TOTAL,I15_Q,EA,2010-Q4,101.56
Q,TOTAL,I15_Q,EA,2011-Q1,101.96
Q,TOTAL,I15_Q,EA,2011-Q2,102.81
Q,TOTAL,I15_Q,EA,2011-Q3,102.53
Q,TOTAL,I15_Q,EA,2011-Q4,101.46
Q,TOTAL,I15_Q,EA,2012-Q1,100.57
Q,TOTAL,I15_Q,EA,2012-Q2,100.27
Q,TOTAL,I15_Q,EA,2012-Q3,99.96
Q,TOTAL,I15_Q,EA,2012-Q4,99.51
Q,TOTAL,I15_Q,EA,2013-Q1,97.92
Q,TOTAL,I15_Q,EA,2013-Q2,98.28
Q,TOTAL,I15_Q,EA,2013-Q3,98.37
Q,TOTAL,I15_Q,EA,2013-Q4,97.83
Q,TOTAL,I15_Q,EA,2014-Q1,97.65
Q,TOTAL,I15_Q,EA,2014-Q2,98.5
Q,TOTAL,I15_Q,EA,2014-Q3,98.93
Q,TOTAL,I15_Q,EA,2014-Q4,98.4
Q,TOTAL,I15_Q,EA,2015-Q1,98.39
Q,TOTAL,I15_Q,EA,2015-Q2,99.88
Q,TOTAL,I15_Q,EA,2015-Q3,100.78
Q,TOTAL,I15_Q,EA,2015-Q4,100.95
Q,TOTAL,I15_Q,EA,2016-Q1,101.85
Q,TOTAL,I15_Q,EA,2016-Q2,103.55
Q,TOTAL,I15_Q,EA,2016-Q3,105.1
Q,TOTAL,I15_Q,EA,2016-Q4,105.63
Q,TOTAL,I15_Q,EA,2017-Q1,106.32
Q,TOTAL,I15_Q,EA,2017-Q2,107.95
Q,TOTAL,I15_Q,EA,2017-Q3,109.67
Q,TOTAL,I15_Q,EA,2017-Q4,110.5
Q,TOTAL,I15_Q,EA,2018-Q1,111.45
Q,TOTAL,I15_Q,EA,2018-Q2,113.24
Q,TOTAL,I15_Q,EA,2018-Q3,114.98
Q,TOTAL,I15_Q,EA,2018-Q4,115.71
Q,TOTAL,I15_Q,EA,2019-Q1,116.16
Q,TOTAL,I15_Q,EA,2019-Q2,118.26
Q,TOTAL,I15_Q,EA,2019-Q3,119.94
Q,TOTAL,I15_Q,EA,2019-Q4,120.94
Q,TOTAL,I15_Q,EA,2020-Q1,122.3
Q,TOTAL,I15_Q,EA,2020-Q2,124.28
Q,TOTAL,I15_Q,EA,2020-Q3,125.98
Q,TOTAL,I15_Q,EA,2020-Q4,127.73
Q,TOTAL,I15_Q,EA,2021-Q1,129.51
Q,TOTAL,I15_Q,EA,2021-Q2,133.15
Q,TOTAL,I15_Q,EA,2021-Q3,137.37
Q,TOTAL,I15_Q,EA,2021-Q4,139.91
Q,TOTAL,I15_Q,EA,2022-Q1,142.4
Q,TOTAL,I15_Q,EA,2022-Q2,145.57
Q,TOTAL,I15_Q,EA,2022-Q3,146.85
Q,TOTAL,I15_Q,EA,2022-Q4,144.26
Q,TOTAL,I15_Q,EA,2023-Q1,142.97
Q,TOTAL,I15_Q,EA,2023-Q2,143.23
Q,TOTAL,I15_Q,EA,2023-Q3,143.53
Q,TOTAL,I15_Q,EA,2023-Q4,142.45
Q,TOTAL,I15_Q,EA,2024-Q1,142.61
Q,TOTAL,I15_Q,EA,2024-Q2,145.24
Q,TOTAL,I15_Q,EA,2024-Q3,147.53
Q,TOTAL,I15_Q,EA,2024-Q4,148.36
Q,TOTAL,I15_Q,EA,2025-Q1,150.3
Q,TOTAL,I15_Q,EA,2025-Q2,152.76
Q,TOTAL,I15_Q,EA,2025-Q3,155.06
Q,TOTAL,I15_Q,EA,2025-Q4,155.79
Q,TOTAL,I15_Q,EA,2026-Q1,157.27
Q,TOTAL,I15_Q,EA19,2005-Q1,88.31
Q,TOTAL,I15_Q,EA19,2005-Q2,89.66
Q,TOTAL,I15_Q,EA19,2005-Q3,91.96
Q,TOTAL,I15_Q,EA19,2005-Q4,92.8
Q,TOTAL,I15_Q,EA19,2006-Q1,94.64
Q,TOTAL,I15_Q,EA19,2006-Q2,96.69
Q,TOTAL,I15_Q,EA19,2006-Q3,98.17
Q,TOTAL,I15_Q,EA19,2006-Q4,99.51
Q,TOTAL,I15_Q,EA19,2007-Q1,99.75
Q,TOTAL,I15_Q,EA19,2007-Q2,101.61
Q,TOTAL,I15_Q,EA19,2007-Q3,102.79
Q,TOTAL,I15_Q,EA19,2007-Q4,103.09
Q,TOTAL,I15_Q,EA19,2008-Q1,103.69
Q,TOTAL,I15_Q,EA19,2008-Q2,104.07
Q,TOTAL,I15_Q,EA19,2008-Q3,103.48
Q,TOTAL,I15_Q,EA19,2008-Q4,101.69
Q,TOTAL,I15_Q,EA19,2009-Q1,100.18
Q,TOTAL,I15_Q,EA19,2009-Q2,99.88
Q,TOTAL,I15_Q,EA19,2009-Q3,99.79
Q,TOTAL,I15_Q,EA19,2009-Q4,100.18
Q,TOTAL,I15_Q,EA19,2010-Q1,99.78
Q,TOTAL,I15_Q,EA19,2010-Q2,100.98
Q,TOTAL,I15_Q,EA19,2010-Q3,101.49
Q,TOTAL,I15_Q,EA19,2010-Q4,101.4
Q,TOTAL,I15_Q,EA19,2011-Q1,101.83
Q,TOTAL,I15_Q,EA19,2011-Q2,102.68
Q,TOTAL,I15_Q,EA19,2011-Q3,102.41
Q,TOTAL,I15_Q,EA19,2011-Q4,101.34
Q,TOTAL,I15_Q,EA19,2012-Q1,100.46
Q,TOTAL,I15_Q,EA19,2012-Q2,100.16
Q,TOTAL,I15_Q,EA19,2012-Q3,99.87
Q,TOTAL,I15_Q,EA19,2012-Q4,99.42
Q,TOTAL,I15_Q,EA19,2013-Q1,97.85
Q,TOTAL,I15_Q,EA19,2013-Q2,98.23
Q,TOTAL,I15_Q,EA19,2013-Q3,98.31
Q,TOTAL,I15_Q,EA19,2013-Q4,97.8
Q,TOTAL,I15_Q,EA19,2014-Q1,97.63
Q,TOTAL,I15_Q,EA19,2014-Q2,98.5
Q,TOTAL,I15_Q,EA19,2014-Q3,98.94
Q,TOTAL,I15_Q,EA19,2014-Q4,98.4
Q,TOTAL,I15_Q,EA19,2015-Q1,98.39
Q,TOTAL,I15_Q,EA19,2015-Q2,99.88
Q,TOTAL,I15_Q,EA19,2015-Q3,100.78
Q,TOTAL,I15_Q,EA19,2015-Q4,100.95
Q,TOTAL,I15_Q,EA19,2016-Q1,101.85
Q,TOTAL,I15_Q,EA19,2016-Q2,103.55
Q,TOTAL,I15_Q,EA19,2016-Q3,105.1
Q,TOTAL,I15_Q,EA19,2016-Q4,105.63
Q,TOTAL,I15_Q,EA19,2017-Q1,106.32
Q,TOTAL,I15_Q,EA19,2017-Q2,107.95
Q,TOTAL,I15_Q,EA19,2017-Q3,109.67
Q,TOTAL,I15_Q,EA19,2017-Q4,110.5
Q,TOTAL,I15_Q,EA19,2018-Q1,111.45
Q,TOTAL,I15_Q,EA19,2018-Q2,113.24
Q,TOTAL,I15_Q,EA19,2018-Q3,114.98
Q,TOTAL,I15_Q,EA19,2018-Q4,115.71
Q,TOTAL,I15_Q,EA19,2019-Q1,116.16
Q,TOTAL,I15_Q,EA19,2019-Q2,118.26
Q,TOTAL,I15_Q,EA19,2019-Q3,119.94
Q,TOTAL,I15_Q,EA19,2019-Q4,120.94
Q,TOTAL,I15_Q,EA19,2020-Q1,122.3
Q,TOTAL,I15_Q,EA19,2020-Q2,124.28
Q,TOTAL,I15_Q,EA19,2020-Q3,125.98
Q,TOTAL,I15_Q,EA19,2020-Q4,127.73
Q,TOTAL,I15_Q,EA19,2021-Q1,129.51
Q,TOTAL,I15_Q,EA19,2021-Q2,133.15
Q,TOTAL,I15_Q,EA19,2021-Q3,137.37
Q,TOTAL,I15_Q,EA19,2021-Q4,139.91
Q,TOTAL,I15_Q,EA19,2022-Q1,142.4
Q,TOTAL,I15_Q,EA19,2022-Q2,145.57
Q,TOTAL,I15_Q,EA19,2022-Q3,146.85
Q,TOTAL,I15_Q,EA19,2022-Q4,144.26
Q,TOTAL,I15_Q,EA19,2023-Q1,142.93
Q,TOTAL,I15_Q,EA19,2023-Q2,143.15
Q,TOTAL,I15_Q,EA19,2023-Q3,143.45
Q,TOTAL,I15_Q,EA19,2023-Q4,142.32
Q,TOTAL,I15_Q,EA19,2024-Q1,142.45
Q,TOTAL,I15_Q,EA19,2024-Q2,145.05
Q,TOTAL,I15_Q,EA19,2024-Q3,147.33
Q,TOTAL,I15_Q,EA19,2024-Q4,148.15
Q,TOTAL,I15_Q,EA19,2025-Q1,150.05
Q,TOTAL,I15_Q,EA19,2025-Q2,152.47
Q,TOTAL,I15_Q,EA19,2025-Q3,154.75
Q,TOTAL,I15_Q,EA19,2025-Q4,155.44
Q,TOTAL,I15_Q,EA19,2026-Q1,156.79
Q,TOTAL,I15_Q,EA20,2005-Q1,88.3
Q,TOTAL,I15_Q,EA20,2005-Q2,89.66
Q,TOTAL,I15_Q,EA20,2005-Q3,91.95
Q,TOTAL,I15_Q,EA20,2005-Q4,92.8
Q,TOTAL,I15_Q,EA20,2006-Q1,94.7
Q,TOTAL,I15_Q,EA20,2006-Q2,96.72
Q,TOTAL,I15_Q,EA20,2006-Q3,98.24
Q,TOTAL,I15_Q,EA20,2006-Q4,99.57
Q,TOTAL,I15_Q,EA20,2007-Q1,99.87
Q,TOTAL,I15_Q,EA20,2007-Q2,101.72
Q,TOTAL,I15_Q,EA20,2007-Q3,102.89
Q,TOTAL,I15_Q,EA20,2007-Q4,103.22
Q,TOTAL,I15_Q,EA20,2008-Q1,103.81
Q,TOTAL,I15_Q,EA20,2008-Q2,104.19
Q,TOTAL,I15_Q,EA20,2008-Q3,103.61
Q,TOTAL,I15_Q,EA20,2008-Q4,101.82
Q,TOTAL,I15_Q,EA20,2009-Q1,100.32
Q,TOTAL,I15_Q,EA20,2009-Q2,99.99
Q,TOTAL,I15_Q,EA20,2009-Q3,99.89
Q,TOTAL,I15_Q,EA20,2009-Q4,100.26
Q,TOTAL,I15_Q,EA20,2010-Q1,99.86
Q,TOTAL,I15_Q,EA20,2010-Q2,101.03
Q,TOTAL,I15_Q,EA20,2010-Q3,101.54
Q,TOTAL,I15_Q,EA20,2010-Q4,101.45
Q,TOTAL,I15_Q,EA20,2011-Q1,101.87
Q,TOTAL,I15_Q,EA20,2011-Q2,102.73
Q,TOTAL,I15_Q,EA20,2011-Q3,102.46
Q,TOTAL,I15_Q,EA20,2011-Q4,101.4
Q,TOTAL,I15_Q,EA20,2012-Q1,100.53
Q,TOTAL,I15_Q,EA20,2012-Q2,100.22
Q,TOTAL,I15_Q,EA20,2012-Q3,99.93
Q,TOTAL,I15_Q,EA20,2012-Q4,99.46
Q,TOTAL,I15_Q,EA20,2013-Q1,97.9
Q,TOTAL,I15_Q,EA20,2013-Q2,98.27
Q,TOTAL,I15_Q,EA20,2013-Q3,98.35
Q,TOTAL,I15_Q,EA20,2013-Q4,97.84
Q,TOTAL,I15_Q,EA20,2014-Q1,97.66
Q,TOTAL,I15_Q,EA20,2014-Q2,98.53
Q,TOTAL,I15_Q,EA20,2014-Q3,98.96
Q,TOTAL,I15_Q,EA20,2014-Q4,98.42
Q,TOTAL,I15_Q,EA20,2015-Q1,98.41
Q,TOTAL,I15_Q,EA20,2015-Q2,99.87
Q,TOTAL,I15_Q,EA20,2015-Q3,100.77
Q,TOTAL,I15_Q,EA20,2015-Q4,100.94
Q,TOTAL,I15_Q,EA20,2016-Q1,101.84
Q,TOTAL,I15_Q,EA20,2016-Q2,103.53
Q,TOTAL,I15_Q,EA20,2016-Q3,105.07
Q,TOTAL,I15_Q,EA20,2016-Q4,105.6
Q,TOTAL,I15_Q,EA20,2017-Q1,106.28
Q,TOTAL,I15_Q,EA20,2017-Q2,107.93
Q,TOTAL,I15_Q,EA20,2017-Q3,109.64
Q,TOTAL,I15_Q,EA20,2017-Q4,110.49
Q,TOTAL,I15_Q,EA20,2018-Q1,111.45
Q,TOTAL,I15_Q,EA20,2018-Q2,113.22
Q,TOTAL,I15_Q,EA20,2018-Q3,114.97
Q,TOTAL,I15_Q,EA20,2018-Q4,115.71
Q,TOTAL,I15_Q,EA20,2019-Q1,116.18
Q,TOTAL,I15_Q,EA20,2019-Q2,118.29
Q,TOTAL,I15_Q,EA20,2019-Q3,119.95
Q,TOTAL,I15_Q,EA20,2019-Q4,120.97
Q,TOTAL,I15_Q,EA20,2020-Q1,122.35
Q,TOTAL,I15_Q,EA20,2020-Q2,124.33
Q,TOTAL,I15_Q,EA20,2020-Q3,126.01
Q,TOTAL,I15_Q,EA20,2020-Q4,127.77
Q,TOTAL,I15_Q,EA20,2021-Q1,129.55
Q,TOTAL,I15_Q,EA20,2021-Q2,133.19
Q,TOTAL,I15_Q,EA20,2021-Q3,137.4
Q,TOTAL,I15_Q,EA20,2021-Q4,139.96
Q,TOTAL,I15_Q,EA20,2022-Q1,142.47
Q,TOTAL,I15_Q,EA20,2022-Q2,145.67
Q,TOTAL,I15_Q,EA20,2022-Q3,146.96
Q,TOTAL,I15_Q,EA20,2022-Q4,144.45
Q,TOTAL,I15_Q,EA20,2023-Q1,143.16
Q,TOTAL,I15_Q,EA20,2023-Q2,143.42
Q,TOTAL,I15_Q,EA20,2023-Q3,143.72
Q,TOTAL,I15_Q,EA20,2023-Q4,142.64
Q,TOTAL,I15_Q,EA20,2024-Q1,142.79
Q,TOTAL,I15_Q,EA20,2024-Q2,145.43
Q,TOTAL,I15_Q,EA20,2024-Q3,147.72
Q,TOTAL,I15_Q,EA20,2024-Q4,148.55
Q,TOTAL,I15_Q,EA20,2025-Q1,150.5
Q,TOTAL,I15_Q,EA20,2025-Q2,152.95
Q,TOTAL,I15_Q,EA20,2025-Q3,155.27
Q,TOTAL,I15_Q,EA20,2025-Q4,155.99
Q,TOTAL,I15_Q,EA20,2026-Q1,157.38
Q,TOTAL,I15_Q,EA21,2005-Q1,88.14
Q,TOTAL,I15_Q,EA21,2005-Q2,89.52
Q,TOTAL,I15_Q,EA21,2005-Q3,91.81
Q,TOTAL,I15_Q,EA21,2005-Q4,92.67
Q,TOTAL,I15_Q,EA21,2006-Q1,94.58
Q,TOTAL,I15_Q,EA21,2006-Q2,96.59
Q,TOTAL,I15_Q,EA21,2006-Q3,98.14
Q,TOTAL,I15_Q,EA21,2006-Q4,99.5
Q,TOTAL,I15_Q,EA21,2007-Q1,99.87
Q,TOTAL,I15_Q,EA21,2007-Q2,101.75
Q,TOTAL,I15_Q,EA21,2007-Q3,102.99
Q,TOTAL,I15_Q,EA21,2007-Q4,103.4
Q,TOTAL,I15_Q,EA21,2008-Q1,104.05
Q,TOTAL,I15_Q,EA21,2008-Q2,104.49
Q,TOTAL,I15_Q,EA21,2008-Q3,103.95
Q,TOTAL,I15_Q,EA21,2008-Q4,102.13
Q,TOTAL,I15_Q,EA21,2009-Q1,100.53
Q,TOTAL,I15_Q,EA21,2009-Q2,100.12
Q,TOTAL,I15_Q,EA21,2009-Q3,99.99
Q,TOTAL,I15_Q,EA21,2009-Q4,100.34
Q,TOTAL,I15_Q,EA21,2010-Q1,99.92
Q,TOTAL,I15_Q,EA21,2010-Q2,101.08
Q,TOTAL,I15_Q,EA21,2010-Q3,101.57
Q,TOTAL,I15_Q,EA21,2010-Q4,101.47
Q,TOTAL,I15_Q,EA21,2011-Q1,101.87
Q,TOTAL,I15_Q,EA21,2011-Q2,102.71
Q,TOTAL,I15_Q,EA21,2011-Q3,102.44
Q,TOTAL,I15_Q,EA21,2011-Q4,101.38
Q,TOTAL,I15_Q,EA21,2012-Q1,100.51
Q,TOTAL,I15_Q,EA21,2012-Q2,100.21
Q,TOTAL,I15_Q,EA21,2012-Q3,99.92
Q,TOTAL,I15_Q,EA21,2012-Q4,99.44
Q,TOTAL,I15_Q,EA21,2013-Q1,97.88
Q,TOTAL,I15_Q,EA21,2013-Q2,98.26
Q,TOTAL,I15_Q,EA21,2013-Q3,98.32
Q,TOTAL,I15_Q,EA21,2013-Q4,97.82
Q,TOTAL,I15_Q,EA21,2014-Q1,97.65
Q,TOTAL,I15_Q,EA21,2014-Q2,98.52
Q,TOTAL,I15_Q,EA21,2014-Q3,98.95
Q,TOTAL,I15_Q,EA21,2014-Q4,98.42
Q,TOTAL,I15_Q,EA21,2015-Q1,98.41
Q,TOTAL,I15_Q,EA21,2015-Q2,99.87
Q,TOTAL,I15_Q,EA21,2015-Q3,100.76
Q,TOTAL,I15_Q,EA21,2015-Q4,100.96
Q,TOTAL,I15_Q,EA21,2016-Q1,101.86
Q,TOTAL,I15_Q,EA21,2016-Q2,103.55
Q,TOTAL,I15_Q,EA21,2016-Q3,105.1
Q,TOTAL,I15_Q,EA21,2016-Q4,105.64
Q,TOTAL,I15_Q,EA21,2017-Q1,106.34
Q,TOTAL,I15_Q,EA21,2017-Q2,108.0
Q,TOTAL,I15_Q,EA21,2017-Q3,109.71
Q,TOTAL,I15_Q,EA21,2017-Q4,110.57
Q,TOTAL,I15_Q,EA21,2018-Q1,111.52
Q,TOTAL,I15_Q,EA21,2018-Q2,113.31
Q,TOTAL,I15_Q,EA21,2018-Q3,115.06
Q,TOTAL,I15_Q,EA21,2018-Q4,115.8
Q,TOTAL,I15_Q,EA21,2019-Q1,116.29
Q,TOTAL,I15_Q,EA21,2019-Q2,118.39
Q,TOTAL,I15_Q,EA21,2019-Q3,120.06
Q,TOTAL,I15_Q,EA21,2019-Q4,121.08
Q,TOTAL,I15_Q,EA21,2020-Q1,122.46
Q,TOTAL,I15_Q,EA21,2020-Q2,124.41
Q,TOTAL,I15_Q,EA21,2020-Q3,126.12
Q,TOTAL,I15_Q,EA21,2020-Q4,127.88
Q,TOTAL,I15_Q,EA21,2021-Q1,129.69
Q,TOTAL,I15_Q,EA21,2021-Q2,133.3
Q,TOTAL,I15_Q,EA21,2021-Q3,137.51
Q,TOTAL,I15_Q,EA21,2021-Q4,140.08
Q,TOTAL,I15_Q,EA21,2022-Q1,142.65
Q,TOTAL,I15_Q,EA21,2022-Q2,145.86
Q,TOTAL,I15_Q,EA21,2022-Q3,147.21
Q,TOTAL,I15_Q,EA21,2022-Q4,144.72
Q,TOTAL,I15_Q,EA21,2023-Q1,143.47
Q,TOTAL,I15_Q,EA21,2023-Q2,143.8
Q,TOTAL,I15_Q,EA21,2023-Q3,144.14
Q,TOTAL,I15_Q,EA21,2023-Q4,143.09
Q,TOTAL,I15_Q,EA21,2024-Q1,143.36
Q,TOTAL,I15_Q,EA21,2024-Q2,146.03
Q,TOTAL,I15_Q,EA21,2024-Q3,148.38
Q,TOTAL,I15_Q,EA21,2024-Q4,149.26
Q,TOTAL,I15_Q,EA21,2025-Q1,151.27
Q,TOTAL,I15_Q,EA21,2025-Q2,153.77
Q,TOTAL,I15_Q,EA21,2025-Q3,156.14
Q,TOTAL,I15_Q,EA21,2025-Q4,156.87
Q,TOTAL,I15_Q,EA21,2026-Q1,158.36
Q,TOTAL,I15_Q,EE,2005-Q1,50.59
Q,TOTAL,I15_Q,EE,2005-Q2,57.07
Q,TOTAL,I15_Q,EE,2005-Q3,60.25
Q,TOTAL,I15_Q,EE,2005-Q4,68.14
Q,TOTAL,I15_Q,EE,2006-Q1,77.03
Q,TOTAL,I15_Q,EE,2006-Q2,84.82
Q,TOTAL,I15_Q,EE,2006-Q3,90.76
Q,TOTAL,I15_Q,EE,2006-Q4,100.27
Q,TOTAL,I15_Q,EE,2007-Q1,103.53
Q,TOTAL,I15_Q,EE,2007-Q2,110.16
Q,TOTAL,I15_Q,EE,2007-Q3,107.0
Q,TOTAL,I15_Q,EE,2007-Q4,105.46
Q,TOTAL,I15_Q,EE,2008-Q1,102.22
Q,TOTAL,I15_Q,EE,2008-Q2,99.17
Q,TOTAL,I15_Q,EE,2008-Q3,99.04
Q,TOTAL,I15_Q,EE,2008-Q4,84.74
Q,TOTAL,I15_Q,EE,2009-Q1,66.51
Q,TOTAL,I15_Q,EE,2009-Q2,61.83
Q,TOTAL,I15_Q,EE,2009-Q3,57.25
Q,TOTAL,I15_Q,EE,2009-Q4,56.27
Q,TOTAL,I15_Q,EE,2010-Q1,62.84
Q,TOTAL,I15_Q,EE,2010-Q2,63.42
Q,TOTAL,I15_Q,EE,2010-Q3,65.82
Q,TOTAL,I15_Q,EE,2010-Q4,63.51
Q,TOTAL,I15_Q,EE,2011-Q1,67.03
Q,TOTAL,I15_Q,EE,2011-Q2,68.98
Q,TOTAL,I15_Q,EE,2011-Q3,70.29
Q,TOTAL,I15_Q,EE,2011-Q4,70.98
Q,TOTAL,I15_Q,EE,2012-Q1,71.91
Q,TOTAL,I15_Q,EE,2012-Q2,74.27
Q,TOTAL,I15_Q,EE,2012-Q3,76.17
Q,TOTAL,I15_Q,EE,2012-Q4,75.13
Q,TOTAL,I15_Q,EE,2013-Q1,77.45
Q,TOTAL,I15_Q,EE,2013-Q2,80.3
Q,TOTAL,I15_Q,EE,2013-Q3,84.6
Q,TOTAL,I15_Q,EE,2013-Q4,86.82
Q,TOTAL,I15_Q,EE,2014-Q1,91.01
Q,TOTAL,I15_Q,EE,2014-Q2,91.98
Q,TOTAL,I15_Q,EE,2014-Q3,95.77
Q,TOTAL,I15_Q,EE,2014-Q4,95.57
Q,TOTAL,I15_Q,EE,2015-Q1,98.31
Q,TOTAL,I15_Q,EE,2015-Q2,101.6
Q,TOTAL,I15_Q,EE,2015-Q3,99.63
Q,TOTAL,I15_Q,EE,2015-Q4,100.46
Q,TOTAL,I15_Q,EE,2016-Q1,100.32
Q,TOTAL,I15_Q,EE,2016-Q2,103.47
Q,TOTAL,I15_Q,EE,2016-Q3,106.98
Q,TOTAL,I15_Q,EE,2016-Q4,108.21
Q,TOTAL,I15_Q,EE,2017-Q1,108.08
Q,TOTAL,I15_Q,EE,2017-Q2,108.42
Q,TOTAL,I15_Q,EE,2017-Q3,112.06
Q,TOTAL,I15_Q,EE,2017-Q4,113.49
Q,TOTAL,I15_Q,EE,2018-Q1,115.17
Q,TOTAL,I15_Q,EE,2018-Q2,116.43
Q,TOTAL,I15_Q,EE,2018-Q3,116.71
Q,TOTAL,I15_Q,EE,2018-Q4,119.96
Q,TOTAL,I15_Q,EE,2019-Q1,121.99
Q,TOTAL,I15_Q,EE,2019-Q2,123.14
Q,TOTAL,I15_Q,EE,2019-Q3,126.16
Q,TOTAL,I15_Q,EE,2019-Q4,129.79
Q,TOTAL,I15_Q,EE,2020-Q1,135.98
Q,TOTAL,I15_Q,EE,2020-Q2,128.1
Q,TOTAL,I15_Q,EE,2020-Q3,131.08
Q,TOTAL,I15_Q,EE,2020-Q4,136.01
Q,TOTAL,I15_Q,EE,2021-Q1,144.93
Q,TOTAL,I15_Q,EE,2021-Q2,148.69
Q,TOTAL,I15_Q,EE,2021-Q3,153.71
Q,TOTAL,I15_Q,EE,2021-Q4,163.78
Q,TOTAL,I15_Q,EE,2022-Q1,175.37
Q,TOTAL,I15_Q,EE,2022-Q2,189.36
Q,TOTAL,I15_Q,EE,2022-Q3,190.94
Q,TOTAL,I15_Q,EE,2022-Q4,191.38
Q,TOTAL,I15_Q,EE,2023-Q1,191.43
Q,TOTAL,I15_Q,EE,2023-Q2,198.79
Q,TOTAL,I15_Q,EE,2023-Q3,198.26
Q,TOTAL,I15_Q,EE,2023-Q4,202.4
Q,TOTAL,I15_Q,EE,2024-Q1,206.38
Q,TOTAL,I15_Q,EE,2024-Q2,212.1
Q,TOTAL,I15_Q,EE,2024-Q3,211.03
Q,TOTAL,I15_Q,EE,2024-Q4,209.64
Q,TOTAL,I15_Q,EE,2025-Q1,215.9
Q,TOTAL,I15_Q,EE,2025-Q2,223.74
Q,TOTAL,I15_Q,EE,2025-Q3,221.98
Q,TOTAL,I15_Q,EE,2025-Q4,221.27
Q,TOTAL,I15_Q,EE,2026-Q1,228.72
Q,TOTAL,I15_Q,ES,2005-Q4,123.7
Q,TOTAL,I15_Q,ES,2006-Q1,128.3
Q,TOTAL,I15_Q,ES,2006-Q2,133.79
Q,TOTAL,I15_Q,ES,2006-Q3,138.16
Q,TOTAL,I15_Q,ES,2006-Q4,141.74
Q,TOTAL,I15_Q,ES,2007-Q1,145.14
Q,TOTAL,I15_Q,ES,2007-Q2,149.29
Q,TOTAL,I15_Q,ES,2007-Q3,150.9
Q,TOTAL,I15_Q,ES,2007-Q4,149.82
Q,TOTAL,I15_Q,ES,2008-Q1,149.27
Q,TOTAL,I15_Q,ES,2008-Q2,148.88
Q,TOTAL,I15_Q,ES,2008-Q3,146.51
Q,TOTAL,I15_Q,ES,2008-Q4,141.99
Q,TOTAL,I15_Q,ES,2009-Q1,138.2
Q,TOTAL,I15_Q,ES,2009-Q2,137.58
Q,TOTAL,I15_Q,ES,2009-Q3,136.33
Q,TOTAL,I15_Q,ES,2009-Q4,135.78
Q,TOTAL,I15_Q,ES,2010-Q1,134.08
Q,TOTAL,I15_Q,ES,2010-Q2,136.26
Q,TOTAL,I15_Q,ES,2010-Q3,134.01
Q,TOTAL,I15_Q,ES,2010-Q4,133.86
Q,TOTAL,I15_Q,ES,2011-Q1,129.31
Q,TOTAL,I15_Q,ES,2011-Q2,127.76
Q,TOTAL,I15_Q,ES,2011-Q3,123.2
Q,TOTAL,I15_Q,ES,2011-Q4,116.8
Q,TOTAL,I15_Q,ES,2012-Q1,110.97
Q,TOTAL,I15_Q,ES,2012-Q2,107.37
Q,TOTAL,I15_Q,ES,2012-Q3,103.36
Q,TOTAL,I15_Q,ES,2012-Q4,101.91
Q,TOTAL,I15_Q,ES,2013-Q1,96.75
Q,TOTAL,I15_Q,ES,2013-Q2,95.98
Q,TOTAL,I15_Q,ES,2013-Q3,96.72
Q,TOTAL,I15_Q,ES,2013-Q4,95.5
Q,TOTAL,I15_Q,ES,2014-Q1,95.2
Q,TOTAL,I15_Q,ES,2014-Q2,96.78
Q,TOTAL,I15_Q,ES,2014-Q3,96.99
Q,TOTAL,I15_Q,ES,2014-Q4,97.18
Q,TOTAL,I15_Q,ES,2015-Q1,96.67
Q,TOTAL,I15_Q,ES,2015-Q2,100.67
Q,TOTAL,I15_Q,ES,2015-Q3,101.34
Q,TOTAL,I15_Q,ES,2015-Q4,101.31
Q,TOTAL,I15_Q,ES,2016-Q1,102.74
Q,TOTAL,I15_Q,ES,2016-Q2,104.55
Q,TOTAL,I15_Q,ES,2016-Q3,105.41
Q,TOTAL,I15_Q,ES,2016-Q4,105.78
Q,TOTAL,I15_Q,ES,2017-Q1,108.2
Q,TOTAL,I15_Q,ES,2017-Q2,110.39
Q,TOTAL,I15_Q,ES,2017-Q3,112.43
Q,TOTAL,I15_Q,ES,2017-Q4,113.39
Q,TOTAL,I15_Q,ES,2018-Q1,114.96
Q,TOTAL,I15_Q,ES,2018-Q2,117.9
Q,TOTAL,I15_Q,ES,2018-Q3,120.48
Q,TOTAL,I15_Q,ES,2018-Q4,120.97
Q,TOTAL,I15_Q,ES,2019-Q1,122.88
Q,TOTAL,I15_Q,ES,2019-Q2,124.27
Q,TOTAL,I15_Q,ES,2019-Q3,126.26
Q,TOTAL,I15_Q,ES,2019-Q4,125.44
Q,TOTAL,I15_Q,ES,2020-Q1,126.92
Q,TOTAL,I15_Q,ES,2020-Q2,126.98
Q,TOTAL,I15_Q,ES,2020-Q3,128.56
Q,TOTAL,I15_Q,ES,2020-Q4,127.55
Q,TOTAL,I15_Q,ES,2021-Q1,128.12
Q,TOTAL,I15_Q,ES,2021-Q2,131.15
Q,TOTAL,I15_Q,ES,2021-Q3,133.92
Q,TOTAL,I15_Q,ES,2021-Q4,135.58
Q,TOTAL,I15_Q,ES,2022-Q1,139.05
Q,TOTAL,I15_Q,ES,2022-Q2,141.71
Q,TOTAL,I15_Q,ES,2022-Q3,144.15
Q,TOTAL,I15_Q,ES,2022-Q4,142.99
Q,TOTAL,I15_Q,ES,2023-Q1,143.98
Q,TOTAL,I15_Q,ES,2023-Q2,146.97
Q,TOTAL,I15_Q,ES,2023-Q3,150.68
Q,TOTAL,I15_Q,ES,2023-Q4,149.13
Q,TOTAL,I15_Q,ES,2024-Q1,153.18
Q,TOTAL,I15_Q,ES,2024-Q2,158.63
Q,TOTAL,I15_Q,ES,2024-Q3,163.12
Q,TOTAL,I15_Q,ES,2024-Q4,166.07
Q,TOTAL,I15_Q,ES,2025-Q1,172.0
Q,TOTAL,I15_Q,ES,2025-Q2,178.89
Q,TOTAL,I15_Q,ES,2025-Q3,184.06
Q,TOTAL,I15_Q,ES,2025-Q4,187.45
Q,TOTAL,I15_Q,ES,2026-Q1,194.06
Q,TOTAL,I15_Q,EU,2005-Q1,82.99
Q,TOTAL,I15_Q,EU,2005-Q2,84.4
Q,TOTAL,I15_Q,EU,2005-Q3,86.49
Q,TOTAL,I15_Q,EU,2005-Q4,87.46
Q,TOTAL,I15_Q,EU,2006-Q1,89.21
Q,TOTAL,I15_Q,EU,2006-Q2,91.63
Q,TOTAL,I15_Q,EU,2006-Q3,94.18
Q,TOTAL,I15_Q,EU,2006-Q4,96.42
Q,TOTAL,I15_Q,EU,2007-Q1,98.16
Q,TOTAL,I15_Q,EU,2007-Q2,100.68
Q,TOTAL,I15_Q,EU,2007-Q3,102.35
Q,TOTAL,I15_Q,EU,2007-Q4,102.35
Q,TOTAL,I15_Q,EU,2008-Q1,102.34
Q,TOTAL,I15_Q,EU,2008-Q2,102.72
Q,TOTAL,I15_Q,EU,2008-Q3,101.58
Q,TOTAL,I15_Q,EU,2008-Q4,99.06
Q,TOTAL,I15_Q,EU,2009-Q1,96.78
Q,TOTAL,I15_Q,EU,2009-Q2,96.57
Q,TOTAL,I15_Q,EU,2009-Q3,97.01
Q,TOTAL,I15_Q,EU,2009-Q4,97.41
Q,TOTAL,I15_Q,EU,2010-Q1,97.08
Q,TOTAL,I15_Q,EU,2010-Q2,98.24
Q,TOTAL,I15_Q,EU,2010-Q3,98.76
Q,TOTAL,I15_Q,EU,2010-Q4,98.35
Q,TOTAL,I15_Q,EU,2011-Q1,98.32
Q,TOTAL,I15_Q,EU,2011-Q2,99.04
Q,TOTAL,I15_Q,EU,2011-Q3,98.77
Q,TOTAL,I15_Q,EU,2011-Q4,97.63
Q,TOTAL,I15_Q,EU,2012-Q1,96.92
Q,TOTAL,I15_Q,EU,2012-Q2,96.91
Q,TOTAL,I15_Q,EU,2012-Q3,96.73
Q,TOTAL,I15_Q,EU,2012-Q4,96.21
Q,TOTAL,I15_Q,EU,2013-Q1,95.04
Q,TOTAL,I15_Q,EU,2013-Q2,95.65
Q,TOTAL,I15_Q,EU,2013-Q3,96.01
Q,TOTAL,I15_Q,EU,2013-Q4,95.72
Q,TOTAL,I15_Q,EU,2014-Q1,95.91
Q,TOTAL,I15_Q,EU,2014-Q2,97.24
Q,TOTAL,I15_Q,EU,2014-Q3,98.05
Q,TOTAL,I15_Q,EU,2014-Q4,97.83
Q,TOTAL,I15_Q,EU,2015-Q1,98.02
Q,TOTAL,I15_Q,EU,2015-Q2,99.65
Q,TOTAL,I15_Q,EU,2015-Q3,100.96
Q,TOTAL,I15_Q,EU,2015-Q4,101.37
Q,TOTAL,I15_Q,EU,2016-Q1,102.33
Q,TOTAL,I15_Q,EU,2016-Q2,104.14
Q,TOTAL,I15_Q,EU,2016-Q3,105.83
Q,TOTAL,I15_Q,EU,2016-Q4,106.46
Q,TOTAL,I15_Q,EU,2017-Q1,107.16
Q,TOTAL,I15_Q,EU,2017-Q2,109.11
Q,TOTAL,I15_Q,EU,2017-Q3,110.87
Q,TOTAL,I15_Q,EU,2017-Q4,111.55
Q,TOTAL,I15_Q,EU,2018-Q1,112.47
Q,TOTAL,I15_Q,EU,2018-Q2,114.34
Q,TOTAL,I15_Q,EU,2018-Q3,116.12
Q,TOTAL,I15_Q,EU,2018-Q4,116.81
Q,TOTAL,I15_Q,EU,2019-Q1,117.3
Q,TOTAL,I15_Q,EU,2019-Q2,119.3
Q,TOTAL,I15_Q,EU,2019-Q3,121.09
Q,TOTAL,I15_Q,EU,2019-Q4,122.03
Q,TOTAL,I15_Q,EU,2020-Q1,123.76
Q,TOTAL,I15_Q,EU,2020-Q2,125.6
Q,TOTAL,I15_Q,EU,2020-Q3,127.35
Q,TOTAL,I15_Q,EU,2020-Q4,129.1
Q,TOTAL,I15_Q,EU,2021-Q1,131.4
Q,TOTAL,I15_Q,EU,2021-Q2,135.25
Q,TOTAL,I15_Q,EU,2021-Q3,139.44
Q,TOTAL,I15_Q,EU,2021-Q4,142.38
Q,TOTAL,I15_Q,EU,2022-Q1,145.42
Q,TOTAL,I15_Q,EU,2022-Q2,148.77
Q,TOTAL,I15_Q,EU,2022-Q3,150.08
Q,TOTAL,I15_Q,EU,2022-Q4,147.93
Q,TOTAL,I15_Q,EU,2023-Q1,146.79
Q,TOTAL,I15_Q,EU,2023-Q2,147.39
Q,TOTAL,I15_Q,EU,2023-Q3,148.34
Q,TOTAL,I15_Q,EU,2023-Q4,148.06
Q,TOTAL,I15_Q,EU,2024-Q1,148.99
Q,TOTAL,I15_Q,EU,2024-Q2,151.86
Q,TOTAL,I15_Q,EU,2024-Q3,154.24
Q,TOTAL,I15_Q,EU,2024-Q4,155.37
Q,TOTAL,I15_Q,EU,2025-Q1,157.64
Q,TOTAL,I15_Q,EU,2025-Q2,160.12
Q,TOTAL,I15_Q,EU,2025-Q3,162.68
Q,TOTAL,I15_Q,EU,2025-Q4,163.79
Q,TOTAL,I15_Q,EU,2026-Q1,165.73
Q,TOTAL,I15_Q,EU27_2020,2005-Q1,83.54
Q,TOTAL,I15_Q,EU27_2020,2005-Q2,84.81
Q,TOTAL,I15_Q,EU27_2020,2005-Q3,86.95
Q,TOTAL,I15_Q,EU27_2020,2005-Q4,88.1
Q,TOTAL,I15_Q,EU27_2020,2006-Q1,90.72
Q,TOTAL,I15_Q,EU27_2020,2006-Q2,92.98
Q,TOTAL,I15_Q,EU27_2020,2006-Q3,95.59
Q,TOTAL,I15_Q,EU27_2020,2006-Q4,97.94
Q,TOTAL,I15_Q,EU27_2020,2007-Q1,99.8
Q,TOTAL,I15_Q,EU27_2020,2007-Q2,102.15
Q,TOTAL,I15_Q,EU27_2020,2007-Q3,103.64
Q,TOTAL,I15_Q,EU27_2020,2007-Q4,103.67
Q,TOTAL,I15_Q,EU27_2020,2008-Q1,104.08
Q,TOTAL,I15_Q,EU27_2020,2008-Q2,104.63
Q,TOTAL,I15_Q,EU27_2020,2008-Q3,103.96
Q,TOTAL,I15_Q,EU27_2020,2008-Q4,102.02
Q,TOTAL,I15_Q,EU27_2020,2009-Q1,100.13
Q,TOTAL,I15_Q,EU27_2020,2009-Q2,99.66
Q,TOTAL,I15_Q,EU27_2020,2009-Q3,99.61
Q,TOTAL,I15_Q,EU27_2020,2009-Q4,99.77
Q,TOTAL,I15_Q,EU27_2020,2010-Q1,99.3
Q,TOTAL,I15_Q,EU27_2020,2010-Q2,100.37
Q,TOTAL,I15_Q,EU27_2020,2010-Q3,100.75
Q,TOTAL,I15_Q,EU27_2020,2010-Q4,100.61
Q,TOTAL,I15_Q,EU27_2020,2011-Q1,100.86
Q,TOTAL,I15_Q,EU27_2020,2011-Q2,101.59
Q,TOTAL,I15_Q,EU27_2020,2011-Q3,101.1
Q,TOTAL,I15_Q,EU27_2020,2011-Q4,99.97
Q,TOTAL,I15_Q,EU27_2020,2012-Q1,99.29
Q,TOTAL,I15_Q,EU27_2020,2012-Q2,99.0
Q,TOTAL,I15_Q,EU27_2020,2012-Q3,98.61
Q,TOTAL,I15_Q,EU27_2020,2012-Q4,98.12
Q,TOTAL,I15_Q,EU27_2020,2013-Q1,96.84
Q,TOTAL,I15_Q,EU27_2020,2013-Q2,97.25
Q,TOTAL,I15_Q,EU27_2020,2013-Q3,97.29
Q,TOTAL,I15_Q,EU27_2020,2013-Q4,96.86
Q,TOTAL,I15_Q,EU27_2020,2014-Q1,96.88
Q,TOTAL,I15_Q,EU27_2020,2014-Q2,97.85
Q,TOTAL,I15_Q,EU27_2020,2014-Q3,98.29
Q,TOTAL,I15_Q,EU27_2020,2014-Q4,97.99
Q,TOTAL,I15_Q,EU27_2020,2015-Q1,98.27
Q,TOTAL,I15_Q,EU27_2020,2015-Q2,99.83
Q,TOTAL,I15_Q,EU27_2020,2015-Q3,100.81
Q,TOTAL,I15_Q,EU27_2020,2015-Q4,101.09
Q,TOTAL,I15_Q,EU27_2020,2016-Q1,102.02
Q,TOTAL,I15_Q,EU27_2020,2016-Q2,103.75
Q,TOTAL,I15_Q,EU27_2020,2016-Q3,105.37
Q,TOTAL,I15_Q,EU27_2020,2016-Q4,106.11
Q,TOTAL,I15_Q,EU27_2020,2017-Q1,106.88
Q,TOTAL,I15_Q,EU27_2020,2017-Q2,108.76
Q,TOTAL,I15_Q,EU27_2020,2017-Q3,110.39
Q,TOTAL,I15_Q,EU27_2020,2017-Q4,111.19
Q,TOTAL,I15_Q,EU27_2020,2018-Q1,112.27
Q,TOTAL,I15_Q,EU27_2020,2018-Q2,114.23
Q,TOTAL,I15_Q,EU27_2020,2018-Q3,115.93
Q,TOTAL,I15_Q,EU27_2020,2018-Q4,116.81
Q,TOTAL,I15_Q,EU27_2020,2019-Q1,117.59
Q,TOTAL,I15_Q,EU27_2020,2019-Q2,119.78
Q,TOTAL,I15_Q,EU27_2020,2019-Q3,121.54
Q,TOTAL,I15_Q,EU27_2020,2019-Q4,122.69
Q,TOTAL,I15_Q,EU27_2020,2020-Q1,124.44
Q,TOTAL,I15_Q,EU27_2020,2020-Q2,126.28
Q,TOTAL,I15_Q,EU27_2020,2020-Q3,128.05
Q,TOTAL,I15_Q,EU27_2020,2020-Q4,129.8
Q,TOTAL,I15_Q,EU27_2020,2021-Q1,132.12
Q,TOTAL,I15_Q,EU27_2020,2021-Q2,135.98
Q,TOTAL,I15_Q,EU27_2020,2021-Q3,140.2
Q,TOTAL,I15_Q,EU27_2020,2021-Q4,143.16
Q,TOTAL,I15_Q,EU27_2020,2022-Q1,146.21
Q,TOTAL,I15_Q,EU27_2020,2022-Q2,149.58
Q,TOTAL,I15_Q,EU27_2020,2022-Q3,150.89
Q,TOTAL,I15_Q,EU27_2020,2022-Q4,148.74
Q,TOTAL,I15_Q,EU27_2020,2023-Q1,147.59
Q,TOTAL,I15_Q,EU27_2020,2023-Q2,148.19
Q,TOTAL,I15_Q,EU27_2020,2023-Q3,149.15
Q,TOTAL,I15_Q,EU27_2020,2023-Q4,148.87
Q,TOTAL,I15_Q,EU27_2020,2024-Q1,149.81
Q,TOTAL,I15_Q,EU27_2020,2024-Q2,152.68
Q,TOTAL,I15_Q,EU27_2020,2024-Q3,155.08
Q,TOTAL,I15_Q,EU27_2020,2024-Q4,156.22
Q,TOTAL,I15_Q,EU27_2020,2025-Q1,158.5
Q,TOTAL,I15_Q,EU27_2020,2025-Q2,160.99
Q,TOTAL,I15_Q,EU27_2020,2025-Q3,163.56
Q,TOTAL,I15_Q,EU27_2020,2025-Q4,164.68
Q,TOTAL,I15_Q,EU27_2020,2026-Q1,166.63
Q,TOTAL,I15_Q,EU28,2005-Q1,82.4
Q,TOTAL,I15_Q,EU28,2005-Q2,83.83
Q,TOTAL,I15_Q,EU28,2005-Q3,85.93
Q,TOTAL,I15_Q,EU28,2005-Q4,86.92
Q,TOTAL,I15_Q,EU28,2006-Q1,89.22
Q,TOTAL,I15_Q,EU28,2006-Q2,91.6
Q,TOTAL,I15_Q,EU28,2006-Q3,94.21
Q,TOTAL,I15_Q,EU28,2006-Q4,96.46
Q,TOTAL,I15_Q,EU28,2007-Q1,98.22
Q,TOTAL,I15_Q,EU28,2007-Q2,100.73
Q,TOTAL,I15_Q,EU28,2007-Q3,102.4
Q,TOTAL,I15_Q,EU28,2007-Q4,102.42
Q,TOTAL,I15_Q,EU28,2008-Q1,102.39
Q,TOTAL,I15_Q,EU28,2008-Q2,102.77
Q,TOTAL,I15_Q,EU28,2008-Q3,101.66
Q,TOTAL,I15_Q,EU28,2008-Q4,99.13
Q,TOTAL,I15_Q,EU28,2009-Q1,96.86
Q,TOTAL,I15_Q,EU28,2009-Q2,96.63
Q,TOTAL,I15_Q,EU28,2009-Q3,97.06
Q,TOTAL,I15_Q,EU28,2009-Q4,97.45
Q,TOTAL,I15_Q,EU28,2010-Q1,97.11
Q,TOTAL,I15_Q,EU28,2010-Q2,98.26
Q,TOTAL,I15_Q,EU28,2010-Q3,98.77
Q,TOTAL,I15_Q,EU28,2010-Q4,98.37
Q,TOTAL,I15_Q,EU28,2011-Q1,98.33
Q,TOTAL,I15_Q,EU28,2011-Q2,99.05
Q,TOTAL,I15_Q,EU28,2011-Q3,98.79
Q,TOTAL,I15_Q,EU28,2011-Q4,97.66
Q,TOTAL,I15_Q,EU28,2012-Q1,96.94
Q,TOTAL,I15_Q,EU28,2012-Q2,96.93
Q,TOTAL,I15_Q,EU28,2012-Q3,96.75
Q,TOTAL,I15_Q,EU28,2012-Q4,96.21
Q,TOTAL,I15_Q,EU28,2013-Q1,95.04
Q,TOTAL,I15_Q,EU28,2013-Q2,95.65
Q,TOTAL,I15_Q,EU28,2013-Q3,96.01
Q,TOTAL,I15_Q,EU28,2013-Q4,95.72
Q,TOTAL,I15_Q,EU28,2014-Q1,95.91
Q,TOTAL,I15_Q,EU28,2014-Q2,97.24
Q,TOTAL,I15_Q,EU28,2014-Q3,98.05
Q,TOTAL,I15_Q,EU28,2014-Q4,97.83
Q,TOTAL,I15_Q,EU28,2015-Q1,98.02
Q,TOTAL,I15_Q,EU28,2015-Q2,99.65
Q,TOTAL,I15_Q,EU28,2015-Q3,100.96
Q,TOTAL,I15_Q,EU28,2015-Q4,101.37
Q,TOTAL,I15_Q,EU28,2016-Q1,102.33
Q,TOTAL,I15_Q,EU28,2016-Q2,104.14
Q,TOTAL,I15_Q,EU28,2016-Q3,105.83
Q,TOTAL,I15_Q,EU28,2016-Q4,106.46
Q,TOTAL,I15_Q,EU28,2017-Q1,107.16
Q,TOTAL,I15_Q,EU28,2017-Q2,109.11
Q,TOTAL,I15_Q,EU28,2017-Q3,110.87
Q,TOTAL,I15_Q,EU28,2017-Q4,111.55
Q,TOTAL,I15_Q,EU28,2018-Q1,112.47
Q,TOTAL,I15_Q,EU28,2018-Q2,114.34
Q,TOTAL,I15_Q,EU28,2018-Q3,116.12
Q,TOTAL,I15_Q,EU28,2018-Q4,116.81
Q,TOTAL,I15_Q,EU28,2019-Q1,117.3
Q,TOTAL,I15_Q,EU28,2019-Q2,119.3
Q,TOTAL,I15_Q,EU28,2019-Q3,121.09
Q,TOTAL,I15_Q,EU28,2019-Q4,122.03
Q,TOTAL,I15_Q,FI,2005-Q1,73.62
Q,TOTAL,I15_Q,FI,2005-Q2,75.74
Q,TOTAL,I15_Q,FI,2005-Q3,76.97
Q,TOTAL,I15_Q,FI,2005-Q4,78.67
Q,TOTAL,I15_Q,FI,2006-Q1,79.6
Q,TOTAL,I15_Q,FI,2006-Q2,81.41
Q,TOTAL,I15_Q,FI,2006-Q3,81.98
Q,TOTAL,I15_Q,FI,2006-Q4,83.23
Q,TOTAL,I15_Q,FI,2007-Q1,85.08
Q,TOTAL,I15_Q,FI,2007-Q2,86.56
Q,TOTAL,I15_Q,FI,2007-Q3,86.82
Q,TOTAL,I15_Q,FI,2007-Q4,87.0
Q,TOTAL,I15_Q,FI,2008-Q1,87.88
Q,TOTAL,I15_Q,FI,2008-Q2,88.65
Q,TOTAL,I15_Q,FI,2008-Q3,87.52
Q,TOTAL,I15_Q,FI,2008-Q4,84.19
Q,TOTAL,I15_Q,FI,2009-Q1,86.17
Q,TOTAL,I15_Q,FI,2009-Q2,87.53
Q,TOTAL,I15_Q,FI,2009-Q3,88.85
Q,TOTAL,I15_Q,FI,2009-Q4,90.7
Q,TOTAL,I15_Q,FI,2010-Q1,92.75
Q,TOTAL,I15_Q,FI,2010-Q2,93.56
Q,TOTAL,I15_Q,FI,2010-Q3,94.62
Q,TOTAL,I15_Q,FI,2010-Q4,94.6
Q,TOTAL,I15_Q,FI,2011-Q1,95.84
Q,TOTAL,I15_Q,FI,2011-Q2,97.55
Q,TOTAL,I15_Q,FI,2011-Q3,97.31
Q,TOTAL,I15_Q,FI,2011-Q4,96.76
Q,TOTAL,I15_Q,FI,2012-Q1,98.39
Q,TOTAL,I15_Q,FI,2012-Q2,99.44
Q,TOTAL,I15_Q,FI,2012-Q3,99.36
Q,TOTAL,I15_Q,FI,2012-Q4,99.63
Q,TOTAL,I15_Q,FI,2013-Q1,100.26
Q,TOTAL,I15_Q,FI,2013-Q2,100.68
Q,TOTAL,I15_Q,FI,2013-Q3,100.54
Q,TOTAL,I15_Q,FI,2013-Q4,99.93
Q,TOTAL,I15_Q,FI,2014-Q1,100.06
Q,TOTAL,I15_Q,FI,2014-Q2,100.47
Q,TOTAL,I15_Q,FI,2014-Q3,100.03
Q,TOTAL,I15_Q,FI,2014-Q4,99.42
Q,TOTAL,I15_Q,FI,2015-Q1,99.49
Q,TOTAL,I15_Q,FI,2015-Q2,100.43
Q,TOTAL,I15_Q,FI,2015-Q3,100.28
Q,TOTAL,I15_Q,FI,2015-Q4,99.8
Q,TOTAL,I15_Q,FI,2016-Q1,100.52
Q,TOTAL,I15_Q,FI,2016-Q2,101.61
Q,TOTAL,I15_Q,FI,2016-Q3,101.93
Q,TOTAL,I15_Q,FI,2016-Q4,101.08
Q,TOTAL,I15_Q,FI,2017-Q1,101.7
Q,TOTAL,I15_Q,FI,2017-Q2,103.22
Q,TOTAL,I15_Q,FI,2017-Q3,102.51
Q,TOTAL,I15_Q,FI,2017-Q4,102.12
Q,TOTAL,I15_Q,FI,2018-Q1,102.74
Q,TOTAL,I15_Q,FI,2018-Q2,103.96
Q,TOTAL,I15_Q,FI,2018-Q3,103.49
Q,TOTAL,I15_Q,FI,2018-Q4,103.15
Q,TOTAL,I15_Q,FI,2019-Q1,103.09
Q,TOTAL,I15_Q,FI,2019-Q2,104.68
Q,TOTAL,I15_Q,FI,2019-Q3,104.02
Q,TOTAL,I15_Q,FI,2019-Q4,103.29
Q,TOTAL,I15_Q,FI,2020-Q1,104.28
Q,TOTAL,I15_Q,FI,2020-Q2,105.36
Q,TOTAL,I15_Q,FI,2020-Q3,105.79
Q,TOTAL,I15_Q,FI,2020-Q4,106.95
Q,TOTAL,I15_Q,FI,2021-Q1,108.58
Q,TOTAL,I15_Q,FI,2021-Q2,111.19
Q,TOTAL,I15_Q,FI,2021-Q3,110.93
Q,TOTAL,I15_Q,FI,2021-Q4,111.12
Q,TOTAL,I15_Q,FI,2022-Q1,111.85
Q,TOTAL,I15_Q,FI,2022-Q2,113.46
Q,TOTAL,I15_Q,FI,2022-Q3,112.24
Q,TOTAL,I15_Q,FI,2022-Q4,108.51
Q,TOTAL,I15_Q,FI,2023-Q1,105.75
Q,TOTAL,I15_Q,FI,2023-Q2,106.58
Q,TOTAL,I15_Q,FI,2023-Q3,103.51
Q,TOTAL,I15_Q,FI,2023-Q4,102.48
Q,TOTAL,I15_Q,FI,2024-Q1,101.5
Q,TOTAL,I15_Q,FI,2024-Q2,101.85
Q,TOTAL,I15_Q,FI,2024-Q3,101.45
Q,TOTAL,I15_Q,FI,2024-Q4,100.59
Q,TOTAL,I15_Q,FI,2025-Q1,99.19
Q,TOTAL,I15_Q,FI,2025-Q2,100.2
Q,TOTAL,I15_Q,FI,2025-Q3,98.7
Q,TOTAL,I15_Q,FI,2025-Q4,98.02
Q,TOTAL,I15_Q,FI,2026-Q1,97.21
Q,TOTAL,I15_Q,FR,2005-Q1,79.81
Q,TOTAL,I15_Q,FR,2005-Q2,83.19
Q,TOTAL,I15_Q,FR,2005-Q3,87.1
Q,TOTAL,I15_Q,FR,2005-Q4,88.77
Q,TOTAL,I15_Q,FR,2006-Q1,90.75
Q,TOTAL,I15_Q,FR,2006-Q2,93.57
Q,TOTAL,I15_Q,FR,2006-Q3,96.46
Q,TOTAL,I15_Q,FR,2006-Q4,97.26
Q,TOTAL,I15_Q,FR,2007-Q1,98.02
Q,TOTAL,I15_Q,FR,2007-Q2,99.74
Q,TOTAL,I15_Q,FR,2007-Q3,101.95
Q,TOTAL,I15_Q,FR,2007-Q4,102.57
Q,TOTAL,I15_Q,FR,2008-Q1,101.95
Q,TOTAL,I15_Q,FR,2008-Q2,102.35
Q,TOTAL,I15_Q,FR,2008-Q3,102.57
Q,TOTAL,I15_Q,FR,2008-Q4,99.19
Q,TOTAL,I15_Q,FR,2009-Q1,95.5
Q,TOTAL,I15_Q,FR,2009-Q2,94.16
Q,TOTAL,I15_Q,FR,2009-Q3,95.68
Q,TOTAL,I15_Q,FR,2009-Q4,95.95
Q,TOTAL,I15_Q,FR,2010-Q1,96.66
Q,TOTAL,I15_Q,FR,2010-Q2,98.6
Q,TOTAL,I15_Q,FR,2010-Q3,101.26
Q,TOTAL,I15_Q,FR,2010-Q4,102.45
Q,TOTAL,I15_Q,FR,2011-Q1,103.13
Q,TOTAL,I15_Q,FR,2011-Q2,105.14
Q,TOTAL,I15_Q,FR,2011-Q3,107.28
Q,TOTAL,I15_Q,FR,2011-Q4,106.28
Q,TOTAL,I15_Q,FR,2012-Q1,104.87
Q,TOTAL,I15_Q,FR,2012-Q2,104.94
Q,TOTAL,I15_Q,FR,2012-Q3,105.61
Q,TOTAL,I15_Q,FR,2012-Q4,104.1
Q,TOTAL,I15_Q,FR,2013-Q1,102.83
Q,TOTAL,I15_Q,FR,2013-Q2,102.73
Q,TOTAL,I15_Q,FR,2013-Q3,103.64
Q,TOTAL,I15_Q,FR,2013-Q4,102.52
Q,TOTAL,I15_Q,FR,2014-Q1,101.33
Q,TOTAL,I15_Q,FR,2014-Q2,101.53
Q,TOTAL,I15_Q,FR,2014-Q3,102.29
Q,TOTAL,I15_Q,FR,2014-Q4,100.28
Q,TOTAL,I15_Q,FR,2015-Q1,99.38
Q,TOTAL,I15_Q,FR,2015-Q2,99.55
Q,TOTAL,I15_Q,FR,2015-Q3,100.92
Q,TOTAL,I15_Q,FR,2015-Q4,100.15
Q,TOTAL,I15_Q,FR,2016-Q1,99.73
Q,TOTAL,I15_Q,FR,2016-Q2,100.24
Q,TOTAL,I15_Q,FR,2016-Q3,102.36
Q,TOTAL,I15_Q,FR,2016-Q4,101.84
Q,TOTAL,I15_Q,FR,2017-Q1,102.53
Q,TOTAL,I15_Q,FR,2017-Q2,103.53
Q,TOTAL,I15_Q,FR,2017-Q3,105.65
Q,TOTAL,I15_Q,FR,2017-Q4,105.24
Q,TOTAL,I15_Q,FR,2018-Q1,105.51
Q,TOTAL,I15_Q,FR,2018-Q2,106.42
Q,TOTAL,I15_Q,FR,2018-Q3,108.65
Q,TOTAL,I15_Q,FR,2018-Q4,108.58
Q,TOTAL,I15_Q,FR,2019-Q1,108.55
Q,TOTAL,I15_Q,FR,2019-Q2,109.85
Q,TOTAL,I15_Q,FR,2019-Q3,112.33
Q,TOTAL,I15_Q,FR,2019-Q4,112.69
Q,TOTAL,I15_Q,FR,2020-Q1,113.87
Q,TOTAL,I15_Q,FR,2020-Q2,115.52
Q,TOTAL,I15_Q,FR,2020-Q3,117.8
Q,TOTAL,I15_Q,FR,2020-Q4,119.27
Q,TOTAL,I15_Q,FR,2021-Q1,120.22
Q,TOTAL,I15_Q,FR,2021-Q2,122.53
Q,TOTAL,I15_Q,FR,2021-Q3,126.24
Q,TOTAL,I15_Q,FR,2021-Q4,127.52
Q,TOTAL,I15_Q,FR,2022-Q1,128.6
Q,TOTAL,I15_Q,FR,2022-Q2,130.83
Q,TOTAL,I15_Q,FR,2022-Q3,134.34
Q,TOTAL,I15_Q,FR,2022-Q4,133.5
Q,TOTAL,I15_Q,FR,2023-Q1,132.32
Q,TOTAL,I15_Q,FR,2023-Q2,131.72
Q,TOTAL,I15_Q,FR,2023-Q3,132.25
Q,TOTAL,I15_Q,FR,2023-Q4,128.73
Q,TOTAL,I15_Q,FR,2024-Q1,125.96
Q,TOTAL,I15_Q,FR,2024-Q2,125.68
Q,TOTAL,I15_Q,FR,2024-Q3,127.64
Q,TOTAL,I15_Q,FR,2024-Q4,126.28
Q,TOTAL,I15_Q,FR,2025-Q1,126.54
Q,TOTAL,I15_Q,FR,2025-Q2,126.54
Q,TOTAL,I15_Q,FR,2025-Q3,128.48
Q,TOTAL,I15_Q,FR,2025-Q4,127.46
Q,TOTAL,I15_Q,FR,2026-Q1,126.67
Q,TOTAL,I15_Q,HR,2007-Q4,124.77
Q,TOTAL,I15_Q,HR,2008-Q1,123.49
Q,TOTAL,I15_Q,HR,2008-Q2,124.22
Q,TOTAL,I15_Q,HR,2008-Q3,126.51
Q,TOTAL,I15_Q,HR,2008-Q4,123.23
Q,TOTAL,I15_Q,HR,2009-Q1,122.73
Q,TOTAL,I15_Q,HR,2009-Q2,118.47
Q,TOTAL,I15_Q,HR,2009-Q3,116.32
Q,TOTAL,I15_Q,HR,2009-Q4,114.34
Q,TOTAL,I15_Q,HR,2010-Q1,112.08
Q,TOTAL,I15_Q,HR,2010-Q2,110.54
Q,TOTAL,I15_Q,HR,2010-Q3,109.63
Q,TOTAL,I15_Q,HR,2010-Q4,109.78
Q,TOTAL,I15_Q,HR,2011-Q1,108.82
Q,TOTAL,I15_Q,HR,2011-Q2,110.42
Q,TOTAL,I15_Q,HR,2011-Q3,111.22
Q,TOTAL,I15_Q,HR,2011-Q4,111.86
Q,TOTAL,I15_Q,HR,2012-Q1,111.2
Q,TOTAL,I15_Q,HR,2012-Q2,109.66
Q,TOTAL,I15_Q,HR,2012-Q3,108.94
Q,TOTAL,I15_Q,HR,2012-Q4,105.37
Q,TOTAL,I15_Q,HR,2013-Q1,105.0
Q,TOTAL,I15_Q,HR,2013-Q2,104.49
Q,TOTAL,I15_Q,HR,2013-Q3,104.68
Q,TOTAL,I15_Q,HR,2013-Q4,103.48
Q,TOTAL,I15_Q,HR,2014-Q1,102.88
Q,TOTAL,I15_Q,HR,2014-Q2,103.73
Q,TOTAL,I15_Q,HR,2014-Q3,102.83
Q,TOTAL,I15_Q,HR,2014-Q4,101.93
Q,TOTAL,I15_Q,HR,2015-Q1,101.08
Q,TOTAL,I15_Q,HR,2015-Q2,99.19
Q,TOTAL,I15_Q,HR,2015-Q3,99.8
Q,TOTAL,I15_Q,HR,2015-Q4,99.94
Q,TOTAL,I15_Q,HR,2016-Q1,101.24
Q,TOTAL,I15_Q,HR,2016-Q2,100.5
Q,TOTAL,I15_Q,HR,2016-Q3,101.47
Q,TOTAL,I15_Q,HR,2016-Q4,100.93
Q,TOTAL,I15_Q,HR,2017-Q1,101.06
Q,TOTAL,I15_Q,HR,2017-Q2,104.75
Q,TOTAL,I15_Q,HR,2017-Q3,105.38
Q,TOTAL,I15_Q,HR,2017-Q4,108.76
Q,TOTAL,I15_Q,HR,2018-Q1,109.86
Q,TOTAL,I15_Q,HR,2018-Q2,109.92
Q,TOTAL,I15_Q,HR,2018-Q3,113.13
Q,TOTAL,I15_Q,HR,2018-Q4,114.29
Q,TOTAL,I15_Q,HR,2019-Q1,118.53
Q,TOTAL,I15_Q,HR,2019-Q2,121.17
Q,TOTAL,I15_Q,HR,2019-Q3,121.83
Q,TOTAL,I15_Q,HR,2019-Q4,125.03
Q,TOTAL,I15_Q,HR,2020-Q1,128.49
Q,TOTAL,I15_Q,HR,2020-Q2,130.77
Q,TOTAL,I15_Q,HR,2020-Q3,130.12
Q,TOTAL,I15_Q,HR,2020-Q4,132.93
Q,TOTAL,I15_Q,HR,2021-Q1,134.65
Q,TOTAL,I15_Q,HR,2021-Q2,139.42
Q,TOTAL,I15_Q,HR,2021-Q3,141.86
Q,TOTAL,I15_Q,HR,2021-Q4,145.54
Q,TOTAL,I15_Q,HR,2022-Q1,153.12
Q,TOTAL,I15_Q,HR,2022-Q2,158.52
Q,TOTAL,I15_Q,HR,2022-Q3,162.86
Q,TOTAL,I15_Q,HR,2022-Q4,170.23
Q,TOTAL,I15_Q,HR,2023-Q1,174.41
Q,TOTAL,I15_Q,HR,2023-Q2,180.6
Q,TOTAL,I15_Q,HR,2023-Q3,180.57
Q,TOTAL,I15_Q,HR,2023-Q4,186.92
Q,TOTAL,I15_Q,HR,2024-Q1,189.95
Q,TOTAL,I15_Q,HR,2024-Q2,198.65
Q,TOTAL,I15_Q,HR,2024-Q3,203.54
Q,TOTAL,I15_Q,HR,2024-Q4,205.61
Q,TOTAL,I15_Q,HR,2025-Q1,215.27
Q,TOTAL,I15_Q,HR,2025-Q2,224.14
Q,TOTAL,I15_Q,HR,2025-Q3,230.67
Q,TOTAL,I15_Q,HR,2025-Q4,238.27
Q,TOTAL,I15_Q,HR,2026-Q1,246.07
Q,TOTAL,I15_Q,HU,2007-Q1,95.04
Q,TOTAL,I15_Q,HU,2007-Q2,97.35
Q,TOTAL,I15_Q,HU,2007-Q3,101.2
Q,TOTAL,I15_Q,HU,2007-Q4,102.05
Q,TOTAL,I15_Q,HU,2008-Q1,100.55
Q,TOTAL,I15_Q,HU,2008-Q2,101.9
Q,TOTAL,I15_Q,HU,2008-Q3,102.29
Q,TOTAL,I15_Q,HU,2008-Q4,100.29
Q,TOTAL,I15_Q,HU,2009-Q1,99.69
Q,TOTAL,I15_Q,HU,2009-Q2,96.65
Q,TOTAL,I15_Q,HU,2009-Q3,95.05
Q,TOTAL,I15_Q,HU,2009-Q4,92.42
Q,TOTAL,I15_Q,HU,2010-Q1,94.69
Q,TOTAL,I15_Q,HU,2010-Q2,94.21
Q,TOTAL,I15_Q,HU,2010-Q3,93.75
Q,TOTAL,I15_Q,HU,2010-Q4,91.99
Q,TOTAL,I15_Q,HU,2011-Q1,91.73
Q,TOTAL,I15_Q,HU,2011-Q2,90.97
Q,TOTAL,I15_Q,HU,2011-Q3,89.75
Q,TOTAL,I15_Q,HU,2011-Q4,89.34
Q,TOTAL,I15_Q,HU,2012-Q1,90.21
Q,TOTAL,I15_Q,HU,2012-Q2,87.12
Q,TOTAL,I15_Q,HU,2012-Q3,86.39
Q,TOTAL,I15_Q,HU,2012-Q4,84.67
Q,TOTAL,I15_Q,HU,2013-Q1,84.95
Q,TOTAL,I15_Q,HU,2013-Q2,85.14
Q,TOTAL,I15_Q,HU,2013-Q3,85.26
Q,TOTAL,I15_Q,HU,2013-Q4,84.13
Q,TOTAL,I15_Q,HU,2014-Q1,85.75
Q,TOTAL,I15_Q,HU,2014-Q2,87.55
Q,TOTAL,I15_Q,HU,2014-Q3,89.19
Q,TOTAL,I15_Q,HU,2014-Q4,91.22
Q,TOTAL,I15_Q,HU,2015-Q1,93.6
Q,TOTAL,I15_Q,HU,2015-Q2,98.69
Q,TOTAL,I15_Q,HU,2015-Q3,103.06
Q,TOTAL,I15_Q,HU,2015-Q4,104.65
Q,TOTAL,I15_Q,HU,2016-Q1,109.39
Q,TOTAL,I15_Q,HU,2016-Q2,111.97
Q,TOTAL,I15_Q,HU,2016-Q3,115.2
Q,TOTAL,I15_Q,HU,2016-Q4,116.95
Q,TOTAL,I15_Q,HU,2017-Q1,122.24
Q,TOTAL,I15_Q,HU,2017-Q2,125.48
Q,TOTAL,I15_Q,HU,2017-Q3,129.28
Q,TOTAL,I15_Q,HU,2017-Q4,131.96
Q,TOTAL,I15_Q,HU,2018-Q1,138.65
Q,TOTAL,I15_Q,HU,2018-Q2,142.52
Q,TOTAL,I15_Q,HU,2018-Q3,148.49
Q,TOTAL,I15_Q,HU,2018-Q4,152.32
Q,TOTAL,I15_Q,HU,2019-Q1,165.03
Q,TOTAL,I15_Q,HU,2019-Q2,170.54
Q,TOTAL,I15_Q,HU,2019-Q3,173.22
Q,TOTAL,I15_Q,HU,2019-Q4,171.88
Q,TOTAL,I15_Q,HU,2020-Q1,178.74
Q,TOTAL,I15_Q,HU,2020-Q2,174.9
Q,TOTAL,I15_Q,HU,2020-Q3,181.59
Q,TOTAL,I15_Q,HU,2020-Q4,179.08
Q,TOTAL,I15_Q,HU,2021-Q1,195.95
Q,TOTAL,I15_Q,HU,2021-Q2,204.4
Q,TOTAL,I15_Q,HU,2021-Q3,211.94
Q,TOTAL,I15_Q,HU,2021-Q4,219.86
Q,TOTAL,I15_Q,HU,2022-Q1,241.42
Q,TOTAL,I15_Q,HU,2022-Q2,255.23
Q,TOTAL,I15_Q,HU,2022-Q3,262.98
Q,TOTAL,I15_Q,HU,2022-Q4,258.43
Q,TOTAL,I15_Q,HU,2023-Q1,268.81
Q,TOTAL,I15_Q,HU,2023-Q2,271.54
Q,TOTAL,I15_Q,HU,2023-Q3,272.63
Q,TOTAL,I15_Q,HU,2023-Q4,277.19
Q,TOTAL,I15_Q,HU,2024-Q1,300.99
Q,TOTAL,I15_Q,HU,2024-Q2,306.51
Q,TOTAL,I15_Q,HU,2024-Q3,309.83
Q,TOTAL,I15_Q,HU,2024-Q4,322.11
Q,TOTAL,I15_Q,HU,2025-Q1,348.21
Q,TOTAL,I15_Q,HU,2025-Q2,353.91
Q,TOTAL,I15_Q,HU,2025-Q3,375.11
Q,TOTAL,I15_Q,HU,2025-Q4,389.23
Q,TOTAL,I15_Q,HU,2026-Q1,387.14
Q,TOTAL,I15_Q,IE,2005-Q1,125.92
Q,TOTAL,I15_Q,IE,2005-Q2,128.58
Q,TOTAL,I15_Q,IE,2005-Q3,133.58
Q,TOTAL,I15_Q,IE,2005-Q4,139.46
Q,TOTAL,I15_Q,IE,2006-Q1,141.99
Q,TOTAL,I15_Q,IE,2006-Q2,147.62
Q,TOTAL,I15_Q,IE,2006-Q3,156.49
Q,TOTAL,I15_Q,IE,2006-Q4,159.91
Q,TOTAL,I15_Q,IE,2007-Q1,162.7
Q,TOTAL,I15_Q,IE,2007-Q2,163.29
Q,TOTAL,I15_Q,IE,2007-Q3,163.07
Q,TOTAL,I15_Q,IE,2007-Q4,162.16
Q,TOTAL,I15_Q,IE,2008-Q1,158.74
Q,TOTAL,I15_Q,IE,2008-Q2,154.41
Q,TOTAL,I15_Q,IE,2008-Q3,150.29
Q,TOTAL,I15_Q,IE,2008-Q4,142.58
Q,TOTAL,I15_Q,IE,2009-Q1,132.58
Q,TOTAL,I15_Q,IE,2009-Q2,123.46
Q,TOTAL,I15_Q,IE,2009-Q3,118.33
Q,TOTAL,I15_Q,IE,2009-Q4,115.58
Q,TOTAL,I15_Q,IE,2010-Q1,111.53
Q,TOTAL,I15_Q,IE,2010-Q2,107.73
Q,TOTAL,I15_Q,IE,2010-Q3,104.59
Q,TOTAL,I15_Q,IE,2010-Q4,99.98
Q,TOTAL,I15_Q,IE,2011-Q1,95.45
Q,TOTAL,I15_Q,IE,2011-Q2,90.5
Q,TOTAL,I15_Q,IE,2011-Q3,85.12
Q,TOTAL,I15_Q,IE,2011-Q4,80.38
Q,TOTAL,I15_Q,IE,2012-Q1,76.76
Q,TOTAL,I15_Q,IE,2012-Q2,75.0
Q,TOTAL,I15_Q,IE,2012-Q3,75.89
Q,TOTAL,I15_Q,IE,2012-Q4,76.5
Q,TOTAL,I15_Q,IE,2013-Q1,74.32
Q,TOTAL,I15_Q,IE,2013-Q2,74.33
Q,TOTAL,I15_Q,IE,2013-Q3,78.52
Q,TOTAL,I15_Q,IE,2013-Q4,80.77
Q,TOTAL,I15_Q,IE,2014-Q1,82.04
Q,TOTAL,I15_Q,IE,2014-Q2,86.62
Q,TOTAL,I15_Q,IE,2014-Q3,93.63
Q,TOTAL,I15_Q,IE,2014-Q4,96.59
Q,TOTAL,I15_Q,IE,2015-Q1,96.43
Q,TOTAL,I15_Q,IE,2015-Q2,98.6
Q,TOTAL,I15_Q,IE,2015-Q3,101.73
Q,TOTAL,I15_Q,IE,2015-Q4,103.25
Q,TOTAL,I15_Q,IE,2016-Q1,103.67
Q,TOTAL,I15_Q,IE,2016-Q2,104.79
Q,TOTAL,I15_Q,IE,2016-Q3,109.33
Q,TOTAL,I15_Q,IE,2016-Q4,112.06
Q,TOTAL,I15_Q,IE,2017-Q1,113.36
Q,TOTAL,I15_Q,IE,2017-Q2,115.86
Q,TOTAL,I15_Q,IE,2017-Q3,122.18
Q,TOTAL,I15_Q,IE,2017-Q4,125.15
Q,TOTAL,I15_Q,IE,2018-Q1,127.34
Q,TOTAL,I15_Q,IE,2018-Q2,130.44
Q,TOTAL,I15_Q,IE,2018-Q3,133.31
Q,TOTAL,I15_Q,IE,2018-Q4,134.23
Q,TOTAL,I15_Q,IE,2019-Q1,132.98
Q,TOTAL,I15_Q,IE,2019-Q2,133.7
Q,TOTAL,I15_Q,IE,2019-Q3,135.63
Q,TOTAL,I15_Q,IE,2019-Q4,135.32
Q,TOTAL,I15_Q,IE,2020-Q1,134.3
Q,TOTAL,I15_Q,IE,2020-Q2,134.15
Q,TOTAL,I15_Q,IE,2020-Q3,134.55
Q,TOTAL,I15_Q,IE,2020-Q4,136.28
Q,TOTAL,I15_Q,IE,2021-Q1,138.34
Q,TOTAL,I15_Q,IE,2021-Q2,141.65
Q,TOTAL,I15_Q,IE,2021-Q3,148.81
Q,TOTAL,I15_Q,IE,2021-Q4,155.1
Q,TOTAL,I15_Q,IE,2022-Q1,159.07
Q,TOTAL,I15_Q,IE,2022-Q2,161.89
Q,TOTAL,I15_Q,IE,2022-Q3,166.47
Q,TOTAL,I15_Q,IE,2022-Q4,168.41
Q,TOTAL,I15_Q,IE,2023-Q1,167.16
Q,TOTAL,I15_Q,IE,2023-Q2,166.3
Q,TOTAL,I15_Q,IE,2023-Q3,168.79
Q,TOTAL,I15_Q,IE,2023-Q4,173.69
Q,TOTAL,I15_Q,IE,2024-Q1,177.7
Q,TOTAL,I15_Q,IE,2024-Q2,180.34
Q,TOTAL,I15_Q,IE,2024-Q3,185.5
Q,TOTAL,I15_Q,IE,2024-Q4,189.97
Q,TOTAL,I15_Q,IE,2025-Q1,191.83
Q,TOTAL,I15_Q,IE,2025-Q2,194.34
Q,TOTAL,I15_Q,IE,2025-Q3,199.36
Q,TOTAL,I15_Q,IE,2025-Q4,203.23
Q,TOTAL,I15_Q,IE,2026-Q1,204.79
Q,TOTAL,I15_Q,IS,2005-Q1,53.61
Q,TOTAL,I15_Q,IS,2005-Q2,59.31
Q,TOTAL,I15_Q,IS,2005-Q3,63.41
Q,TOTAL,I15_Q,IS,2005-Q4,66.07
Q,TOTAL,I15_Q,IS,2006-Q1,68.39
Q,TOTAL,I15_Q,IS,2006-Q2,70.83
Q,TOTAL,I15_Q,IS,2006-Q3,71.99
Q,TOTAL,I15_Q,IS,2006-Q4,71.96
Q,TOTAL,I15_Q,IS,2007-Q1,72.34
Q,TOTAL,I15_Q,IS,2007-Q2,75.82
Q,TOTAL,I15_Q,IS,2007-Q3,79.41
Q,TOTAL,I15_Q,IS,2007-Q4,82.2
Q,TOTAL,I15_Q,IS,2008-Q1,83.15
Q,TOTAL,I15_Q,IS,2008-Q2,82.83
Q,TOTAL,I15_Q,IS,2008-Q3,82.45
Q,TOTAL,I15_Q,IS,2008-Q4,80.6
Q,TOTAL,I15_Q,IS,2009-Q1,77.49
Q,TOTAL,I15_Q,IS,2009-Q2,73.72
Q,TOTAL,I15_Q,IS,2009-Q3,72.11
Q,TOTAL,I15_Q,IS,2009-Q4,73.79
Q,TOTAL,I15_Q,IS,2010-Q1,71.56
Q,TOTAL,I15_Q,IS,2010-Q2,71.83
Q,TOTAL,I15_Q,IS,2010-Q3,72.0
Q,TOTAL,I15_Q,IS,2010-Q4,72.7
Q,TOTAL,I15_Q,IS,2011-Q1,72.41
Q,TOTAL,I15_Q,IS,2011-Q2,74.76
Q,TOTAL,I15_Q,IS,2011-Q3,76.35
Q,TOTAL,I15_Q,IS,2011-Q4,77.91
Q,TOTAL,I15_Q,IS,2012-Q1,78.78
Q,TOTAL,I15_Q,IS,2012-Q2,80.45
Q,TOTAL,I15_Q,IS,2012-Q3,81.46
Q,TOTAL,I15_Q,IS,2012-Q4,81.57
Q,TOTAL,I15_Q,IS,2013-Q1,82.12
Q,TOTAL,I15_Q,IS,2013-Q2,84.35
Q,TOTAL,I15_Q,IS,2013-Q3,86.43
Q,TOTAL,I15_Q,IS,2013-Q4,87.93
Q,TOTAL,I15_Q,IS,2014-Q1,89.94
Q,TOTAL,I15_Q,IS,2014-Q2,92.06
Q,TOTAL,I15_Q,IS,2014-Q3,92.98
Q,TOTAL,I15_Q,IS,2014-Q4,94.56
Q,TOTAL,I15_Q,IS,2015-Q1,97.26
Q,TOTAL,I15_Q,IS,2015-Q2,99.42
Q,TOTAL,I15_Q,IS,2015-Q3,100.54
Q,TOTAL,I15_Q,IS,2015-Q4,102.78
Q,TOTAL,I15_Q,IS,2016-Q1,104.94
Q,TOTAL,I15_Q,IS,2016-Q2,106.65
Q,TOTAL,I15_Q,IS,2016-Q3,110.76
Q,TOTAL,I15_Q,IS,2016-Q4,116.72
Q,TOTAL,I15_Q,IS,2017-Q1,122.09
Q,TOTAL,I15_Q,IS,2017-Q2,130.11
Q,TOTAL,I15_Q,IS,2017-Q3,135.64
Q,TOTAL,I15_Q,IS,2017-Q4,136.94
Q,TOTAL,I15_Q,IS,2018-Q1,138.82
Q,TOTAL,I15_Q,IS,2018-Q2,140.51
Q,TOTAL,I15_Q,IS,2018-Q3,143.46
Q,TOTAL,I15_Q,IS,2018-Q4,145.24
Q,TOTAL,I15_Q,IS,2019-Q1,146.18
Q,TOTAL,I15_Q,IS,2019-Q2,147.15
Q,TOTAL,I15_Q,IS,2019-Q3,148.17
Q,TOTAL,I15_Q,IS,2019-Q4,151.66
Q,TOTAL,I15_Q,IS,2020-Q1,153.05
Q,TOTAL,I15_Q,IS,2020-Q2,156.3
Q,TOTAL,I15_Q,IS,2020-Q3,159.19
Q,TOTAL,I15_Q,IS,2020-Q4,162.62
Q,TOTAL,I15_Q,IS,2021-Q1,166.26
Q,TOTAL,I15_Q,IS,2021-Q2,174.99
Q,TOTAL,I15_Q,IS,2021-Q3,180.92
Q,TOTAL,I15_Q,IS,2021-Q4,188.09
Q,TOTAL,I15_Q,IS,2022-Q1,196.06
Q,TOTAL,I15_Q,IS,2022-Q2,211.23
Q,TOTAL,I15_Q,IS,2022-Q3,224.47
Q,TOTAL,I15_Q,IS,2022-Q4,227.61
Q,TOTAL,I15_Q,IS,2023-Q1,226.99
Q,TOTAL,I15_Q,IS,2023-Q2,232.6
Q,TOTAL,I15_Q,IS,2023-Q3,230.49
Q,TOTAL,I15_Q,IS,2023-Q4,236.19
Q,TOTAL,I15_Q,IS,2024-Q1,239.87
Q,TOTAL,I15_Q,IS,2024-Q2,246.9
Q,TOTAL,I15_Q,IS,2024-Q3,256.22
Q,TOTAL,I15_Q,IS,2024-Q4,257.89
Q,TOTAL,I15_Q,IS,2025-Q1,258.38
Q,TOTAL,I15_Q,IS,2025-Q2,262.48
Q,TOTAL,I15_Q,IS,2025-Q3,265.13
Q,TOTAL,I15_Q,IS,2025-Q4,266.4
Q,TOTAL,I15_Q,IS,2026-Q1,265.73
Q,TOTAL,I15_Q,IT,2010-Q1,116.8
Q,TOTAL,I15_Q,IT,2010-Q2,117.9
Q,TOTAL,I15_Q,IT,2010-Q3,118.8
Q,TOTAL,I15_Q,IT,2010-Q4,118.9
Q,TOTAL,I15_Q,IT,2011-Q1,118.3
Q,TOTAL,I15_Q,IT,2011-Q2,120.7
Q,TOTAL,I15_Q,IT,2011-Q3,120.3
Q,TOTAL,I15_Q,IT,2011-Q4,119.5
Q,TOTAL,I15_Q,IT,2012-Q1,119.0
Q,TOTAL,I15_Q,IT,2012-Q2,118.1
Q,TOTAL,I15_Q,IT,2012-Q3,115.9
Q,TOTAL,I15_Q,IT,2012-Q4,113.6
Q,TOTAL,I15_Q,IT,2013-Q1,110.5
Q,TOTAL,I15_Q,IT,2013-Q2,110.2
Q,TOTAL,I15_Q,IT,2013-Q3,108.6
Q,TOTAL,I15_Q,IT,2013-Q4,107.1
Q,TOTAL,I15_Q,IT,2014-Q1,105.7
Q,TOTAL,I15_Q,IT,2014-Q2,104.7
Q,TOTAL,I15_Q,IT,2014-Q3,103.5
Q,TOTAL,I15_Q,IT,2014-Q4,101.9
Q,TOTAL,I15_Q,IT,2015-Q1,99.7
Q,TOTAL,I15_Q,IT,2015-Q2,99.8
Q,TOTAL,I15_Q,IT,2015-Q3,100.7
Q,TOTAL,I15_Q,IT,2015-Q4,99.8
Q,TOTAL,I15_Q,IT,2016-Q1,99.8
Q,TOTAL,I15_Q,IT,2016-Q2,100.5
Q,TOTAL,I15_Q,IT,2016-Q3,100.7
Q,TOTAL,I15_Q,IT,2016-Q4,100.0
Q,TOTAL,I15_Q,IT,2017-Q1,99.1
Q,TOTAL,I15_Q,IT,2017-Q2,99.6
Q,TOTAL,I15_Q,IT,2017-Q3,99.2
Q,TOTAL,I15_Q,IT,2017-Q4,98.8
Q,TOTAL,I15_Q,IT,2018-Q1,98.6
Q,TOTAL,I15_Q,IT,2018-Q2,99.2
Q,TOTAL,I15_Q,IT,2018-Q3,98.4
Q,TOTAL,I15_Q,IT,2018-Q4,98.3
Q,TOTAL,I15_Q,IT,2019-Q1,97.7
Q,TOTAL,I15_Q,IT,2019-Q2,99.1
Q,TOTAL,I15_Q,IT,2019-Q3,98.8
Q,TOTAL,I15_Q,IT,2019-Q4,98.5
Q,TOTAL,I15_Q,IT,2020-Q1,99.4
Q,TOTAL,I15_Q,IT,2020-Q2,102.4
Q,TOTAL,I15_Q,IT,2020-Q3,99.8
Q,TOTAL,I15_Q,IT,2020-Q4,100.0
Q,TOTAL,I15_Q,IT,2021-Q1,101.1
Q,TOTAL,I15_Q,IT,2021-Q2,102.8
Q,TOTAL,I15_Q,IT,2021-Q3,103.9
Q,TOTAL,I15_Q,IT,2021-Q4,104.0
Q,TOTAL,I15_Q,IT,2022-Q1,105.7
Q,TOTAL,I15_Q,IT,2022-Q2,108.1
Q,TOTAL,I15_Q,IT,2022-Q3,106.9
Q,TOTAL,I15_Q,IT,2022-Q4,106.8
Q,TOTAL,I15_Q,IT,2023-Q1,106.8
Q,TOTAL,I15_Q,IT,2023-Q2,108.8
Q,TOTAL,I15_Q,IT,2023-Q3,108.7
Q,TOTAL,I15_Q,IT,2023-Q4,108.7
Q,TOTAL,I15_Q,IT,2024-Q1,108.5
Q,TOTAL,I15_Q,IT,2024-Q2,112.0
Q,TOTAL,I15_Q,IT,2024-Q3,112.8
Q,TOTAL,I15_Q,IT,2024-Q4,113.5
Q,TOTAL,I15_Q,IT,2025-Q1,113.3
Q,TOTAL,I15_Q,IT,2025-Q2,116.4
Q,TOTAL,I15_Q,IT,2025-Q3,117.0
Q,TOTAL,I15_Q,IT,2025-Q4,118.0
Q,TOTAL,I15_Q,IT,2026-Q1,119.2
Q,TOTAL,I15_Q,LT,2006-Q1,86.6
Q,TOTAL,I15_Q,LT,2006-Q2,87.4
Q,TOTAL,I15_Q,LT,2006-Q3,96.21
Q,TOTAL,I15_Q,LT,2006-Q4,106.78
Q,TOTAL,I15_Q,LT,2007-Q1,111.26
Q,TOTAL,I15_Q,LT,2007-Q2,115.87
Q,TOTAL,I15_Q,LT,2007-Q3,123.42
Q,TOTAL,I15_Q,LT,2007-Q4,125.67
Q,TOTAL,I15_Q,LT,2008-Q1,129.9
Q,TOTAL,I15_Q,LT,2008-Q2,134.49
Q,TOTAL,I15_Q,LT,2008-Q3,132.09
Q,TOTAL,I15_Q,LT,2008-Q4,122.54
Q,TOTAL,I15_Q,LT,2009-Q1,97.97
Q,TOTAL,I15_Q,LT,2009-Q2,92.79
Q,TOTAL,I15_Q,LT,2009-Q3,88.52
Q,TOTAL,I15_Q,LT,2009-Q4,84.41
Q,TOTAL,I15_Q,LT,2010-Q1,82.75
Q,TOTAL,I15_Q,LT,2010-Q2,84.57
Q,TOTAL,I15_Q,LT,2010-Q3,83.94
Q,TOTAL,I15_Q,LT,2010-Q4,85.55
Q,TOTAL,I15_Q,LT,2011-Q1,89.2
Q,TOTAL,I15_Q,LT,2011-Q2,89.88
Q,TOTAL,I15_Q,LT,2011-Q3,89.67
Q,TOTAL,I15_Q,LT,2011-Q4,90.31
Q,TOTAL,I15_Q,LT,2012-Q1,89.99
Q,TOTAL,I15_Q,LT,2012-Q2,89.05
Q,TOTAL,I15_Q,LT,2012-Q3,89.94
Q,TOTAL,I15_Q,LT,2012-Q4,89.25
Q,TOTAL,I15_Q,LT,2013-Q1,89.86
Q,TOTAL,I15_Q,LT,2013-Q2,91.2
Q,TOTAL,I15_Q,LT,2013-Q3,89.6
Q,TOTAL,I15_Q,LT,2013-Q4,91.92
Q,TOTAL,I15_Q,LT,2014-Q1,93.33
Q,TOTAL,I15_Q,LT,2014-Q2,97.11
Q,TOTAL,I15_Q,LT,2014-Q3,98.68
Q,TOTAL,I15_Q,LT,2014-Q4,96.76
Q,TOTAL,I15_Q,LT,2015-Q1,97.49
Q,TOTAL,I15_Q,LT,2015-Q2,100.49
Q,TOTAL,I15_Q,LT,2015-Q3,102.07
Q,TOTAL,I15_Q,LT,2015-Q4,99.95
Q,TOTAL,I15_Q,LT,2016-Q1,100.78
Q,TOTAL,I15_Q,LT,2016-Q2,103.91
Q,TOTAL,I15_Q,LT,2016-Q3,107.48
Q,TOTAL,I15_Q,LT,2016-Q4,109.43
Q,TOTAL,I15_Q,LT,2017-Q1,111.07
Q,TOTAL,I15_Q,LT,2017-Q2,114.52
Q,TOTAL,I15_Q,LT,2017-Q3,116.66
Q,TOTAL,I15_Q,LT,2017-Q4,116.94
Q,TOTAL,I15_Q,LT,2018-Q1,119.78
Q,TOTAL,I15_Q,LT,2018-Q2,123.0
Q,TOTAL,I15_Q,LT,2018-Q3,124.35
Q,TOTAL,I15_Q,LT,2018-Q4,125.59
Q,TOTAL,I15_Q,LT,2019-Q1,129.2
Q,TOTAL,I15_Q,LT,2019-Q2,131.11
Q,TOTAL,I15_Q,LT,2019-Q3,132.36
Q,TOTAL,I15_Q,LT,2019-Q4,133.77
Q,TOTAL,I15_Q,LT,2020-Q1,137.26
Q,TOTAL,I15_Q,LT,2020-Q2,140.25
Q,TOTAL,I15_Q,LT,2020-Q3,140.85
Q,TOTAL,I15_Q,LT,2020-Q4,146.35
Q,TOTAL,I15_Q,LT,2021-Q1,153.69
Q,TOTAL,I15_Q,LT,2021-Q2,158.87
Q,TOTAL,I15_Q,LT,2021-Q3,167.44
Q,TOTAL,I15_Q,LT,2021-Q4,175.36
Q,TOTAL,I15_Q,LT,2022-Q1,183.12
Q,TOTAL,I15_Q,LT,2022-Q2,193.91
Q,TOTAL,I15_Q,LT,2022-Q3,199.7
Q,TOTAL,I15_Q,LT,2022-Q4,203.46
Q,TOTAL,I15_Q,LT,2023-Q1,207.18
Q,TOTAL,I15_Q,LT,2023-Q2,212.05
Q,TOTAL,I15_Q,LT,2023-Q3,217.15
Q,TOTAL,I15_Q,LT,2023-Q4,220.4
Q,TOTAL,I15_Q,LT,2024-Q1,227.7
Q,TOTAL,I15_Q,LT,2024-Q2,234.01
Q,TOTAL,I15_Q,LT,2024-Q3,236.4
Q,TOTAL,I15_Q,LT,2024-Q4,241.98
Q,TOTAL,I15_Q,LT,2025-Q1,247.69
Q,TOTAL,I15_Q,LT,2025-Q2,254.53
Q,TOTAL,I15_Q,LT,2025-Q3,262.01
Q,TOTAL,I15_Q,LT,2025-Q4,268.22
Q,TOTAL,I15_Q,LT,2026-Q1,277.17
Q,TOTAL,I15_Q,LU,2007-Q1,72.68
Q,TOTAL,I15_Q,LU,2007-Q2,73.17
Q,TOTAL,I15_Q,LU,2007-Q3,76.14
Q,TOTAL,I15_Q,LU,2007-Q4,75.73
Q,TOTAL,I15_Q,LU,2008-Q1,75.39
Q,TOTAL,I15_Q,LU,2008-Q2,77.56
Q,TOTAL,I15_Q,LU,2008-Q3,77.28
Q,TOTAL,I15_Q,LU,2008-Q4,77.44
Q,TOTAL,I15_Q,LU,2009-Q1,75.59
Q,TOTAL,I15_Q,LU,2009-Q2,76.06
Q,TOTAL,I15_Q,LU,2009-Q3,75.37
Q,TOTAL,I15_Q,LU,2009-Q4,77.1
Q,TOTAL,I15_Q,LU,2010-Q1,80.11
Q,TOTAL,I15_Q,LU,2010-Q2,79.0
Q,TOTAL,I15_Q,LU,2010-Q3,80.21
Q,TOTAL,I15_Q,LU,2010-Q4,81.29
Q,TOTAL,I15_Q,LU,2011-Q1,80.94
Q,TOTAL,I15_Q,LU,2011-Q2,82.89
Q,TOTAL,I15_Q,LU,2011-Q3,82.88
Q,TOTAL,I15_Q,LU,2011-Q4,85.68
Q,TOTAL,I15_Q,LU,2012-Q1,84.61
Q,TOTAL,I15_Q,LU,2012-Q2,86.27
Q,TOTAL,I15_Q,LU,2012-Q3,86.5
Q,TOTAL,I15_Q,LU,2012-Q4,88.97
Q,TOTAL,I15_Q,LU,2013-Q1,89.17
Q,TOTAL,I15_Q,LU,2013-Q2,90.28
Q,TOTAL,I15_Q,LU,2013-Q3,91.42
Q,TOTAL,I15_Q,LU,2013-Q4,92.75
Q,TOTAL,I15_Q,LU,2014-Q1,91.37
Q,TOTAL,I15_Q,LU,2014-Q2,94.74
Q,TOTAL,I15_Q,LU,2014-Q3,96.0
Q,TOTAL,I15_Q,LU,2014-Q4,97.46
Q,TOTAL,I15_Q,LU,2015-Q1,97.81
Q,TOTAL,I15_Q,LU,2015-Q2,99.82
Q,TOTAL,I15_Q,LU,2015-Q3,101.29
Q,TOTAL,I15_Q,LU,2015-Q4,101.08
Q,TOTAL,I15_Q,LU,2016-Q1,102.67
Q,TOTAL,I15_Q,LU,2016-Q2,105.56
Q,TOTAL,I15_Q,LU,2016-Q3,107.14
Q,TOTAL,I15_Q,LU,2016-Q4,108.92
Q,TOTAL,I15_Q,LU,2017-Q1,110.06
Q,TOTAL,I15_Q,LU,2017-Q2,112.25
Q,TOTAL,I15_Q,LU,2017-Q3,112.32
Q,TOTAL,I15_Q,LU,2017-Q4,113.72
Q,TOTAL,I15_Q,LU,2018-Q1,117.94
Q,TOTAL,I15_Q,LU,2018-Q2,118.87
Q,TOTAL,I15_Q,LU,2018-Q3,120.76
Q,TOTAL,I15_Q,LU,2018-Q4,124.05
Q,TOTAL,I15_Q,LU,2019-Q1,124.85
Q,TOTAL,I15_Q,LU,2019-Q2,131.27
Q,TOTAL,I15_Q,LU,2019-Q3,134.17
Q,TOTAL,I15_Q,LU,2019-Q4,137.22
Q,TOTAL,I15_Q,LU,2020-Q1,142.68
Q,TOTAL,I15_Q,LU,2020-Q2,148.65
Q,TOTAL,I15_Q,LU,2020-Q3,152.74
Q,TOTAL,I15_Q,LU,2020-Q4,160.07
Q,TOTAL,I15_Q,LU,2021-Q1,167.14
Q,TOTAL,I15_Q,LU,2021-Q2,168.7
Q,TOTAL,I15_Q,LU,2021-Q3,173.19
Q,TOTAL,I15_Q,LU,2021-Q4,179.44
Q,TOTAL,I15_Q,LU,2022-Q1,184.23
Q,TOTAL,I15_Q,LU,2022-Q2,188.24
Q,TOTAL,I15_Q,LU,2022-Q3,192.31
Q,TOTAL,I15_Q,LU,2022-Q4,189.35
Q,TOTAL,I15_Q,LU,2023-Q1,181.23
Q,TOTAL,I15_Q,LU,2023-Q2,177.04
Q,TOTAL,I15_Q,LU,2023-Q3,165.5
Q,TOTAL,I15_Q,LU,2023-Q4,162.01
Q,TOTAL,I15_Q,LU,2024-Q1,160.88
Q,TOTAL,I15_Q,LU,2024-Q2,162.57
Q,TOTAL,I15_Q,LU,2024-Q3,162.42
Q,TOTAL,I15_Q,LU,2024-Q4,164.22
Q,TOTAL,I15_Q,LU,2025-Q1,162.45
Q,TOTAL,I15_Q,LU,2025-Q2,170.08
Q,TOTAL,I15_Q,LU,2025-Q3,163.99
Q,TOTAL,I15_Q,LU,2025-Q4,164.04
Q,TOTAL,I15_Q,LU,2026-Q1,165.21
Q,TOTAL,I15_Q,LV,2006-Q1,89.95
Q,TOTAL,I15_Q,LV,2006-Q2,99.22
Q,TOTAL,I15_Q,LV,2006-Q3,109.54
Q,TOTAL,I15_Q,LV,2006-Q4,119.19
Q,TOTAL,I15_Q,LV,2007-Q1,134.59
Q,TOTAL,I15_Q,LV,2007-Q2,138.58
Q,TOTAL,I15_Q,LV,2007-Q3,149.52
Q,TOTAL,I15_Q,LV,2007-Q4,146.78
Q,TOTAL,I15_Q,LV,2008-Q1,157.05
Q,TOTAL,I15_Q,LV,2008-Q2,154.19
Q,TOTAL,I15_Q,LV,2008-Q3,143.82
Q,TOTAL,I15_Q,LV,2008-Q4,120.71
Q,TOTAL,I15_Q,LV,2009-Q1,98.98
Q,TOTAL,I15_Q,LV,2009-Q2,89.04
Q,TOTAL,I15_Q,LV,2009-Q3,87.6
Q,TOTAL,I15_Q,LV,2009-Q4,85.34
Q,TOTAL,I15_Q,LV,2010-Q1,78.52
Q,TOTAL,I15_Q,LV,2010-Q2,78.8
Q,TOTAL,I15_Q,LV,2010-Q3,80.83
Q,TOTAL,I15_Q,LV,2010-Q4,83.25
Q,TOTAL,I15_Q,LV,2011-Q1,86.98
Q,TOTAL,I15_Q,LV,2011-Q2,88.51
Q,TOTAL,I15_Q,LV,2011-Q3,91.36
Q,TOTAL,I15_Q,LV,2011-Q4,88.05
Q,TOTAL,I15_Q,LV,2012-Q1,89.22
Q,TOTAL,I15_Q,LV,2012-Q2,90.28
Q,TOTAL,I15_Q,LV,2012-Q3,92.54
Q,TOTAL,I15_Q,LV,2012-Q4,93.41
Q,TOTAL,I15_Q,LV,2013-Q1,93.52
Q,TOTAL,I15_Q,LV,2013-Q2,97.37
Q,TOTAL,I15_Q,LV,2013-Q3,98.52
Q,TOTAL,I15_Q,LV,2013-Q4,101.08
Q,TOTAL,I15_Q,LV,2014-Q1,103.39
Q,TOTAL,I15_Q,LV,2014-Q2,104.9
Q,TOTAL,I15_Q,LV,2014-Q3,109.04
Q,TOTAL,I15_Q,LV,2014-Q4,96.57
Q,TOTAL,I15_Q,LV,2015-Q1,96.63
Q,TOTAL,I15_Q,LV,2015-Q2,100.06
Q,TOTAL,I15_Q,LV,2015-Q3,100.4
Q,TOTAL,I15_Q,LV,2015-Q4,102.91
Q,TOTAL,I15_Q,LV,2016-Q1,103.49
Q,TOTAL,I15_Q,LV,2016-Q2,109.52
Q,TOTAL,I15_Q,LV,2016-Q3,110.04
Q,TOTAL,I15_Q,LV,2016-Q4,110.9
Q,TOTAL,I15_Q,LV,2017-Q1,113.11
Q,TOTAL,I15_Q,LV,2017-Q2,119.53
Q,TOTAL,I15_Q,LV,2017-Q3,119.72
Q,TOTAL,I15_Q,LV,2017-Q4,119.69
Q,TOTAL,I15_Q,LV,2018-Q1,126.02
Q,TOTAL,I15_Q,LV,2018-Q2,129.91
Q,TOTAL,I15_Q,LV,2018-Q3,128.34
Q,TOTAL,I15_Q,LV,2018-Q4,132.93
Q,TOTAL,I15_Q,LV,2019-Q1,134.04
Q,TOTAL,I15_Q,LV,2019-Q2,140.19
Q,TOTAL,I15_Q,LV,2019-Q3,144.58
Q,TOTAL,I15_Q,LV,2019-Q4,144.69
Q,TOTAL,I15_Q,LV,2020-Q1,145.77
Q,TOTAL,I15_Q,LV,2020-Q2,142.3
Q,TOTAL,I15_Q,LV,2020-Q3,147.08
Q,TOTAL,I15_Q,LV,2020-Q4,147.92
Q,TOTAL,I15_Q,LV,2021-Q1,149.97
Q,TOTAL,I15_Q,LV,2021-Q2,159.51
Q,TOTAL,I15_Q,LV,2021-Q3,165.31
Q,TOTAL,I15_Q,LV,2021-Q4,171.79
Q,TOTAL,I15_Q,LV,2022-Q1,176.06
Q,TOTAL,I15_Q,LV,2022-Q2,185.56
Q,TOTAL,I15_Q,LV,2022-Q3,187.79
Q,TOTAL,I15_Q,LV,2022-Q4,186.61
Q,TOTAL,I15_Q,LV,2023-Q1,186.4
Q,TOTAL,I15_Q,LV,2023-Q2,195.54
Q,TOTAL,I15_Q,LV,2023-Q3,193.46
Q,TOTAL,I15_Q,LV,2023-Q4,188.14
Q,TOTAL,I15_Q,LV,2024-Q1,193.14
Q,TOTAL,I15_Q,LV,2024-Q2,196.94
Q,TOTAL,I15_Q,LV,2024-Q3,203.62
Q,TOTAL,I15_Q,LV,2024-Q4,201.9
Q,TOTAL,I15_Q,LV,2025-Q1,203.64
Q,TOTAL,I15_Q,LV,2025-Q2,209.67
Q,TOTAL,I15_Q,LV,2025-Q3,219.79
Q,TOTAL,I15_Q,LV,2025-Q4,223.11
Q,TOTAL,I15_Q,LV,2026-Q1,225.77
Q,TOTAL,I15_Q,MT,2005-Q1,56.68
Q,TOTAL,I15_Q,MT,2005-Q2,56.51
Q,TOTAL,I15_Q,MT,2005-Q3,61.2
Q,TOTAL,I15_Q,MT,2005-Q4,59.46
Q,TOTAL,I15_Q,MT,2006-Q1,62.37
Q,TOTAL,I15_Q,MT,2006-Q2,69.38
Q,TOTAL,I15_Q,MT,2006-Q3,71.63
Q,TOTAL,I15_Q,MT,2006-Q4,76.92
Q,TOTAL,I15_Q,MT,2007-Q1,80.92
Q,TOTAL,I15_Q,MT,2007-Q2,84.8
Q,TOTAL,I15_Q,MT,2007-Q3,86.28
Q,TOTAL,I15_Q,MT,2007-Q4,87.15
Q,TOTAL,I15_Q,MT,2008-Q1,94.4
Q,TOTAL,I15_Q,MT,2008-Q2,90.54
Q,TOTAL,I15_Q,MT,2008-Q3,96.44
Q,TOTAL,I15_Q,MT,2008-Q4,95.19
Q,TOTAL,I15_Q,MT,2009-Q1,91.74
Q,TOTAL,I15_Q,MT,2009-Q2,89.78
Q,TOTAL,I15_Q,MT,2009-Q3,90.87
Q,TOTAL,I15_Q,MT,2009-Q4,87.9
Q,TOTAL,I15_Q,MT,2010-Q1,91.5
Q,TOTAL,I15_Q,MT,2010-Q2,91.16
Q,TOTAL,I15_Q,MT,2010-Q3,94.04
Q,TOTAL,I15_Q,MT,2010-Q4,87.45
Q,TOTAL,I15_Q,MT,2011-Q1,88.65
Q,TOTAL,I15_Q,MT,2011-Q2,90.79
Q,TOTAL,I15_Q,MT,2011-Q3,91.03
Q,TOTAL,I15_Q,MT,2011-Q4,88.73
Q,TOTAL,I15_Q,MT,2012-Q1,90.5
Q,TOTAL,I15_Q,MT,2012-Q2,89.49
Q,TOTAL,I15_Q,MT,2012-Q3,96.03
Q,TOTAL,I15_Q,MT,2012-Q4,94.13
Q,TOTAL,I15_Q,MT,2013-Q1,91.37
Q,TOTAL,I15_Q,MT,2013-Q2,90.1
Q,TOTAL,I15_Q,MT,2013-Q3,94.33
Q,TOTAL,I15_Q,MT,2013-Q4,92.83
Q,TOTAL,I15_Q,MT,2014-Q1,92.82
Q,TOTAL,I15_Q,MT,2014-Q2,92.73
Q,TOTAL,I15_Q,MT,2014-Q3,94.58
Q,TOTAL,I15_Q,MT,2014-Q4,97.92
Q,TOTAL,I15_Q,MT,2015-Q1,95.3
Q,TOTAL,I15_Q,MT,2015-Q2,96.07
Q,TOTAL,I15_Q,MT,2015-Q3,102.72
Q,TOTAL,I15_Q,MT,2015-Q4,105.92
Q,TOTAL,I15_Q,MT,2016-Q1,100.29
Q,TOTAL,I15_Q,MT,2016-Q2,102.78
Q,TOTAL,I15_Q,MT,2016-Q3,107.62
Q,TOTAL,I15_Q,MT,2016-Q4,111.12
Q,TOTAL,I15_Q,MT,2017-Q1,105.61
Q,TOTAL,I15_Q,MT,2017-Q2,108.88
Q,TOTAL,I15_Q,MT,2017-Q3,113.02
Q,TOTAL,I15_Q,MT,2017-Q4,116.59
Q,TOTAL,I15_Q,MT,2018-Q1,111.25
Q,TOTAL,I15_Q,MT,2018-Q2,115.49
Q,TOTAL,I15_Q,MT,2018-Q3,119.27
Q,TOTAL,I15_Q,MT,2018-Q4,123.77
Q,TOTAL,I15_Q,MT,2019-Q1,118.53
Q,TOTAL,I15_Q,MT,2019-Q2,122.76
Q,TOTAL,I15_Q,MT,2019-Q3,126.44
Q,TOTAL,I15_Q,MT,2019-Q4,130.86
Q,TOTAL,I15_Q,MT,2020-Q1,125.06
Q,TOTAL,I15_Q,MT,2020-Q2,127.57
Q,TOTAL,I15_Q,MT,2020-Q3,129.81
Q,TOTAL,I15_Q,MT,2020-Q4,133.01
Q,TOTAL,I15_Q,MT,2021-Q1,130.82
Q,TOTAL,I15_Q,MT,2021-Q2,134.42
Q,TOTAL,I15_Q,MT,2021-Q3,137.52
Q,TOTAL,I15_Q,MT,2021-Q4,138.99
Q,TOTAL,I15_Q,MT,2022-Q1,139.69
Q,TOTAL,I15_Q,MT,2022-Q2,144.63
Q,TOTAL,I15_Q,MT,2022-Q3,146.23
Q,TOTAL,I15_Q,MT,2022-Q4,147.24
Q,TOTAL,I15_Q,MT,2023-Q1,149.89
Q,TOTAL,I15_Q,MT,2023-Q2,152.24
Q,TOTAL,I15_Q,MT,2023-Q3,154.51
Q,TOTAL,I15_Q,MT,2023-Q4,157.05
Q,TOTAL,I15_Q,MT,2024-Q1,159.98
Q,TOTAL,I15_Q,MT,2024-Q2,162.74
Q,TOTAL,I15_Q,MT,2024-Q3,165.26
Q,TOTAL,I15_Q,MT,2024-Q4,167.1
Q,TOTAL,I15_Q,MT,2025-Q1,169.46
Q,TOTAL,I15_Q,MT,2025-Q2,171.92
Q,TOTAL,I15_Q,MT,2025-Q3,175.11
Q,TOTAL,I15_Q,MT,2025-Q4,177.69
Q,TOTAL,I15_Q,MT,2026-Q1,180.81
Q,TOTAL,I15_Q,NL,2005-Q1,104.59
Q,TOTAL,I15_Q,NL,2005-Q2,105.68
Q,TOTAL,I15_Q,NL,2005-Q3,107.22
Q,TOTAL,I15_Q,NL,2005-Q4,107.71
Q,TOTAL,I15_Q,NL,2006-Q1,108.87
Q,TOTAL,I15_Q,NL,2006-Q2,110.28
Q,TOTAL,I15_Q,NL,2006-Q3,111.55
Q,TOTAL,I15_Q,NL,2006-Q4,112.56
Q,TOTAL,I15_Q,NL,2007-Q1,114.02
Q,TOTAL,I15_Q,NL,2007-Q2,115.06
Q,TOTAL,I15_Q,NL,2007-Q3,117.27
Q,TOTAL,I15_Q,NL,2007-Q4,118.4
Q,TOTAL,I15_Q,NL,2008-Q1,118.46
Q,TOTAL,I15_Q,NL,2008-Q2,118.67
Q,TOTAL,I15_Q,NL,2008-Q3,120.17
Q,TOTAL,I15_Q,NL,2008-Q4,117.64
Q,TOTAL,I15_Q,NL,2009-Q1,116.48
Q,TOTAL,I15_Q,NL,2009-Q2,113.12
Q,TOTAL,I15_Q,NL,2009-Q3,112.14
Q,TOTAL,I15_Q,NL,2009-Q4,112.1
Q,TOTAL,I15_Q,NL,2010-Q1,111.67
Q,TOTAL,I15_Q,NL,2010-Q2,111.54
Q,TOTAL,I15_Q,NL,2010-Q3,111.68
Q,TOTAL,I15_Q,NL,2010-Q4,111.02
Q,TOTAL,I15_Q,NL,2011-Q1,111.19
Q,TOTAL,I15_Q,NL,2011-Q2,109.59
Q,TOTAL,I15_Q,NL,2011-Q3,109.17
Q,TOTAL,I15_Q,NL,2011-Q4,107.15
Q,TOTAL,I15_Q,NL,2012-Q1,105.19
Q,TOTAL,I15_Q,NL,2012-Q2,103.45
Q,TOTAL,I15_Q,NL,2012-Q3,99.39
Q,TOTAL,I15_Q,NL,2012-Q4,99.79
Q,TOTAL,I15_Q,NL,2013-Q1,97.07
Q,TOTAL,I15_Q,NL,2013-Q2,95.04
Q,TOTAL,I15_Q,NL,2013-Q3,95.69
Q,TOTAL,I15_Q,NL,2013-Q4,95.42
Q,TOTAL,I15_Q,NL,2014-Q1,95.82
Q,TOTAL,I15_Q,NL,2014-Q2,96.37
Q,TOTAL,I15_Q,NL,2014-Q3,96.94
Q,TOTAL,I15_Q,NL,2014-Q4,97.31
Q,TOTAL,I15_Q,NL,2015-Q1,98.29
Q,TOTAL,I15_Q,NL,2015-Q2,99.2
Q,TOTAL,I15_Q,NL,2015-Q3,101.02
Q,TOTAL,I15_Q,NL,2015-Q4,101.5
Q,TOTAL,I15_Q,NL,2016-Q1,102.52
Q,TOTAL,I15_Q,NL,2016-Q2,104.03
Q,TOTAL,I15_Q,NL,2016-Q3,106.58
Q,TOTAL,I15_Q,NL,2016-Q4,108.03
Q,TOTAL,I15_Q,NL,2017-Q1,110.2
Q,TOTAL,I15_Q,NL,2017-Q2,112.06
Q,TOTAL,I15_Q,NL,2017-Q3,115.22
Q,TOTAL,I15_Q,NL,2017-Q4,117.74
Q,TOTAL,I15_Q,NL,2018-Q1,120.32
Q,TOTAL,I15_Q,NL,2018-Q2,122.64
Q,TOTAL,I15_Q,NL,2018-Q3,126.45
Q,TOTAL,I15_Q,NL,2018-Q4,128.2
Q,TOTAL,I15_Q,NL,2019-Q1,130.34
Q,TOTAL,I15_Q,NL,2019-Q2,132.15
Q,TOTAL,I15_Q,NL,2019-Q3,134.49
Q,TOTAL,I15_Q,NL,2019-Q4,136.54
Q,TOTAL,I15_Q,NL,2020-Q1,139.3
Q,TOTAL,I15_Q,NL,2020-Q2,142.6
Q,TOTAL,I15_Q,NL,2020-Q3,146.0
Q,TOTAL,I15_Q,NL,2020-Q4,148.37
Q,TOTAL,I15_Q,NL,2021-Q1,153.72
Q,TOTAL,I15_Q,NL,2021-Q2,160.55
Q,TOTAL,I15_Q,NL,2021-Q3,169.59
Q,TOTAL,I15_Q,NL,2021-Q4,175.9
Q,TOTAL,I15_Q,NL,2022-Q1,182.94
Q,TOTAL,I15_Q,NL,2022-Q2,188.58
Q,TOTAL,I15_Q,NL,2022-Q3,189.95
Q,TOTAL,I15_Q,NL,2022-Q4,185.89
Q,TOTAL,I15_Q,NL,2023-Q1,183.14
Q,TOTAL,I15_Q,NL,2023-Q2,180.92
Q,TOTAL,I15_Q,NL,2023-Q3,182.91
Q,TOTAL,I15_Q,NL,2023-Q4,186.07
Q,TOTAL,I15_Q,NL,2024-Q1,189.87
Q,TOTAL,I15_Q,NL,2024-Q2,194.81
Q,TOTAL,I15_Q,NL,2024-Q3,201.98
Q,TOTAL,I15_Q,NL,2024-Q4,206.31
Q,TOTAL,I15_Q,NL,2025-Q1,210.27
Q,TOTAL,I15_Q,NL,2025-Q2,213.35
Q,TOTAL,I15_Q,NL,2025-Q3,217.95
Q,TOTAL,I15_Q,NL,2025-Q4,219.02
Q,TOTAL,I15_Q,NL,2026-Q1,221.14
Q,TOTAL,I15_Q,NO,2005-Q1,52.88
Q,TOTAL,I15_Q,NO,2005-Q2,54.35
Q,TOTAL,I15_Q,NO,2005-Q3,54.84
Q,TOTAL,I15_Q,NO,2005-Q4,54.89
Q,TOTAL,I15_Q,NO,2006-Q1,58.31
Q,TOTAL,I15_Q,NO,2006-Q2,61.19
Q,TOTAL,I15_Q,NO,2006-Q3,63.2
Q,TOTAL,I15_Q,NO,2006-Q4,63.95
Q,TOTAL,I15_Q,NO,2007-Q1,67.97
Q,TOTAL,I15_Q,NO,2007-Q2,70.51
Q,TOTAL,I15_Q,NO,2007-Q3,70.41
Q,TOTAL,I15_Q,NO,2007-Q4,68.83
Q,TOTAL,I15_Q,NO,2008-Q1,70.46
Q,TOTAL,I15_Q,NO,2008-Q2,71.33
Q,TOTAL,I15_Q,NO,2008-Q3,68.89
Q,TOTAL,I15_Q,NO,2008-Q4,64.06
Q,TOTAL,I15_Q,NO,2009-Q1,66.72
Q,TOTAL,I15_Q,NO,2009-Q2,70.25
Q,TOTAL,I15_Q,NO,2009-Q3,71.49
Q,TOTAL,I15_Q,NO,2009-Q4,71.49
Q,TOTAL,I15_Q,NO,2010-Q1,73.93
Q,TOTAL,I15_Q,NO,2010-Q2,76.65
Q,TOTAL,I15_Q,NO,2010-Q3,76.27
Q,TOTAL,I15_Q,NO,2010-Q4,76.21
Q,TOTAL,I15_Q,NO,2011-Q1,80.12
Q,TOTAL,I15_Q,NO,2011-Q2,82.16
Q,TOTAL,I15_Q,NO,2011-Q3,82.48
Q,TOTAL,I15_Q,NO,2011-Q4,83.05
Q,TOTAL,I15_Q,NO,2012-Q1,85.07
Q,TOTAL,I15_Q,NO,2012-Q2,87.82
Q,TOTAL,I15_Q,NO,2012-Q3,88.28
Q,TOTAL,I15_Q,NO,2012-Q4,88.73
Q,TOTAL,I15_Q,NO,2013-Q1,91.21
Q,TOTAL,I15_Q,NO,2013-Q2,92.25
Q,TOTAL,I15_Q,NO,2013-Q3,91.75
Q,TOTAL,I15_Q,NO,2013-Q4,89.76
Q,TOTAL,I15_Q,NO,2014-Q1,90.92
Q,TOTAL,I15_Q,NO,2014-Q2,94.26
Q,TOTAL,I15_Q,NO,2014-Q3,94.89
Q,TOTAL,I15_Q,NO,2014-Q4,94.88
Q,TOTAL,I15_Q,NO,2015-Q1,98.29
Q,TOTAL,I15_Q,NO,2015-Q2,100.66
Q,TOTAL,I15_Q,NO,2015-Q3,100.93
Q,TOTAL,I15_Q,NO,2015-Q4,100.12
Q,TOTAL,I15_Q,NO,2016-Q1,102.86
Q,TOTAL,I15_Q,NO,2016-Q2,107.18
Q,TOTAL,I15_Q,NO,2016-Q3,109.87
Q,TOTAL,I15_Q,NO,2016-Q4,111.61
Q,TOTAL,I15_Q,NO,2017-Q1,114.86
Q,TOTAL,I15_Q,NO,2017-Q2,115.54
Q,TOTAL,I15_Q,NO,2017-Q3,112.35
Q,TOTAL,I15_Q,NO,2017-Q4,112.23
Q,TOTAL,I15_Q,NO,2018-Q1,113.57
Q,TOTAL,I15_Q,NO,2018-Q2,116.08
Q,TOTAL,I15_Q,NO,2018-Q3,116.29
Q,TOTAL,I15_Q,NO,2018-Q4,116.16
Q,TOTAL,I15_Q,NO,2019-Q1,118.54
Q,TOTAL,I15_Q,NO,2019-Q2,121.68
Q,TOTAL,I15_Q,NO,2019-Q3,120.52
Q,TOTAL,I15_Q,NO,2019-Q4,119.97
Q,TOTAL,I15_Q,NO,2020-Q1,122.18
Q,TOTAL,I15_Q,NO,2020-Q2,125.53
Q,TOTAL,I15_Q,NO,2020-Q3,128.18
Q,TOTAL,I15_Q,NO,2020-Q4,128.54
Q,TOTAL,I15_Q,NO,2021-Q1,134.2
Q,TOTAL,I15_Q,NO,2021-Q2,138.47
Q,TOTAL,I15_Q,NO,2021-Q3,139.48
Q,TOTAL,I15_Q,NO,2021-Q4,138.48
Q,TOTAL,I15_Q,NO,2022-Q1,144.62
Q,TOTAL,I15_Q,NO,2022-Q2,147.68
Q,TOTAL,I15_Q,NO,2022-Q3,147.93
Q,TOTAL,I15_Q,NO,2022-Q4,142.62
Q,TOTAL,I15_Q,NO,2023-Q1,147.07
Q,TOTAL,I15_Q,NO,2023-Q2,150.5
Q,TOTAL,I15_Q,NO,2023-Q3,147.25
Q,TOTAL,I15_Q,NO,2023-Q4,145.68
Q,TOTAL,I15_Q,NO,2024-Q1,149.75
Q,TOTAL,I15_Q,NO,2024-Q2,154.96
Q,TOTAL,I15_Q,NO,2024-Q3,154.35
Q,TOTAL,I15_Q,NO,2024-Q4,152.59
Q,TOTAL,I15_Q,NO,2025-Q1,159.86
Q,TOTAL,I15_Q,NO,2025-Q2,163.15
Q,TOTAL,I15_Q,NO,2025-Q3,162.28
Q,TOTAL,I15_Q,NO,2025-Q4,161.36
Q,TOTAL,I15_Q,NO,2026-Q1,167.25
Q,TOTAL,I15_Q,PL,2010-Q1,104.6
Q,TOTAL,I15_Q,PL,2010-Q2,105.87
Q,TOTAL,I15_Q,PL,2010-Q3,106.02
Q,TOTAL,I15_Q,PL,2010-Q4,105.95
Q,TOTAL,I15_Q,PL,2011-Q1,105.88
Q,TOTAL,I15_Q,PL,2011-Q2,106.57
Q,TOTAL,I15_Q,PL,2011-Q3,105.41
Q,TOTAL,I15_Q,PL,2011-Q4,104.92
Q,TOTAL,I15_Q,PL,2012-Q1,103.5
Q,TOTAL,I15_Q,PL,2012-Q2,102.82
Q,TOTAL,I15_Q,PL,2012-Q3,101.41
Q,TOTAL,I15_Q,PL,2012-Q4,100.29
Q,TOTAL,I15_Q,PL,2013-Q1,97.7
Q,TOTAL,I15_Q,PL,2013-Q2,97.52
Q,TOTAL,I15_Q,PL,2013-Q3,97.43
Q,TOTAL,I15_Q,PL,2013-Q4,97.49
Q,TOTAL,I15_Q,PL,2014-Q1,97.15
Q,TOTAL,I15_Q,PL,2014-Q2,99.3
Q,TOTAL,I15_Q,PL,2014-Q3,98.66
Q,TOTAL,I15_Q,PL,2014-Q4,98.89
Q,TOTAL,I15_Q,PL,2015-Q1,99.06
Q,TOTAL,I15_Q,PL,2015-Q2,100.43
Q,TOTAL,I15_Q,PL,2015-Q3,100.63
Q,TOTAL,I15_Q,PL,2015-Q4,99.88
Q,TOTAL,I15_Q,PL,2016-Q1,100.0
Q,TOTAL,I15_Q,PL,2016-Q2,100.84
Q,TOTAL,I15_Q,PL,2016-Q3,102.73
Q,TOTAL,I15_Q,PL,2016-Q4,103.86
Q,TOTAL,I15_Q,PL,2017-Q1,103.33
Q,TOTAL,I15_Q,PL,2017-Q2,105.44
Q,TOTAL,I15_Q,PL,2017-Q3,106.5
Q,TOTAL,I15_Q,PL,2017-Q4,107.86
Q,TOTAL,I15_Q,PL,2018-Q1,109.48
Q,TOTAL,I15_Q,PL,2018-Q2,111.95
Q,TOTAL,I15_Q,PL,2018-Q3,113.43
Q,TOTAL,I15_Q,PL,2018-Q4,116.11
Q,TOTAL,I15_Q,PL,2019-Q1,118.34
Q,TOTAL,I15_Q,PL,2019-Q2,121.1
Q,TOTAL,I15_Q,PL,2019-Q3,123.59
Q,TOTAL,I15_Q,PL,2019-Q4,127.06
Q,TOTAL,I15_Q,PL,2020-Q1,131.66
Q,TOTAL,I15_Q,PL,2020-Q2,134.31
Q,TOTAL,I15_Q,PL,2020-Q3,137.06
Q,TOTAL,I15_Q,PL,2020-Q4,138.42
Q,TOTAL,I15_Q,PL,2021-Q1,141.16
Q,TOTAL,I15_Q,PL,2021-Q2,145.5
Q,TOTAL,I15_Q,PL,2021-Q3,149.28
Q,TOTAL,I15_Q,PL,2021-Q4,155.15
Q,TOTAL,I15_Q,PL,2022-Q1,160.3
Q,TOTAL,I15_Q,PL,2022-Q2,163.5
Q,TOTAL,I15_Q,PL,2022-Q3,167.38
Q,TOTAL,I15_Q,PL,2022-Q4,169.64
Q,TOTAL,I15_Q,PL,2023-Q1,169.52
Q,TOTAL,I15_Q,PL,2023-Q2,175.0
Q,TOTAL,I15_Q,PL,2023-Q3,182.88
Q,TOTAL,I15_Q,PL,2023-Q4,191.72
Q,TOTAL,I15_Q,PL,2024-Q1,200.04
Q,TOTAL,I15_Q,PL,2024-Q2,205.92
Q,TOTAL,I15_Q,PL,2024-Q3,209.2
Q,TOTAL,I15_Q,PL,2024-Q4,211.65
Q,TOTAL,I15_Q,PL,2025-Q1,213.2
Q,TOTAL,I15_Q,PL,2025-Q2,215.65
Q,TOTAL,I15_Q,PL,2025-Q3,217.54
Q,TOTAL,I15_Q,PL,2025-Q4,220.82
Q,TOTAL,I15_Q,PL,2026-Q1,225.89
Q,TOTAL,I15_Q,PT,2008-Q1,109.23
Q,TOTAL,I15_Q,PT,2008-Q2,109.59
Q,TOTAL,I15_Q,PT,2008-Q3,106.56
Q,TOTAL,I15_Q,PT,2008-Q4,104.74
Q,TOTAL,I15_Q,PT,2009-Q1,105.67
Q,TOTAL,I15_Q,PT,2009-Q2,106.65
Q,TOTAL,I15_Q,PT,2009-Q3,106.7
Q,TOTAL,I15_Q,PT,2009-Q4,107.13
Q,TOTAL,I15_Q,PT,2010-Q1,107.74
Q,TOTAL,I15_Q,PT,2010-Q2,108.16
Q,TOTAL,I15_Q,PT,2010-Q3,107.32
Q,TOTAL,I15_Q,PT,2010-Q4,106.21
Q,TOTAL,I15_Q,PT,2011-Q1,105.45
Q,TOTAL,I15_Q,PT,2011-Q2,103.18
Q,TOTAL,I15_Q,PT,2011-Q3,101.49
Q,TOTAL,I15_Q,PT,2011-Q4,98.25
Q,TOTAL,I15_Q,PT,2012-Q1,96.84
Q,TOTAL,I15_Q,PT,2012-Q2,94.64
Q,TOTAL,I15_Q,PT,2012-Q3,93.7
Q,TOTAL,I15_Q,PT,2012-Q4,94.31
Q,TOTAL,I15_Q,PT,2013-Q1,92.45
Q,TOTAL,I15_Q,PT,2013-Q2,92.25
Q,TOTAL,I15_Q,PT,2013-Q3,92.75
Q,TOTAL,I15_Q,PT,2013-Q4,94.89
Q,TOTAL,I15_Q,PT,2014-Q1,96.16
Q,TOTAL,I15_Q,PT,2014-Q2,97.7
Q,TOTAL,I15_Q,PT,2014-Q3,97.31
Q,TOTAL,I15_Q,PT,2014-Q4,96.98
Q,TOTAL,I15_Q,PT,2015-Q1,96.94
Q,TOTAL,I15_Q,PT,2015-Q2,100.57
Q,TOTAL,I15_Q,PT,2015-Q3,100.65
Q,TOTAL,I15_Q,PT,2015-Q4,101.84
Q,TOTAL,I15_Q,PT,2016-Q1,103.67
Q,TOTAL,I15_Q,PT,2016-Q2,106.91
Q,TOTAL,I15_Q,PT,2016-Q3,108.31
Q,TOTAL,I15_Q,PT,2016-Q4,109.57
Q,TOTAL,I15_Q,PT,2017-Q1,111.89
Q,TOTAL,I15_Q,PT,2017-Q2,115.51
Q,TOTAL,I15_Q,PT,2017-Q3,119.6
Q,TOTAL,I15_Q,PT,2017-Q4,121.06
Q,TOTAL,I15_Q,PT,2018-Q1,125.58
Q,TOTAL,I15_Q,PT,2018-Q2,128.49
Q,TOTAL,I15_Q,PT,2018-Q3,129.72
Q,TOTAL,I15_Q,PT,2018-Q4,132.34
Q,TOTAL,I15_Q,PT,2019-Q1,137.14
Q,TOTAL,I15_Q,PT,2019-Q2,140.65
Q,TOTAL,I15_Q,PT,2019-Q3,143.67
Q,TOTAL,I15_Q,PT,2019-Q4,146.07
Q,TOTAL,I15_Q,PT,2020-Q1,151.67
Q,TOTAL,I15_Q,PT,2020-Q2,154.34
Q,TOTAL,I15_Q,PT,2020-Q3,153.61
Q,TOTAL,I15_Q,PT,2020-Q4,157.69
Q,TOTAL,I15_Q,PT,2021-Q1,161.7
Q,TOTAL,I15_Q,PT,2021-Q2,166.4
Q,TOTAL,I15_Q,PT,2021-Q3,171.3
Q,TOTAL,I15_Q,PT,2021-Q4,175.96
Q,TOTAL,I15_Q,PT,2022-Q1,182.64
Q,TOTAL,I15_Q,PT,2022-Q2,188.31
Q,TOTAL,I15_Q,PT,2022-Q3,193.82
Q,TOTAL,I15_Q,PT,2022-Q4,195.91
Q,TOTAL,I15_Q,PT,2023-Q1,198.55
Q,TOTAL,I15_Q,PT,2023-Q2,204.74
Q,TOTAL,I15_Q,PT,2023-Q3,208.48
Q,TOTAL,I15_Q,PT,2023-Q4,211.27
Q,TOTAL,I15_Q,PT,2024-Q1,212.45
Q,TOTAL,I15_Q,PT,2024-Q2,220.74
Q,TOTAL,I15_Q,PT,2024-Q3,228.89
Q,TOTAL,I15_Q,PT,2024-Q4,235.68
Q,TOTAL,I15_Q,PT,2025-Q1,247.05
Q,TOTAL,I15_Q,PT,2025-Q2,258.78
Q,TOTAL,I15_Q,PT,2025-Q3,269.35
Q,TOTAL,I15_Q,PT,2025-Q4,280.21
Q,TOTAL,I15_Q,PT,2026-Q1,290.98
Q,TOTAL,I15_Q,RO,2009-Q1,132.7
Q,TOTAL,I15_Q,RO,2009-Q2,126.97
Q,TOTAL,I15_Q,RO,2009-Q3,126.51
Q,TOTAL,I15_Q,RO,2009-Q4,130.93
Q,TOTAL,I15_Q,RO,2010-Q1,123.93
Q,TOTAL,I15_Q,RO,2010-Q2,121.99
Q,TOTAL,I15_Q,RO,2010-Q3,117.48
Q,TOTAL,I15_Q,RO,2010-Q4,114.77
Q,TOTAL,I15_Q,RO,2011-Q1,110.14
Q,TOTAL,I15_Q,RO,2011-Q2,108.11
Q,TOTAL,I15_Q,RO,2011-Q3,102.31
Q,TOTAL,I15_Q,RO,2011-Q4,98.75
Q,TOTAL,I15_Q,RO,2012-Q1,101.74
Q,TOTAL,I15_Q,RO,2012-Q2,101.15
Q,TOTAL,I15_Q,RO,2012-Q3,97.44
Q,TOTAL,I15_Q,RO,2012-Q4,97.71
Q,TOTAL,I15_Q,RO,2013-Q1,100.99
Q,TOTAL,I15_Q,RO,2013-Q2,100.42
Q,TOTAL,I15_Q,RO,2013-Q3,98.04
Q,TOTAL,I15_Q,RO,2013-Q4,97.59
Q,TOTAL,I15_Q,RO,2014-Q1,98.37
Q,TOTAL,I15_Q,RO,2014-Q2,96.88
Q,TOTAL,I15_Q,RO,2014-Q3,96.01
Q,TOTAL,I15_Q,RO,2014-Q4,97.62
Q,TOTAL,I15_Q,RO,2015-Q1,101.01
Q,TOTAL,I15_Q,RO,2015-Q2,99.76
Q,TOTAL,I15_Q,RO,2015-Q3,98.87
Q,TOTAL,I15_Q,RO,2015-Q4,100.36
Q,TOTAL,I15_Q,RO,2016-Q1,103.65
Q,TOTAL,I15_Q,RO,2016-Q2,106.59
Q,TOTAL,I15_Q,RO,2016-Q3,105.86
Q,TOTAL,I15_Q,RO,2016-Q4,107.7
Q,TOTAL,I15_Q,RO,2017-Q1,108.96
Q,TOTAL,I15_Q,RO,2017-Q2,114.27
Q,TOTAL,I15_Q,RO,2017-Q3,112.44
Q,TOTAL,I15_Q,RO,2017-Q4,113.75
Q,TOTAL,I15_Q,RO,2018-Q1,116.1
Q,TOTAL,I15_Q,RO,2018-Q2,119.66
Q,TOTAL,I15_Q,RO,2018-Q3,118.88
Q,TOTAL,I15_Q,RO,2018-Q4,119.83
Q,TOTAL,I15_Q,RO,2019-Q1,119.91
Q,TOTAL,I15_Q,RO,2019-Q2,121.79
Q,TOTAL,I15_Q,RO,2019-Q3,123.57
Q,TOTAL,I15_Q,RO,2019-Q4,125.49
Q,TOTAL,I15_Q,RO,2020-Q1,129.62
Q,TOTAL,I15_Q,RO,2020-Q2,129.77
Q,TOTAL,I15_Q,RO,2020-Q3,126.38
Q,TOTAL,I15_Q,RO,2020-Q4,127.97
Q,TOTAL,I15_Q,RO,2021-Q1,131.45
Q,TOTAL,I15_Q,RO,2021-Q2,133.61
Q,TOTAL,I15_Q,RO,2021-Q3,133.78
Q,TOTAL,I15_Q,RO,2021-Q4,137.51
Q,TOTAL,I15_Q,RO,2022-Q1,139.82
Q,TOTAL,I15_Q,RO,2022-Q2,144.94
Q,TOTAL,I15_Q,RO,2022-Q3,143.2
Q,TOTAL,I15_Q,RO,2022-Q4,146.83
Q,TOTAL,I15_Q,RO,2023-Q1,146.28
Q,TOTAL,I15_Q,RO,2023-Q2,145.14
Q,TOTAL,I15_Q,RO,2023-Q3,150.02
Q,TOTAL,I15_Q,RO,2023-Q4,152.28
Q,TOTAL,I15_Q,RO,2024-Q1,154.26
Q,TOTAL,I15_Q,RO,2024-Q2,155.06
Q,TOTAL,I15_Q,RO,2024-Q3,155.86
Q,TOTAL,I15_Q,RO,2024-Q4,158.36
Q,TOTAL,I15_Q,RO,2025-Q1,161.75
Q,TOTAL,I15_Q,RO,2025-Q2,162.38
Q,TOTAL,I15_Q,RO,2025-Q3,166.14
Q,TOTAL,I15_Q,RO,2025-Q4,168.99
Q,TOTAL,I15_Q,RO,2026-Q1,174.41
Q,TOTAL,I15_Q,SE,2005-Q1,49.47
Q,TOTAL,I15_Q,SE,2005-Q2,51.12
Q,TOTAL,I15_Q,SE,2005-Q3,53.09
Q,TOTAL,I15_Q,SE,2005-Q4,54.48
Q,TOTAL,I15_Q,SE,2006-Q1,56.39
Q,TOTAL,I15_Q,SE,2006-Q2,58.0
Q,TOTAL,I15_Q,SE,2006-Q3,59.54
Q,TOTAL,I15_Q,SE,2006-Q4,59.9
Q,TOTAL,I15_Q,SE,2007-Q1,62.19
Q,TOTAL,I15_Q,SE,2007-Q2,65.98
Q,TOTAL,I15_Q,SE,2007-Q3,68.36
Q,TOTAL,I15_Q,SE,2007-Q4,66.41
Q,TOTAL,I15_Q,SE,2008-Q1,66.61
Q,TOTAL,I15_Q,SE,2008-Q2,67.9
Q,TOTAL,I15_Q,SE,2008-Q3,67.42
Q,TOTAL,I15_Q,SE,2008-Q4,63.96
Q,TOTAL,I15_Q,SE,2009-Q1,65.72
Q,TOTAL,I15_Q,SE,2009-Q2,67.65
Q,TOTAL,I15_Q,SE,2009-Q3,69.51
Q,TOTAL,I15_Q,SE,2009-Q4,71.38
Q,TOTAL,I15_Q,SE,2010-Q1,72.44
Q,TOTAL,I15_Q,SE,2010-Q2,73.33
Q,TOTAL,I15_Q,SE,2010-Q3,74.44
Q,TOTAL,I15_Q,SE,2010-Q4,75.65
Q,TOTAL,I15_Q,SE,2011-Q1,76.32
Q,TOTAL,I15_Q,SE,2011-Q2,76.34
Q,TOTAL,I15_Q,SE,2011-Q3,76.16
Q,TOTAL,I15_Q,SE,2011-Q4,74.67
Q,TOTAL,I15_Q,SE,2012-Q1,75.55
Q,TOTAL,I15_Q,SE,2012-Q2,76.66
Q,TOTAL,I15_Q,SE,2012-Q3,77.56
Q,TOTAL,I15_Q,SE,2012-Q4,77.53
Q,TOTAL,I15_Q,SE,2013-Q1,78.69
Q,TOTAL,I15_Q,SE,2013-Q2,80.13
Q,TOTAL,I15_Q,SE,2013-Q3,81.54
Q,TOTAL,I15_Q,SE,2013-Q4,82.78
Q,TOTAL,I15_Q,SE,2014-Q1,85.18
Q,TOTAL,I15_Q,SE,2014-Q2,87.07
Q,TOTAL,I15_Q,SE,2014-Q3,89.97
Q,TOTAL,I15_Q,SE,2014-Q4,91.39
Q,TOTAL,I15_Q,SE,2015-Q1,95.21
Q,TOTAL,I15_Q,SE,2015-Q2,98.37
Q,TOTAL,I15_Q,SE,2015-Q3,102.12
Q,TOTAL,I15_Q,SE,2015-Q4,104.3
Q,TOTAL,I15_Q,SE,2016-Q1,105.66
Q,TOTAL,I15_Q,SE,2016-Q2,106.9
Q,TOTAL,I15_Q,SE,2016-Q3,109.35
Q,TOTAL,I15_Q,SE,2016-Q4,111.06
Q,TOTAL,I15_Q,SE,2017-Q1,114.02
Q,TOTAL,I15_Q,SE,2017-Q2,115.97
Q,TOTAL,I15_Q,SE,2017-Q3,117.59
Q,TOTAL,I15_Q,SE,2017-Q4,114.13
Q,TOTAL,I15_Q,SE,2018-Q1,113.24
Q,TOTAL,I15_Q,SE,2018-Q2,114.04
Q,TOTAL,I15_Q,SE,2018-Q3,115.16
Q,TOTAL,I15_Q,SE,2018-Q4,114.96
Q,TOTAL,I15_Q,SE,2019-Q1,114.97
Q,TOTAL,I15_Q,SE,2019-Q2,116.51
Q,TOTAL,I15_Q,SE,2019-Q3,118.54
Q,TOTAL,I15_Q,SE,2019-Q4,118.73
Q,TOTAL,I15_Q,SE,2020-Q1,120.2
Q,TOTAL,I15_Q,SE,2020-Q2,120.3
Q,TOTAL,I15_Q,SE,2020-Q3,122.95
Q,TOTAL,I15_Q,SE,2020-Q4,124.99
Q,TOTAL,I15_Q,SE,2021-Q1,128.9
Q,TOTAL,I15_Q,SE,2021-Q2,133.44
Q,TOTAL,I15_Q,SE,2021-Q3,136.89
Q,TOTAL,I15_Q,SE,2021-Q4,138.62
Q,TOTAL,I15_Q,SE,2022-Q1,142.19
Q,TOTAL,I15_Q,SE,2022-Q2,142.86
Q,TOTAL,I15_Q,SE,2022-Q3,138.46
Q,TOTAL,I15_Q,SE,2022-Q4,133.49
Q,TOTAL,I15_Q,SE,2023-Q1,132.64
Q,TOTAL,I15_Q,SE,2023-Q2,133.21
Q,TOTAL,I15_Q,SE,2023-Q3,132.68
Q,TOTAL,I15_Q,SE,2023-Q4,129.68
Q,TOTAL,I15_Q,SE,2024-Q1,130.53
Q,TOTAL,I15_Q,SE,2024-Q2,132.19
Q,TOTAL,I15_Q,SE,2024-Q3,132.98
Q,TOTAL,I15_Q,SE,2024-Q4,132.43
Q,TOTAL,I15_Q,SE,2025-Q1,133.28
Q,TOTAL,I15_Q,SE,2025-Q2,132.96
Q,TOTAL,I15_Q,SE,2025-Q3,133.4
Q,TOTAL,I15_Q,SE,2025-Q4,134.0
Q,TOTAL,I15_Q,SE,2026-Q1,136.76
Q,TOTAL,I15_Q,SI,2007-Q1,115.66
Q,TOTAL,I15_Q,SI,2007-Q2,118.12
Q,TOTAL,I15_Q,SI,2007-Q3,122.08
Q,TOTAL,I15_Q,SI,2007-Q4,127.52
Q,TOTAL,I15_Q,SI,2008-Q1,129.32
Q,TOTAL,I15_Q,SI,2008-Q2,129.08
Q,TOTAL,I15_Q,SI,2008-Q3,131.52
Q,TOTAL,I15_Q,SI,2008-Q4,127.31
Q,TOTAL,I15_Q,SI,2009-Q1,119.37
Q,TOTAL,I15_Q,SI,2009-Q2,116.93
Q,TOTAL,I15_Q,SI,2009-Q3,114.95
Q,TOTAL,I15_Q,SI,2009-Q4,116.97
Q,TOTAL,I15_Q,SI,2010-Q1,117.41
Q,TOTAL,I15_Q,SI,2010-Q2,118.08
Q,TOTAL,I15_Q,SI,2010-Q3,116.53
Q,TOTAL,I15_Q,SI,2010-Q4,116.8
Q,TOTAL,I15_Q,SI,2011-Q1,122.24
Q,TOTAL,I15_Q,SI,2011-Q2,121.89
Q,TOTAL,I15_Q,SI,2011-Q3,119.01
Q,TOTAL,I15_Q,SI,2011-Q4,118.4
Q,TOTAL,I15_Q,SI,2012-Q1,113.6
Q,TOTAL,I15_Q,SI,2012-Q2,114.91
Q,TOTAL,I15_Q,SI,2012-Q3,111.9
Q,TOTAL,I15_Q,SI,2012-Q4,107.95
Q,TOTAL,I15_Q,SI,2013-Q1,108.72
Q,TOTAL,I15_Q,SI,2013-Q2,109.6
Q,TOTAL,I15_Q,SI,2013-Q3,103.3
Q,TOTAL,I15_Q,SI,2013-Q4,103.22
Q,TOTAL,I15_Q,SI,2014-Q1,101.51
Q,TOTAL,I15_Q,SI,2014-Q2,98.84
Q,TOTAL,I15_Q,SI,2014-Q3,97.77
Q,TOTAL,I15_Q,SI,2014-Q4,98.69
Q,TOTAL,I15_Q,SI,2015-Q1,100.11
Q,TOTAL,I15_Q,SI,2015-Q2,102.38
Q,TOTAL,I15_Q,SI,2015-Q3,98.77
Q,TOTAL,I15_Q,SI,2015-Q4,98.74
Q,TOTAL,I15_Q,SI,2016-Q1,100.94
Q,TOTAL,I15_Q,SI,2016-Q2,102.84
Q,TOTAL,I15_Q,SI,2016-Q3,103.69
Q,TOTAL,I15_Q,SI,2016-Q4,105.54
Q,TOTAL,I15_Q,SI,2017-Q1,107.68
Q,TOTAL,I15_Q,SI,2017-Q2,111.33
Q,TOTAL,I15_Q,SI,2017-Q3,112.17
Q,TOTAL,I15_Q,SI,2017-Q4,115.96
Q,TOTAL,I15_Q,SI,2018-Q1,118.04
Q,TOTAL,I15_Q,SI,2018-Q2,119.93
Q,TOTAL,I15_Q,SI,2018-Q3,122.67
Q,TOTAL,I15_Q,SI,2018-Q4,125.55
Q,TOTAL,I15_Q,SI,2019-Q1,127.02
Q,TOTAL,I15_Q,SI,2019-Q2,128.88
Q,TOTAL,I15_Q,SI,2019-Q3,131.27
Q,TOTAL,I15_Q,SI,2019-Q4,131.61
Q,TOTAL,I15_Q,SI,2020-Q1,132.99
Q,TOTAL,I15_Q,SI,2020-Q2,135.56
Q,TOTAL,I15_Q,SI,2020-Q3,135.65
Q,TOTAL,I15_Q,SI,2020-Q4,138.43
Q,TOTAL,I15_Q,SI,2021-Q1,142.65
Q,TOTAL,I15_Q,SI,2021-Q2,149.21
Q,TOTAL,I15_Q,SI,2021-Q3,153.15
Q,TOTAL,I15_Q,SI,2021-Q4,160.26
Q,TOTAL,I15_Q,SI,2022-Q1,166.93
Q,TOTAL,I15_Q,SI,2022-Q2,172.43
Q,TOTAL,I15_Q,SI,2022-Q3,176.4
Q,TOTAL,I15_Q,SI,2022-Q4,178.83
Q,TOTAL,I15_Q,SI,2023-Q1,181.96
Q,TOTAL,I15_Q,SI,2023-Q2,185.39
Q,TOTAL,I15_Q,SI,2023-Q3,186.33
Q,TOTAL,I15_Q,SI,2023-Q4,191.19
Q,TOTAL,I15_Q,SI,2024-Q1,195.44
Q,TOTAL,I15_Q,SI,2024-Q2,198.33
Q,TOTAL,I15_Q,SI,2024-Q3,201.54
Q,TOTAL,I15_Q,SI,2024-Q4,205.71
Q,TOTAL,I15_Q,SI,2025-Q1,208.11
Q,TOTAL,I15_Q,SI,2025-Q2,214.67
Q,TOTAL,I15_Q,SI,2025-Q3,215.89
Q,TOTAL,I15_Q,SI,2025-Q4,220.92
Q,TOTAL,I15_Q,SI,2026-Q1,227.45
Q,TOTAL,I15_Q,SK,2006-Q1,71.76
Q,TOTAL,I15_Q,SK,2006-Q2,74.64
Q,TOTAL,I15_Q,SK,2006-Q3,76.58
Q,TOTAL,I15_Q,SK,2006-Q4,80.96
Q,TOTAL,I15_Q,SK,2007-Q1,87.45
Q,TOTAL,I15_Q,SK,2007-Q2,93.62
Q,TOTAL,I15_Q,SK,2007-Q3,101.56
Q,TOTAL,I15_Q,SK,2007-Q4,109.38
Q,TOTAL,I15_Q,SK,2008-Q1,116.6
Q,TOTAL,I15_Q,SK,2008-Q2,120.39
Q,TOTAL,I15_Q,SK,2008-Q3,114.77
Q,TOTAL,I15_Q,SK,2008-Q4,110.44
Q,TOTAL,I15_Q,SK,2009-Q1,103.39
Q,TOTAL,I15_Q,SK,2009-Q2,98.59
Q,TOTAL,I15_Q,SK,2009-Q3,103.19
Q,TOTAL,I15_Q,SK,2009-Q4,98.09
Q,TOTAL,I15_Q,SK,2010-Q1,97.83
Q,TOTAL,I15_Q,SK,2010-Q2,97.23
Q,TOTAL,I15_Q,SK,2010-Q3,96.53
Q,TOTAL,I15_Q,SK,2010-Q4,96.63
Q,TOTAL,I15_Q,SK,2011-Q1,96.78
Q,TOTAL,I15_Q,SK,2011-Q2,95.35
Q,TOTAL,I15_Q,SK,2011-Q3,95.84
Q,TOTAL,I15_Q,SK,2011-Q4,94.42
Q,TOTAL,I15_Q,SK,2012-Q1,93.74
Q,TOTAL,I15_Q,SK,2012-Q2,92.89
Q,TOTAL,I15_Q,SK,2012-Q3,93.51
Q,TOTAL,I15_Q,SK,2012-Q4,91.63
Q,TOTAL,I15_Q,SK,2013-Q1,93.72
Q,TOTAL,I15_Q,SK,2013-Q2,93.93
Q,TOTAL,I15_Q,SK,2013-Q3,93.58
Q,TOTAL,I15_Q,SK,2013-Q4,93.52
Q,TOTAL,I15_Q,SK,2014-Q1,93.4
Q,TOTAL,I15_Q,SK,2014-Q2,94.91
Q,TOTAL,I15_Q,SK,2014-Q3,94.81
Q,TOTAL,I15_Q,SK,2014-Q4,96.7
Q,TOTAL,I15_Q,SK,2015-Q1,98.26
Q,TOTAL,I15_Q,SK,2015-Q2,100.16
Q,TOTAL,I15_Q,SK,2015-Q3,100.23
Q,TOTAL,I15_Q,SK,2015-Q4,101.34
Q,TOTAL,I15_Q,SK,2016-Q1,103.15
Q,TOTAL,I15_Q,SK,2016-Q2,106.06
Q,TOTAL,I15_Q,SK,2016-Q3,107.73
Q,TOTAL,I15_Q,SK,2016-Q4,109.72
Q,TOTAL,I15_Q,SK,2017-Q1,106.88
Q,TOTAL,I15_Q,SK,2017-Q2,113.01
Q,TOTAL,I15_Q,SK,2017-Q3,115.6
Q,TOTAL,I15_Q,SK,2017-Q4,116.16
Q,TOTAL,I15_Q,SK,2018-Q1,119.56
Q,TOTAL,I15_Q,SK,2018-Q2,120.98
Q,TOTAL,I15_Q,SK,2018-Q3,120.68
Q,TOTAL,I15_Q,SK,2018-Q4,124.06
Q,TOTAL,I15_Q,SK,2019-Q1,126.39
Q,TOTAL,I15_Q,SK,2019-Q2,131.03
Q,TOTAL,I15_Q,SK,2019-Q3,134.6
Q,TOTAL,I15_Q,SK,2019-Q4,137.58
Q,TOTAL,I15_Q,SK,2020-Q1,142.98
Q,TOTAL,I15_Q,SK,2020-Q2,143.75
Q,TOTAL,I15_Q,SK,2020-Q3,145.89
Q,TOTAL,I15_Q,SK,2020-Q4,147.47
Q,TOTAL,I15_Q,SK,2021-Q1,145.74
Q,TOTAL,I15_Q,SK,2021-Q2,150.53
Q,TOTAL,I15_Q,SK,2021-Q3,157.59
Q,TOTAL,I15_Q,SK,2021-Q4,163.21
Q,TOTAL,I15_Q,SK,2022-Q1,166.42
Q,TOTAL,I15_Q,SK,2022-Q2,175.57
Q,TOTAL,I15_Q,SK,2022-Q3,180.57
Q,TOTAL,I15_Q,SK,2022-Q4,179.07
Q,TOTAL,I15_Q,SK,2023-Q1,178.82
Q,TOTAL,I15_Q,SK,2023-Q2,171.75
Q,TOTAL,I15_Q,SK,2023-Q3,173.2
Q,TOTAL,I15_Q,SK,2023-Q4,176.56
Q,TOTAL,I15_Q,SK,2024-Q1,173.51
Q,TOTAL,I15_Q,SK,2024-Q2,178.7
Q,TOTAL,I15_Q,SK,2024-Q3,183.88
Q,TOTAL,I15_Q,SK,2024-Q4,190.58
Q,TOTAL,I15_Q,SK,2025-Q1,194.6
Q,TOTAL,I15_Q,SK,2025-Q2,198.85
Q,TOTAL,I15_Q,SK,2025-Q3,208.52
Q,TOTAL,I15_Q,SK,2025-Q4,214.92
Q,TOTAL,I15_Q,SK,2026-Q1,222.7
Q,TOTAL,I15_Q,TR,2010-Q1,55.63
Q,TOTAL,I15_Q,TR,2010-Q2,56.72
Q,TOTAL,I15_Q,TR,2010-Q3,57.53
Q,TOTAL,I15_Q,TR,2010-Q4,58.59
Q,TOTAL,I15_Q,TR,2011-Q1,60.21
Q,TOTAL,I15_Q,TR,2011-Q2,61.91
Q,TOTAL,I15_Q,TR,2011-Q3,62.52
Q,TOTAL,I15_Q,TR,2011-Q4,63.94
Q,TOTAL,I15_Q,TR,2012-Q1,66.21
Q,TOTAL,I15_Q,TR,2012-Q2,68.32
Q,TOTAL,I15_Q,TR,2012-Q3,70.14
Q,TOTAL,I15_Q,TR,2012-Q4,71.03
Q,TOTAL,I15_Q,TR,2013-Q1,73.38
Q,TOTAL,I15_Q,TR,2013-Q2,75.9
Q,TOTAL,I15_Q,TR,2013-Q3,78.09
Q,TOTAL,I15_Q,TR,2013-Q4,79.83
Q,TOTAL,I15_Q,TR,2014-Q1,82.06
Q,TOTAL,I15_Q,TR,2014-Q2,84.86
Q,TOTAL,I15_Q,TR,2014-Q3,88.06
Q,TOTAL,I15_Q,TR,2014-Q4,90.57
Q,TOTAL,I15_Q,TR,2015-Q1,94.63
Q,TOTAL,I15_Q,TR,2015-Q2,98.93
Q,TOTAL,I15_Q,TR,2015-Q3,101.68
Q,TOTAL,I15_Q,TR,2015-Q4,104.76
Q,TOTAL,I15_Q,TR,2016-Q1,108.17
Q,TOTAL,I15_Q,TR,2016-Q2,111.58
Q,TOTAL,I15_Q,TR,2016-Q3,114.41
Q,TOTAL,I15_Q,TR,2016-Q4,116.97
Q,TOTAL,I15_Q,TR,2017-Q1,121.06
Q,TOTAL,I15_Q,TR,2017-Q2,124.67
Q,TOTAL,I15_Q,TR,2017-Q3,125.89
Q,TOTAL,I15_Q,TR,2017-Q4,128.28
Q,TOTAL,I15_Q,TR,2018-Q1,130.91
Q,TOTAL,I15_Q,TR,2018-Q2,135.13
Q,TOTAL,I15_Q,TR,2018-Q3,135.94
Q,TOTAL,I15_Q,TR,2018-Q4,137.08
Q,TOTAL,I15_Q,TR,2019-Q1,136.27
Q,TOTAL,I15_Q,TR,2019-Q2,138.54
Q,TOTAL,I15_Q,TR,2019-Q3,142.43
Q,TOTAL,I15_Q,TR,2019-Q4,147.74
Q,TOTAL,I15_Q,TR,2020-Q1,156.62
Q,TOTAL,I15_Q,TR,2020-Q2,165.7
Q,TOTAL,I15_Q,TR,2020-Q3,183.01
Q,TOTAL,I15_Q,TR,2020-Q4,194.04
Q,TOTAL,I15_Q,TR,2021-Q1,205.92
Q,TOTAL,I15_Q,TR,2021-Q2,222.54
Q,TOTAL,I15_Q,TR,2021-Q3,243.95
Q,TOTAL,I15_Q,TR,2021-Q4,289.52
Q,TOTAL,I15_Q,TR,2022-Q1,395.86
Q,TOTAL,I15_Q,TR,2022-Q2,541.4
Q,TOTAL,I15_Q,TR,2022-Q3,684.29
Q,TOTAL,I15_Q,TR,2022-Q4,783.05
Q,TOTAL,I15_Q,TR,2023-Q1,960.71
Q,TOTAL,I15_Q,TR,2023-Q2,1112.22
Q,TOTAL,I15_Q,TR,2023-Q3,1325.85
Q,TOTAL,I15_Q,TR,2023-Q4,1466.37
Q,TOTAL,I15_Q,TR,2024-Q1,1569.31
Q,TOTAL,I15_Q,TR,2024-Q2,1664.83
Q,TOTAL,I15_Q,TR,2024-Q3,1767.04
Q,TOTAL,I15_Q,TR,2024-Q4,1884.94
Q,TOTAL,I15_Q,UK,2005-Q1,76.28
Q,TOTAL,I15_Q,UK,2005-Q2,78.53
Q,TOTAL,I15_Q,UK,2005-Q3,80.42
Q,TOTAL,I15_Q,UK,2005-Q4,80.59
Q,TOTAL,I15_Q,UK,2006-Q1,81.09
Q,TOTAL,I15_Q,UK,2006-Q2,84.14
Q,TOTAL,I15_Q,UK,2006-Q3,86.76
Q,TOTAL,I15_Q,UK,2006-Q4,88.42
Q,TOTAL,I15_Q,UK,2007-Q1,89.68
Q,TOTAL,I15_Q,UK,2007-Q2,93.09
Q,TOTAL,I15_Q,UK,2007-Q3,95.71
Q,TOTAL,I15_Q,UK,2007-Q4,95.67
Q,TOTAL,I15_Q,UK,2008-Q1,93.16
Q,TOTAL,I15_Q,UK,2008-Q2,92.56
Q,TOTAL,I15_Q,UK,2008-Q3,88.91
Q,TOTAL,I15_Q,UK,2008-Q4,83.01
Q,TOTAL,I15_Q,UK,2009-Q1,78.69
Q,TOTAL,I15_Q,UK,2009-Q2,79.75
Q,TOTAL,I15_Q,UK,2009-Q3,82.84
Q,TOTAL,I15_Q,UK,2009-Q4,84.48
Q,TOTAL,I15_Q,UK,2010-Q1,84.82
Q,TOTAL,I15_Q,UK,2010-Q2,86.4
Q,TOTAL,I15_Q,UK,2010-Q3,87.62
Q,TOTAL,I15_Q,UK,2010-Q4,85.76
Q,TOTAL,I15_Q,UK,2011-Q1,84.16
Q,TOTAL,I15_Q,UK,2011-Q2,84.84
Q,TOTAL,I15_Q,UK,2011-Q3,85.84
Q,TOTAL,I15_Q,UK,2011-Q4,84.68
Q,TOTAL,I15_Q,UK,2012-Q1,83.79
Q,TOTAL,I15_Q,UK,2012-Q2,85.3
Q,TOTAL,I15_Q,UK,2012-Q3,86.25
Q,TOTAL,I15_Q,UK,2012-Q4,85.45
Q,TOTAL,I15_Q,UK,2013-Q1,84.93
Q,TOTAL,I15_Q,UK,2013-Q2,86.64
Q,TOTAL,I15_Q,UK,2013-Q3,88.73
Q,TOTAL,I15_Q,UK,2013-Q4,89.24
Q,TOTAL,I15_Q,UK,2014-Q1,90.41
Q,TOTAL,I15_Q,UK,2014-Q2,93.69
Q,TOTAL,I15_Q,UK,2014-Q3,96.67
Q,TOTAL,I15_Q,UK,2014-Q4,96.83
Q,TOTAL,I15_Q,UK,2015-Q1,96.52
Q,TOTAL,I15_Q,UK,2015-Q2,98.6
Q,TOTAL,I15_Q,UK,2015-Q3,101.83
Q,TOTAL,I15_Q,UK,2015-Q4,103.05
Q,TOTAL,I15_Q,UK,2016-Q1,104.21
Q,TOTAL,I15_Q,UK,2016-Q2,106.48
Q,TOTAL,I15_Q,UK,2016-Q3,108.66
Q,TOTAL,I15_Q,UK,2016-Q4,108.59
Q,TOTAL,I15_Q,UK,2017-Q1,108.81
Q,TOTAL,I15_Q,UK,2017-Q2,111.23
Q,TOTAL,I15_Q,UK,2017-Q3,113.75
Q,TOTAL,I15_Q,UK,2017-Q4,113.65
Q,TOTAL,I15_Q,UK,2018-Q1,113.57
Q,TOTAL,I15_Q,UK,2018-Q2,114.86
Q,TOTAL,I15_Q,UK,2018-Q3,117.12
Q,TOTAL,I15_Q,UK,2018-Q4,116.55
Q,TOTAL,I15_Q,UK,2019-Q1,115.2
Q,TOTAL,I15_Q,UK,2019-Q2,115.99
Q,TOTAL,I15_Q,UK,2019-Q3,117.96
Q,TOTAL,I15_Q,UK,2019-Q4,117.51
Q,TOTAL,I15_Q,UK,2020-Q1,117.52
Q,TOTAL,I15_Q,UK,2020-Q2,117.58
Q,TOTAL,I15_Q,UK,2020-Q3,121.15
