freq,citizen,agedef,age,unit,sex,geo,time,value
A,TOTAL,COMPLET,TOTAL,NR,T,AT,1998,72723
A,TOTAL,COMPLET,TOTAL,NR,T,AT,1999,86710
A,TOTAL,COMPLET,TOTAL,NR,T,AT,2000,81676
A,TOTAL,COMPLET,TOTAL,NR,T,AT,2001,89928
A,TOTAL,COMPLET,TOTAL,NR,T,AT,2002,108125
A,TOTAL,COMPLET,TOTAL,NR,T,AT,2003,111869
A,TOTAL,COMPLET,TOTAL,NR,T,AT,2004,122547
A,TOTAL,COMPLET,TOTAL,NR,T,AT,2005,114465
A,TOTAL,COMPLET,TOTAL,NR,T,AT,2006,98535
A,TOTAL,COMPLET,TOTAL,NR,T,AT,2007,72862
A,TOTAL,COMPLET,TOTAL,NR,T,AT,2008,73772
A,TOTAL,COMPLET,TOTAL,NR,T,AT,2009,69295
A,TOTAL,COMPLET,TOTAL,NR,T,AT,2010,70978
A,TOTAL,COMPLET,TOTAL,NR,T,AT,2011,82230
A,TOTAL,COMPLET,TOTAL,NR,T,AT,2012,91557
A,TOTAL,COMPLET,TOTAL,NR,T,AT,2013,101866
A,TOTAL,COMPLET,TOTAL,NR,T,AT,2014,116262
A,TOTAL,COMPLET,TOTAL,NR,T,AT,2015,166323
A,TOTAL,COMPLET,TOTAL,NR,T,AT,2016,129509
A,TOTAL,COMPLET,TOTAL,NR,T,AT,2017,111801
A,TOTAL,COMPLET,TOTAL,NR,T,AT,2018,105633
A,TOTAL,COMPLET,TOTAL,NR,T,AT,2019,109167
A,TOTAL,COMPLET,TOTAL,NR,T,AT,2020,103565
A,TOTAL,COMPLET,TOTAL,NR,T,AT,2021,118511
A,TOTAL,COMPLET,TOTAL,NR,T,AT,2022,201622
A,TOTAL,COMPLET,TOTAL,NR,T,AT,2023,147591
A,TOTAL,COMPLET,TOTAL,NR,T,AT,2024,128805
A,TOTAL,COMPLET,TOTAL,NR,T,BE,1998,83812
A,TOTAL,COMPLET,TOTAL,NR,T,BE,1999,91624
A,TOTAL,COMPLET,TOTAL,NR,T,BE,2000,89388
A,TOTAL,COMPLET,TOTAL,NR,T,BE,2001,110410
A,TOTAL,COMPLET,TOTAL,NR,T,BE,2002,113857
A,TOTAL,COMPLET,TOTAL,NR,T,BE,2003,112060
A,TOTAL,COMPLET,TOTAL,NR,T,BE,2004,117236
A,TOTAL,COMPLET,TOTAL,NR,T,BE,2005,132810
A,TOTAL,COMPLET,TOTAL,NR,T,BE,2006,137699
A,TOTAL,COMPLET,TOTAL,NR,T,BE,2007,146409
A,TOTAL,COMPLET,TOTAL,NR,T,BE,2010,135281
A,TOTAL,COMPLET,TOTAL,NR,T,BE,2011,147377
A,TOTAL,COMPLET,TOTAL,NR,T,BE,2012,129477
A,TOTAL,COMPLET,TOTAL,NR,T,BE,2013,120078
A,TOTAL,COMPLET,TOTAL,NR,T,BE,2014,123158
A,TOTAL,COMPLET,TOTAL,NR,T,BE,2015,146626
A,TOTAL,COMPLET,TOTAL,NR,T,BE,2016,123702
A,TOTAL,COMPLET,TOTAL,NR,T,BE,2017,126703
A,TOTAL,COMPLET,TOTAL,NR,T,BE,2018,137860
A,TOTAL,COMPLET,TOTAL,NR,T,BE,2019,150006
A,TOTAL,COMPLET,TOTAL,NR,T,BE,2020,118683
A,TOTAL,COMPLET,TOTAL,NR,T,BE,2021,139743
A,TOTAL,COMPLET,TOTAL,NR,T,BE,2022,208356
A,TOTAL,COMPLET,TOTAL,NR,T,BE,2023,169609
A,TOTAL,COMPLET,TOTAL,NR,T,BE,2024,162926
A,TOTAL,COMPLET,TOTAL,NR,T,BG,2007,1561
A,TOTAL,COMPLET,TOTAL,NR,T,BG,2012,14103
A,TOTAL,COMPLET,TOTAL,NR,T,BG,2013,18570
A,TOTAL,COMPLET,TOTAL,NR,T,BG,2014,26615
A,TOTAL,COMPLET,TOTAL,NR,T,BG,2015,25223
A,TOTAL,COMPLET,TOTAL,NR,T,BG,2016,21241
A,TOTAL,COMPLET,TOTAL,NR,T,BG,2017,25597
A,TOTAL,COMPLET,TOTAL,NR,T,BG,2018,29559
A,TOTAL,COMPLET,TOTAL,NR,T,BG,2019,37929
A,TOTAL,COMPLET,TOTAL,NR,T,BG,2020,37364
A,TOTAL,COMPLET,TOTAL,NR,T,BG,2021,39461
A,TOTAL,COMPLET,TOTAL,NR,T,BG,2022,40619
A,TOTAL,COMPLET,TOTAL,NR,T,BG,2023,56807
A,TOTAL,COMPLET,TOTAL,NR,T,BG,2024,52189
A,TOTAL,COMPLET,TOTAL,NR,T,CH,1998,95955
A,TOTAL,COMPLET,TOTAL,NR,T,CH,1999,107953
A,TOTAL,COMPLET,TOTAL,NR,T,CH,2000,110302
A,TOTAL,COMPLET,TOTAL,NR,T,CH,2001,124077
A,TOTAL,COMPLET,TOTAL,NR,T,CH,2002,127340
A,TOTAL,COMPLET,TOTAL,NR,T,CH,2003,119783
A,TOTAL,COMPLET,TOTAL,NR,T,CH,2004,120188
A,TOTAL,COMPLET,TOTAL,NR,T,CH,2005,118270
A,TOTAL,COMPLET,TOTAL,NR,T,CH,2006,127586
A,TOTAL,COMPLET,TOTAL,NR,T,CH,2007,165634
A,TOTAL,COMPLET,TOTAL,NR,T,CH,2008,184297
A,TOTAL,COMPLET,TOTAL,NR,T,CH,2009,160623
A,TOTAL,COMPLET,TOTAL,NR,T,CH,2010,161778
A,TOTAL,COMPLET,TOTAL,NR,T,CH,2011,148799
A,TOTAL,COMPLET,TOTAL,NR,T,CH,2012,149051
A,TOTAL,COMPLET,TOTAL,NR,T,CH,2013,160157
A,TOTAL,COMPLET,TOTAL,NR,T,CH,2014,156282
A,TOTAL,COMPLET,TOTAL,NR,T,CH,2015,153627
A,TOTAL,COMPLET,TOTAL,NR,T,CH,2016,149305
A,TOTAL,COMPLET,TOTAL,NR,T,CH,2017,143377
A,TOTAL,COMPLET,TOTAL,NR,T,CH,2018,144857
A,TOTAL,COMPLET,TOTAL,NR,T,CH,2019,145129
A,TOTAL,COMPLET,TOTAL,NR,T,CH,2020,138778
A,TOTAL,COMPLET,TOTAL,NR,T,CH,2021,144907
A,TOTAL,COMPLET,TOTAL,NR,T,CH,2022,167079
A,TOTAL,COMPLET,TOTAL,NR,T,CH,2023,263081
A,TOTAL,COMPLET,TOTAL,NR,T,CH,2024,212578
A,TOTAL,COMPLET,TOTAL,NR,T,CY,1998,8801
A,TOTAL,COMPLET,TOTAL,NR,T,CY,1999,8524
A,TOTAL,COMPLET,TOTAL,NR,T,CY,2000,12764
A,TOTAL,COMPLET,TOTAL,NR,T,CY,2001,17485
A,TOTAL,COMPLET,TOTAL,NR,T,CY,2002,6940
A,TOTAL,COMPLET,TOTAL,NR,T,CY,2003,7981
A,TOTAL,COMPLET,TOTAL,NR,T,CY,2004,9003
A,TOTAL,COMPLET,TOTAL,NR,T,CY,2005,10320
A,TOTAL,COMPLET,TOTAL,NR,T,CY,2006,13077
A,TOTAL,COMPLET,TOTAL,NR,T,CY,2007,19328
A,TOTAL,COMPLET,TOTAL,NR,T,CY,2008,21060
A,TOTAL,COMPLET,TOTAL,NR,T,CY,2009,22581
A,TOTAL,COMPLET,TOTAL,NR,T,CY,2010,20206
A,TOTAL,COMPLET,TOTAL,NR,T,CY,2011,23037
A,TOTAL,COMPLET,TOTAL,NR,T,CY,2012,16138
A,TOTAL,COMPLET,TOTAL,NR,T,CY,2013,13666
A,TOTAL,COMPLET,TOTAL,NR,T,CY,2014,13003
A,TOTAL,COMPLET,TOTAL,NR,T,CY,2015,15364
A,TOTAL,COMPLET,TOTAL,NR,T,CY,2016,18590
A,TOTAL,COMPLET,TOTAL,NR,T,CY,2017,22458
A,TOTAL,COMPLET,TOTAL,NR,T,CY,2018,25740
A,TOTAL,COMPLET,TOTAL,NR,T,CY,2019,27553
A,TOTAL,COMPLET,TOTAL,NR,T,CY,2020,22850
A,TOTAL,COMPLET,TOTAL,NR,T,CY,2021,25473
A,TOTAL,COMPLET,TOTAL,NR,T,CY,2022,37558
A,TOTAL,COMPLET,TOTAL,NR,T,CY,2023,40761
A,TOTAL,COMPLET,TOTAL,NR,T,CY,2024,40471
A,TOTAL,COMPLET,TOTAL,NR,T,CZ,2001,12918
A,TOTAL,COMPLET,TOTAL,NR,T,CZ,2002,44679
A,TOTAL,COMPLET,TOTAL,NR,T,CZ,2003,60015
A,TOTAL,COMPLET,TOTAL,NR,T,CZ,2004,53453
A,TOTAL,COMPLET,TOTAL,NR,T,CZ,2005,60294
A,TOTAL,COMPLET,TOTAL,NR,T,CZ,2006,68183
A,TOTAL,COMPLET,TOTAL,NR,T,CZ,2007,104445
A,TOTAL,COMPLET,TOTAL,NR,T,CZ,2008,108267
A,TOTAL,COMPLET,TOTAL,NR,T,CZ,2009,75620
A,TOTAL,COMPLET,TOTAL,NR,T,CZ,2010,48317
A,TOTAL,COMPLET,TOTAL,NR,T,CZ,2011,27114
A,TOTAL,COMPLET,TOTAL,NR,T,CZ,2012,34337
A,TOTAL,COMPLET,TOTAL,NR,T,CZ,2013,30124
A,TOTAL,COMPLET,TOTAL,NR,T,CZ,2014,29897
A,TOTAL,COMPLET,TOTAL,NR,T,CZ,2015,29602
A,TOTAL,COMPLET,TOTAL,NR,T,CZ,2016,64083
A,TOTAL,COMPLET,TOTAL,NR,T,CZ,2017,51847
A,TOTAL,COMPLET,TOTAL,NR,T,CZ,2018,65910
A,TOTAL,COMPLET,TOTAL,NR,T,CZ,2019,105888
A,TOTAL,COMPLET,TOTAL,NR,T,CZ,2020,63095
A,TOTAL,COMPLET,TOTAL,NR,T,CZ,2021,69360
A,TOTAL,COMPLET,TOTAL,NR,T,CZ,2022,347429
A,TOTAL,COMPLET,TOTAL,NR,T,CZ,2023,142149
A,TOTAL,COMPLET,TOTAL,NR,T,CZ,2024,123910
A,TOTAL,COMPLET,TOTAL,NR,T,DE,1998,802456
A,TOTAL,COMPLET,TOTAL,NR,T,DE,1999,874023
A,TOTAL,COMPLET,TOTAL,NR,T,DE,2000,841158
A,TOTAL,COMPLET,TOTAL,NR,T,DE,2001,879217
A,TOTAL,COMPLET,TOTAL,NR,T,DE,2002,842543
A,TOTAL,COMPLET,TOTAL,NR,T,DE,2003,768975
A,TOTAL,COMPLET,TOTAL,NR,T,DE,2004,780175
A,TOTAL,COMPLET,TOTAL,NR,T,DE,2005,707352
A,TOTAL,COMPLET,TOTAL,NR,T,DE,2006,661855
A,TOTAL,COMPLET,TOTAL,NR,T,DE,2007,680766
A,TOTAL,COMPLET,TOTAL,NR,T,DE,2008,682146
A,TOTAL,COMPLET,TOTAL,NR,T,DE,2009,346216
A,TOTAL,COMPLET,TOTAL,NR,T,DE,2010,404055
A,TOTAL,COMPLET,TOTAL,NR,T,DE,2011,489422
A,TOTAL,COMPLET,TOTAL,NR,T,DE,2012,592175
A,TOTAL,COMPLET,TOTAL,NR,T,DE,2013,692713
A,TOTAL,COMPLET,TOTAL,NR,T,DE,2014,898840
A,TOTAL,COMPLET,TOTAL,NR,T,DE,2015,1595865
A,TOTAL,COMPLET,TOTAL,NR,T,DE,2016,1042484
A,TOTAL,COMPLET,TOTAL,NR,T,DE,2017,900291
A,TOTAL,COMPLET,TOTAL,NR,T,DE,2018,855708
A,TOTAL,COMPLET,TOTAL,NR,T,DE,2019,834338
A,TOTAL,COMPLET,TOTAL,NR,T,DE,2020,666639
A,TOTAL,COMPLET,TOTAL,NR,T,DE,2021,801361
A,TOTAL,COMPLET,TOTAL,NR,T,DE,2022,1977121
A,TOTAL,COMPLET,TOTAL,NR,T,DE,2023,1303251
A,TOTAL,COMPLET,TOTAL,NR,T,DE,2024,1078504
A,TOTAL,COMPLET,TOTAL,NR,T,DK,1998,51372
A,TOTAL,COMPLET,TOTAL,NR,T,DK,1999,50236
A,TOTAL,COMPLET,TOTAL,NR,T,DK,2000,52915
A,TOTAL,COMPLET,TOTAL,NR,T,DK,2001,55984
A,TOTAL,COMPLET,TOTAL,NR,T,DK,2002,52778
A,TOTAL,COMPLET,TOTAL,NR,T,DK,2003,49754
A,TOTAL,COMPLET,TOTAL,NR,T,DK,2004,49860
A,TOTAL,COMPLET,TOTAL,NR,T,DK,2005,52458
A,TOTAL,COMPLET,TOTAL,NR,T,DK,2006,56750
A,TOTAL,COMPLET,TOTAL,NR,T,DK,2007,64656
A,TOTAL,COMPLET,TOTAL,NR,T,DK,2008,57357
A,TOTAL,COMPLET,TOTAL,NR,T,DK,2009,51800
A,TOTAL,COMPLET,TOTAL,NR,T,DK,2010,52236
A,TOTAL,COMPLET,TOTAL,NR,T,DK,2011,52833
A,TOTAL,COMPLET,TOTAL,NR,T,DK,2012,54409
A,TOTAL,COMPLET,TOTAL,NR,T,DK,2013,60312
A,TOTAL,COMPLET,TOTAL,NR,T,DK,2014,68388
A,TOTAL,COMPLET,TOTAL,NR,T,DK,2015,78492
A,TOTAL,COMPLET,TOTAL,NR,T,DK,2016,74383
A,TOTAL,COMPLET,TOTAL,NR,T,DK,2017,68579
A,TOTAL,COMPLET,TOTAL,NR,T,DK,2018,64669
A,TOTAL,COMPLET,TOTAL,NR,T,DK,2019,61384
A,TOTAL,COMPLET,TOTAL,NR,T,DK,2020,57230
A,TOTAL,COMPLET,TOTAL,NR,T,DK,2021,63489
A,TOTAL,COMPLET,TOTAL,NR,T,DK,2022,121183
A,TOTAL,COMPLET,TOTAL,NR,T,DK,2023,98344
A,TOTAL,COMPLET,TOTAL,NR,T,DK,2024,101724
A,TOTAL,COMPLET,TOTAL,NR,T,EE,2000,35
A,TOTAL,COMPLET,TOTAL,NR,T,EE,2001,241
A,TOTAL,COMPLET,TOTAL,NR,T,EE,2002,575
A,TOTAL,COMPLET,TOTAL,NR,T,EE,2003,967
A,TOTAL,COMPLET,TOTAL,NR,T,EE,2004,1097
A,TOTAL,COMPLET,TOTAL,NR,T,EE,2005,1436
A,TOTAL,COMPLET,TOTAL,NR,T,EE,2006,2234
A,TOTAL,COMPLET,TOTAL,NR,T,EE,2007,3741
A,TOTAL,COMPLET,TOTAL,NR,T,EE,2008,3671
A,TOTAL,COMPLET,TOTAL,NR,T,EE,2009,3884
A,TOTAL,COMPLET,TOTAL,NR,T,EE,2010,2810
A,TOTAL,COMPLET,TOTAL,NR,T,EE,2011,3709
A,TOTAL,COMPLET,TOTAL,NR,T,EE,2012,2639
A,TOTAL,COMPLET,TOTAL,NR,T,EE,2013,4109
A,TOTAL,COMPLET,TOTAL,NR,T,EE,2014,3904
A,TOTAL,COMPLET,TOTAL,NR,T,EE,2015,15413
A,TOTAL,COMPLET,TOTAL,NR,T,EE,2016,14822
A,TOTAL,COMPLET,TOTAL,NR,T,EE,2017,17616
A,TOTAL,COMPLET,TOTAL,NR,T,EE,2018,17547
A,TOTAL,COMPLET,TOTAL,NR,T,EE,2019,18259
A,TOTAL,COMPLET,TOTAL,NR,T,EE,2020,16209
A,TOTAL,COMPLET,TOTAL,NR,T,EE,2021,19524
A,TOTAL,COMPLET,TOTAL,NR,T,EE,2022,49414
A,TOTAL,COMPLET,TOTAL,NR,T,EE,2023,26399
A,TOTAL,COMPLET,TOTAL,NR,T,EE,2024,18634
A,TOTAL,COMPLET,TOTAL,NR,T,EL,1998,116411
A,TOTAL,COMPLET,TOTAL,NR,T,EL,1999,84695
A,TOTAL,COMPLET,TOTAL,NR,T,EL,2000,109251
A,TOTAL,COMPLET,TOTAL,NR,T,EL,2001,98471
A,TOTAL,COMPLET,TOTAL,NR,T,EL,2002,67220
A,TOTAL,COMPLET,TOTAL,NR,T,EL,2003,63141
A,TOTAL,COMPLET,TOTAL,NR,T,EL,2004,66871
A,TOTAL,COMPLET,TOTAL,NR,T,EL,2005,70933
A,TOTAL,COMPLET,TOTAL,NR,T,EL,2006,63094
A,TOTAL,COMPLET,TOTAL,NR,T,EL,2007,63298
A,TOTAL,COMPLET,TOTAL,NR,T,EL,2008,66529
A,TOTAL,COMPLET,TOTAL,NR,T,EL,2009,58613
A,TOTAL,COMPLET,TOTAL,NR,T,EL,2010,60462
A,TOTAL,COMPLET,TOTAL,NR,T,EL,2011,60089
A,TOTAL,COMPLET,TOTAL,NR,T,EL,2012,58200
A,TOTAL,COMPLET,TOTAL,NR,T,EL,2013,57946
A,TOTAL,COMPLET,TOTAL,NR,T,EL,2014,59013
A,TOTAL,COMPLET,TOTAL,NR,T,EL,2015,64446
A,TOTAL,COMPLET,TOTAL,NR,T,EL,2016,116867
A,TOTAL,COMPLET,TOTAL,NR,T,EL,2017,112247
A,TOTAL,COMPLET,TOTAL,NR,T,EL,2018,119489
A,TOTAL,COMPLET,TOTAL,NR,T,EL,2019,129459
A,TOTAL,COMPLET,TOTAL,NR,T,EL,2020,84221
A,TOTAL,COMPLET,TOTAL,NR,T,EL,2021,57120
A,TOTAL,COMPLET,TOTAL,NR,T,EL,2022,95374
A,TOTAL,COMPLET,TOTAL,NR,T,EL,2023,116591
A,TOTAL,COMPLET,TOTAL,NR,T,EL,2024,132149
A,TOTAL,COMPLET,TOTAL,NR,T,ES,1998,81227
A,TOTAL,COMPLET,TOTAL,NR,T,ES,1999,127365
A,TOTAL,COMPLET,TOTAL,NR,T,ES,2000,362468
A,TOTAL,COMPLET,TOTAL,NR,T,ES,2001,414772
A,TOTAL,COMPLET,TOTAL,NR,T,ES,2002,483260
A,TOTAL,COMPLET,TOTAL,NR,T,ES,2003,470010
A,TOTAL,COMPLET,TOTAL,NR,T,ES,2004,684561
A,TOTAL,COMPLET,TOTAL,NR,T,ES,2005,719284
A,TOTAL,COMPLET,TOTAL,NR,T,ES,2006,840844
A,TOTAL,COMPLET,TOTAL,NR,T,ES,2007,958266
A,TOTAL,COMPLET,TOTAL,NR,T,ES,2008,599075
A,TOTAL,COMPLET,TOTAL,NR,T,ES,2009,392962
A,TOTAL,COMPLET,TOTAL,NR,T,ES,2010,360705
A,TOTAL,COMPLET,TOTAL,NR,T,ES,2011,371331
A,TOTAL,COMPLET,TOTAL,NR,T,ES,2012,304053
A,TOTAL,COMPLET,TOTAL,NR,T,ES,2013,280772
A,TOTAL,COMPLET,TOTAL,NR,T,ES,2014,305454
A,TOTAL,COMPLET,TOTAL,NR,T,ES,2015,342114
A,TOTAL,COMPLET,TOTAL,NR,T,ES,2016,414746
A,TOTAL,COMPLET,TOTAL,NR,T,ES,2017,532132
A,TOTAL,COMPLET,TOTAL,NR,T,ES,2018,643684
A,TOTAL,COMPLET,TOTAL,NR,T,ES,2019,750480
A,TOTAL,COMPLET,TOTAL,NR,T,ES,2020,467918
A,TOTAL,COMPLET,TOTAL,NR,T,ES,2021,887960
A,TOTAL,COMPLET,TOTAL,NR,T,ES,2022,1258894
A,TOTAL,COMPLET,TOTAL,NR,T,ES,2023,1250991
A,TOTAL,COMPLET,TOTAL,NR,T,ES,2024,1288562
A,TOTAL,COMPLET,TOTAL,NR,T,EU27_2020,2013,2901962
A,TOTAL,COMPLET,TOTAL,NR,T,EU27_2020,2014,3187841
A,TOTAL,COMPLET,TOTAL,NR,T,EU27_2020,2015,4097244
A,TOTAL,COMPLET,TOTAL,NR,T,EU27_2020,2016,3735536
A,TOTAL,COMPLET,TOTAL,NR,T,EU27_2020,2017,3766413
A,TOTAL,COMPLET,TOTAL,NR,T,EU27_2020,2018,3936055
A,TOTAL,COMPLET,TOTAL,NR,T,EU27_2020,2019,4206293
A,TOTAL,COMPLET,TOTAL,NR,T,EU27_2020,2020,3279673
A,TOTAL,COMPLET,TOTAL,NR,T,EU27_2020,2021,4132213
A,TOTAL,COMPLET,TOTAL,NR,T,EU27_2020,2022,6997284
A,TOTAL,COMPLET,TOTAL,NR,T,EU27_2020,2023,6011360
A,TOTAL,COMPLET,TOTAL,NR,T,EU27_2020,2024,5684984
A,TOTAL,COMPLET,TOTAL,NR,T,FI,1998,14192
A,TOTAL,COMPLET,TOTAL,NR,T,FI,1999,14744
A,TOTAL,COMPLET,TOTAL,NR,T,FI,2000,16895
A,TOTAL,COMPLET,TOTAL,NR,T,FI,2001,18955
A,TOTAL,COMPLET,TOTAL,NR,T,FI,2002,18113
A,TOTAL,COMPLET,TOTAL,NR,T,FI,2003,17838
A,TOTAL,COMPLET,TOTAL,NR,T,FI,2004,20333
A,TOTAL,COMPLET,TOTAL,NR,T,FI,2005,21355
A,TOTAL,COMPLET,TOTAL,NR,T,FI,2006,22451
A,TOTAL,COMPLET,TOTAL,NR,T,FI,2007,26029
A,TOTAL,COMPLET,TOTAL,NR,T,FI,2008,29114
A,TOTAL,COMPLET,TOTAL,NR,T,FI,2009,26699
A,TOTAL,COMPLET,TOTAL,NR,T,FI,2010,25636
A,TOTAL,COMPLET,TOTAL,NR,T,FI,2011,29481
A,TOTAL,COMPLET,TOTAL,NR,T,FI,2012,31278
A,TOTAL,COMPLET,TOTAL,NR,T,FI,2013,31941
A,TOTAL,COMPLET,TOTAL,NR,T,FI,2014,31507
A,TOTAL,COMPLET,TOTAL,NR,T,FI,2015,28746
A,TOTAL,COMPLET,TOTAL,NR,T,FI,2016,34905
A,TOTAL,COMPLET,TOTAL,NR,T,FI,2017,31797
A,TOTAL,COMPLET,TOTAL,NR,T,FI,2018,31106
A,TOTAL,COMPLET,TOTAL,NR,T,FI,2019,32758
A,TOTAL,COMPLET,TOTAL,NR,T,FI,2020,32898
A,TOTAL,COMPLET,TOTAL,NR,T,FI,2021,36364
A,TOTAL,COMPLET,TOTAL,NR,T,FI,2022,49998
A,TOTAL,COMPLET,TOTAL,NR,T,FI,2023,73236
A,TOTAL,COMPLET,TOTAL,NR,T,FI,2024,63965
A,TOTAL,COMPLET,TOTAL,NR,T,FR,2006,301544
A,TOTAL,COMPLET,TOTAL,NR,T,FR,2007,293980
A,TOTAL,COMPLET,TOTAL,NR,T,FR,2008,296608
A,TOTAL,COMPLET,TOTAL,NR,T,FR,2009,296970
A,TOTAL,COMPLET,TOTAL,NR,T,FR,2010,307111
A,TOTAL,COMPLET,TOTAL,NR,T,FR,2011,319816
A,TOTAL,COMPLET,TOTAL,NR,T,FR,2012,327431
A,TOTAL,COMPLET,TOTAL,NR,T,FR,2013,338752
A,TOTAL,COMPLET,TOTAL,NR,T,FR,2014,340383
A,TOTAL,COMPLET,TOTAL,NR,T,FR,2015,364221
A,TOTAL,COMPLET,TOTAL,NR,T,FR,2016,377709
A,TOTAL,COMPLET,TOTAL,NR,T,FR,2017,369621
A,TOTAL,COMPLET,TOTAL,NR,T,FR,2018,387160
A,TOTAL,COMPLET,TOTAL,NR,T,FR,2019,385596
A,TOTAL,COMPLET,TOTAL,NR,T,FR,2020,331137
A,TOTAL,COMPLET,TOTAL,NR,T,FR,2021,388513
A,TOTAL,COMPLET,TOTAL,NR,T,FR,2022,490655
A,TOTAL,COMPLET,TOTAL,NR,T,FR,2023,467548
A,TOTAL,COMPLET,TOTAL,NR,T,FR,2024,438626
A,TOTAL,COMPLET,TOTAL,NR,T,HR,1998,51784
A,TOTAL,COMPLET,TOTAL,NR,T,HR,1999,32910
A,TOTAL,COMPLET,TOTAL,NR,T,HR,2001,24415
A,TOTAL,COMPLET,TOTAL,NR,T,HR,2002,20365
A,TOTAL,COMPLET,TOTAL,NR,T,HR,2003,18455
A,TOTAL,COMPLET,TOTAL,NR,T,HR,2004,18383
A,TOTAL,COMPLET,TOTAL,NR,T,HR,2006,14978
A,TOTAL,COMPLET,TOTAL,NR,T,HR,2007,14622
A,TOTAL,COMPLET,TOTAL,NR,T,HR,2008,16883
A,TOTAL,COMPLET,TOTAL,NR,T,HR,2009,13213
A,TOTAL,COMPLET,TOTAL,NR,T,HR,2010,8846
A,TOTAL,COMPLET,TOTAL,NR,T,HR,2011,8534
A,TOTAL,COMPLET,TOTAL,NR,T,HR,2012,8959
A,TOTAL,COMPLET,TOTAL,NR,T,HR,2013,10378
A,TOTAL,COMPLET,TOTAL,NR,T,HR,2014,10638
A,TOTAL,COMPLET,TOTAL,NR,T,HR,2015,11706
A,TOTAL,COMPLET,TOTAL,NR,T,HR,2016,13985
A,TOTAL,COMPLET,TOTAL,NR,T,HR,2017,15553
A,TOTAL,COMPLET,TOTAL,NR,T,HR,2018,26029
A,TOTAL,COMPLET,TOTAL,NR,T,HR,2019,37726
A,TOTAL,COMPLET,TOTAL,NR,T,HR,2020,33414
A,TOTAL,COMPLET,TOTAL,NR,T,HR,2021,35912
A,TOTAL,COMPLET,TOTAL,NR,T,HR,2022,57972
A,TOTAL,COMPLET,TOTAL,NR,T,HR,2023,69396
A,TOTAL,COMPLET,TOTAL,NR,T,HR,2024,70391
A,TOTAL,COMPLET,TOTAL,NR,T,HU,1998,17269
A,TOTAL,COMPLET,TOTAL,NR,T,HU,1999,21422
A,TOTAL,COMPLET,TOTAL,NR,T,HU,2000,21726
A,TOTAL,COMPLET,TOTAL,NR,T,HU,2001,22079
A,TOTAL,COMPLET,TOTAL,NR,T,HU,2002,19855
A,TOTAL,COMPLET,TOTAL,NR,T,HU,2003,21327
A,TOTAL,COMPLET,TOTAL,NR,T,HU,2004,24298
A,TOTAL,COMPLET,TOTAL,NR,T,HU,2005,27820
A,TOTAL,COMPLET,TOTAL,NR,T,HU,2006,25732
A,TOTAL,COMPLET,TOTAL,NR,T,HU,2007,24361
A,TOTAL,COMPLET,TOTAL,NR,T,HU,2008,37652
A,TOTAL,COMPLET,TOTAL,NR,T,HU,2009,27894
A,TOTAL,COMPLET,TOTAL,NR,T,HU,2010,25519
A,TOTAL,COMPLET,TOTAL,NR,T,HU,2011,28018
A,TOTAL,COMPLET,TOTAL,NR,T,HU,2012,33702
A,TOTAL,COMPLET,TOTAL,NR,T,HU,2013,38968
A,TOTAL,COMPLET,TOTAL,NR,T,HU,2014,54581
A,TOTAL,COMPLET,TOTAL,NR,T,HU,2015,58344
A,TOTAL,COMPLET,TOTAL,NR,T,HU,2016,53618
A,TOTAL,COMPLET,TOTAL,NR,T,HU,2017,68070
A,TOTAL,COMPLET,TOTAL,NR,T,HU,2018,82937
A,TOTAL,COMPLET,TOTAL,NR,T,HU,2019,88581
A,TOTAL,COMPLET,TOTAL,NR,T,HU,2020,75470
A,TOTAL,COMPLET,TOTAL,NR,T,HU,2021,80471
A,TOTAL,COMPLET,TOTAL,NR,T,HU,2022,94148
A,TOTAL,COMPLET,TOTAL,NR,T,HU,2023,96192
A,TOTAL,COMPLET,TOTAL,NR,T,HU,2024,88418
A,TOTAL,COMPLET,TOTAL,NR,T,IE,1998,48175
A,TOTAL,COMPLET,TOTAL,NR,T,IE,1999,51675
A,TOTAL,COMPLET,TOTAL,NR,T,IE,2000,57400
A,TOTAL,COMPLET,TOTAL,NR,T,IE,2001,64925
A,TOTAL,COMPLET,TOTAL,NR,T,IE,2002,61725
A,TOTAL,COMPLET,TOTAL,NR,T,IE,2003,58875
A,TOTAL,COMPLET,TOTAL,NR,T,IE,2004,78075
A,TOTAL,COMPLET,TOTAL,NR,T,IE,2005,102000
A,TOTAL,COMPLET,TOTAL,NR,T,IE,2006,139434
A,TOTAL,COMPLET,TOTAL,NR,T,IE,2007,122415
A,TOTAL,COMPLET,TOTAL,NR,T,IE,2008,82592
A,TOTAL,COMPLET,TOTAL,NR,T,IE,2009,50604
A,TOTAL,COMPLET,TOTAL,NR,T,IE,2010,52339
A,TOTAL,COMPLET,TOTAL,NR,T,IE,2011,57292
A,TOTAL,COMPLET,TOTAL,NR,T,IE,2012,61324
A,TOTAL,COMPLET,TOTAL,NR,T,IE,2013,65539
A,TOTAL,COMPLET,TOTAL,NR,T,IE,2014,73519
A,TOTAL,COMPLET,TOTAL,NR,T,IE,2015,80792
A,TOTAL,COMPLET,TOTAL,NR,T,IE,2016,93378
A,TOTAL,COMPLET,TOTAL,NR,T,IE,2017,84743
A,TOTAL,COMPLET,TOTAL,NR,T,IE,2018,105699
A,TOTAL,COMPLET,TOTAL,NR,T,IE,2019,96321
A,TOTAL,COMPLET,TOTAL,NR,T,IE,2020,81918
A,TOTAL,COMPLET,TOTAL,NR,T,IE,2021,83770
A,TOTAL,COMPLET,TOTAL,NR,T,IE,2022,157537
A,TOTAL,COMPLET,TOTAL,NR,T,IE,2023,135617
A,TOTAL,COMPLET,TOTAL,NR,T,IE,2024,127664
A,TOTAL,COMPLET,TOTAL,NR,T,IS,1998,4562
A,TOTAL,COMPLET,TOTAL,NR,T,IS,1999,4785
A,TOTAL,COMPLET,TOTAL,NR,T,IS,2000,5203
A,TOTAL,COMPLET,TOTAL,NR,T,IS,2001,5002
A,TOTAL,COMPLET,TOTAL,NR,T,IS,2002,4215
A,TOTAL,COMPLET,TOTAL,NR,T,IS,2003,3704
A,TOTAL,COMPLET,TOTAL,NR,T,IS,2004,5350
A,TOTAL,COMPLET,TOTAL,NR,T,IS,2005,7773
A,TOTAL,COMPLET,TOTAL,NR,T,IS,2006,9832
A,TOTAL,COMPLET,TOTAL,NR,T,IS,2007,12546
A,TOTAL,COMPLET,TOTAL,NR,T,IS,2008,10288
A,TOTAL,COMPLET,TOTAL,NR,T,IS,2009,3921
A,TOTAL,COMPLET,TOTAL,NR,T,IS,2010,3948
A,TOTAL,COMPLET,TOTAL,NR,T,IS,2011,4073
A,TOTAL,COMPLET,TOTAL,NR,T,IS,2012,4960
A,TOTAL,COMPLET,TOTAL,NR,T,IS,2013,6406
A,TOTAL,COMPLET,TOTAL,NR,T,IS,2014,5368
A,TOTAL,COMPLET,TOTAL,NR,T,IS,2015,5635
A,TOTAL,COMPLET,TOTAL,NR,T,IS,2016,8710
A,TOTAL,COMPLET,TOTAL,NR,T,IS,2017,12116
A,TOTAL,COMPLET,TOTAL,NR,T,IS,2018,11830
A,TOTAL,COMPLET,TOTAL,NR,T,IS,2019,9872
A,TOTAL,COMPLET,TOTAL,NR,T,IS,2020,8544
A,TOTAL,COMPLET,TOTAL,NR,T,IS,2021,8996
A,TOTAL,COMPLET,TOTAL,NR,T,IS,2022,14878
A,TOTAL,COMPLET,TOTAL,NR,T,IS,2023,11235
A,TOTAL,COMPLET,TOTAL,NR,T,IS,2024,9946
A,TOTAL,COMPLET,TOTAL,NR,T,IT,1998,156885
A,TOTAL,COMPLET,TOTAL,NR,T,IT,1999,185052
A,TOTAL,COMPLET,TOTAL,NR,T,IT,2000,226968
A,TOTAL,COMPLET,TOTAL,NR,T,IT,2001,208252
A,TOTAL,COMPLET,TOTAL,NR,T,IT,2002,213202
A,TOTAL,COMPLET,TOTAL,NR,T,IT,2003,440301
A,TOTAL,COMPLET,TOTAL,NR,T,IT,2004,414880
A,TOTAL,COMPLET,TOTAL,NR,T,IT,2005,304960
A,TOTAL,COMPLET,TOTAL,NR,T,IT,2006,279714
A,TOTAL,COMPLET,TOTAL,NR,T,IT,2007,527123
A,TOTAL,COMPLET,TOTAL,NR,T,IT,2008,534712
A,TOTAL,COMPLET,TOTAL,NR,T,IT,2009,442940
A,TOTAL,COMPLET,TOTAL,NR,T,IT,2010,458856
A,TOTAL,COMPLET,TOTAL,NR,T,IT,2011,385793
A,TOTAL,COMPLET,TOTAL,NR,T,IT,2012,350772
A,TOTAL,COMPLET,TOTAL,NR,T,IT,2013,307454
A,TOTAL,COMPLET,TOTAL,NR,T,IT,2014,277631
A,TOTAL,COMPLET,TOTAL,NR,T,IT,2015,280078
A,TOTAL,COMPLET,TOTAL,NR,T,IT,2016,300823
A,TOTAL,COMPLET,TOTAL,NR,T,IT,2017,343440
A,TOTAL,COMPLET,TOTAL,NR,T,IT,2018,332324
A,TOTAL,COMPLET,TOTAL,NR,T,IT,2019,332778
A,TOTAL,COMPLET,TOTAL,NR,T,IT,2020,247526
A,TOTAL,COMPLET,TOTAL,NR,T,IT,2021,318366
A,TOTAL,COMPLET,TOTAL,NR,T,IT,2022,410985
A,TOTAL,COMPLET,TOTAL,NR,T,IT,2023,439658
A,TOTAL,COMPLET,TOTAL,NR,T,IT,2024,451583
A,TOTAL,COMPLET,TOTAL,NR,T,LI,2008,578
A,TOTAL,COMPLET,TOTAL,NR,T,LI,2009,584
A,TOTAL,COMPLET,TOTAL,NR,T,LI,2010,591
A,TOTAL,COMPLET,TOTAL,NR,T,LI,2011,650
A,TOTAL,COMPLET,TOTAL,NR,T,LI,2012,671
A,TOTAL,COMPLET,TOTAL,NR,T,LI,2013,696
A,TOTAL,COMPLET,TOTAL,NR,T,LI,2014,615
A,TOTAL,COMPLET,TOTAL,NR,T,LI,2015,657
A,TOTAL,COMPLET,TOTAL,NR,T,LI,2016,607
A,TOTAL,COMPLET,TOTAL,NR,T,LI,2017,645
A,TOTAL,COMPLET,TOTAL,NR,T,LI,2018,649
A,TOTAL,COMPLET,TOTAL,NR,T,LI,2019,727
A,TOTAL,COMPLET,TOTAL,NR,T,LI,2020,713
A,TOTAL,COMPLET,TOTAL,NR,T,LI,2021,669
A,TOTAL,COMPLET,TOTAL,NR,T,LI,2022,770
A,TOTAL,COMPLET,TOTAL,NR,T,LI,2023,716
A,TOTAL,COMPLET,TOTAL,NR,T,LI,2024,1300
A,TOTAL,COMPLET,TOTAL,NR,T,LT,1998,2706
A,TOTAL,COMPLET,TOTAL,NR,T,LT,1999,2679
A,TOTAL,COMPLET,TOTAL,NR,T,LT,2000,1510
A,TOTAL,COMPLET,TOTAL,NR,T,LT,2001,4694
A,TOTAL,COMPLET,TOTAL,NR,T,LT,2002,5110
A,TOTAL,COMPLET,TOTAL,NR,T,LT,2003,4728
A,TOTAL,COMPLET,TOTAL,NR,T,LT,2004,5553
A,TOTAL,COMPLET,TOTAL,NR,T,LT,2005,6789
A,TOTAL,COMPLET,TOTAL,NR,T,LT,2006,7745
A,TOTAL,COMPLET,TOTAL,NR,T,LT,2007,8609
A,TOTAL,COMPLET,TOTAL,NR,T,LT,2008,9297
A,TOTAL,COMPLET,TOTAL,NR,T,LT,2009,6487
A,TOTAL,COMPLET,TOTAL,NR,T,LT,2010,5213
A,TOTAL,COMPLET,TOTAL,NR,T,LT,2011,15685
A,TOTAL,COMPLET,TOTAL,NR,T,LT,2012,28797
A,TOTAL,COMPLET,TOTAL,NR,T,LT,2013,30924
A,TOTAL,COMPLET,TOTAL,NR,T,LT,2014,33544
A,TOTAL,COMPLET,TOTAL,NR,T,LT,2015,31085
A,TOTAL,COMPLET,TOTAL,NR,T,LT,2016,31395
A,TOTAL,COMPLET,TOTAL,NR,T,LT,2017,33305
A,TOTAL,COMPLET,TOTAL,NR,T,LT,2018,37420
A,TOTAL,COMPLET,TOTAL,NR,T,LT,2019,46526
A,TOTAL,COMPLET,TOTAL,NR,T,LT,2020,46020
A,TOTAL,COMPLET,TOTAL,NR,T,LT,2021,44858
A,TOTAL,COMPLET,TOTAL,NR,T,LT,2022,87367
A,TOTAL,COMPLET,TOTAL,NR,T,LT,2023,66682
A,TOTAL,COMPLET,TOTAL,NR,T,LT,2024,51845
A,TOTAL,COMPLET,TOTAL,NR,T,LU,1998,11630
A,TOTAL,COMPLET,TOTAL,NR,T,LU,1999,12794
A,TOTAL,COMPLET,TOTAL,NR,T,LU,2000,11765
A,TOTAL,COMPLET,TOTAL,NR,T,LU,2001,12135
A,TOTAL,COMPLET,TOTAL,NR,T,LU,2002,12101
A,TOTAL,COMPLET,TOTAL,NR,T,LU,2003,13158
A,TOTAL,COMPLET,TOTAL,NR,T,LU,2004,12872
A,TOTAL,COMPLET,TOTAL,NR,T,LU,2005,14397
A,TOTAL,COMPLET,TOTAL,NR,T,LU,2006,14352
A,TOTAL,COMPLET,TOTAL,NR,T,LU,2007,16675
A,TOTAL,COMPLET,TOTAL,NR,T,LU,2008,17758
A,TOTAL,COMPLET,TOTAL,NR,T,LU,2009,15751
A,TOTAL,COMPLET,TOTAL,NR,T,LU,2010,16962
A,TOTAL,COMPLET,TOTAL,NR,T,LU,2011,20268
A,TOTAL,COMPLET,TOTAL,NR,T,LU,2012,20478
A,TOTAL,COMPLET,TOTAL,NR,T,LU,2013,21098
A,TOTAL,COMPLET,TOTAL,NR,T,LU,2014,22332
A,TOTAL,COMPLET,TOTAL,NR,T,LU,2015,23803
A,TOTAL,COMPLET,TOTAL,NR,T,LU,2016,22888
A,TOTAL,COMPLET,TOTAL,NR,T,LU,2017,24379
A,TOTAL,COMPLET,TOTAL,NR,T,LU,2018,24644
A,TOTAL,COMPLET,TOTAL,NR,T,LU,2019,26668
A,TOTAL,COMPLET,TOTAL,NR,T,LU,2020,22490
A,TOTAL,COMPLET,TOTAL,NR,T,LU,2021,25335
A,TOTAL,COMPLET,TOTAL,NR,T,LU,2022,31433
A,TOTAL,COMPLET,TOTAL,NR,T,LU,2023,26964
A,TOTAL,COMPLET,TOTAL,NR,T,LU,2024,25725
A,TOTAL,COMPLET,TOTAL,NR,T,LV,1998,3123
A,TOTAL,COMPLET,TOTAL,NR,T,LV,1999,1813
A,TOTAL,COMPLET,TOTAL,NR,T,LV,2000,6483
A,TOTAL,COMPLET,TOTAL,NR,T,LV,2001,5376
A,TOTAL,COMPLET,TOTAL,NR,T,LV,2002,6642
A,TOTAL,COMPLET,TOTAL,NR,T,LV,2003,4063
A,TOTAL,COMPLET,TOTAL,NR,T,LV,2004,4844
A,TOTAL,COMPLET,TOTAL,NR,T,LV,2005,6691
A,TOTAL,COMPLET,TOTAL,NR,T,LV,2006,8212
A,TOTAL,COMPLET,TOTAL,NR,T,LV,2007,7517
A,TOTAL,COMPLET,TOTAL,NR,T,LV,2008,4678
A,TOTAL,COMPLET,TOTAL,NR,T,LV,2009,3731
A,TOTAL,COMPLET,TOTAL,NR,T,LV,2010,4011
A,TOTAL,COMPLET,TOTAL,NR,T,LV,2011,10234
A,TOTAL,COMPLET,TOTAL,NR,T,LV,2012,13303
A,TOTAL,COMPLET,TOTAL,NR,T,LV,2013,8299
A,TOTAL,COMPLET,TOTAL,NR,T,LV,2014,10365
A,TOTAL,COMPLET,TOTAL,NR,T,LV,2015,9479
A,TOTAL,COMPLET,TOTAL,NR,T,LV,2016,8345
A,TOTAL,COMPLET,TOTAL,NR,T,LV,2017,9916
A,TOTAL,COMPLET,TOTAL,NR,T,LV,2018,10909
A,TOTAL,COMPLET,TOTAL,NR,T,LV,2019,11223
A,TOTAL,COMPLET,TOTAL,NR,T,LV,2020,8840
A,TOTAL,COMPLET,TOTAL,NR,T,LV,2021,12689
A,TOTAL,COMPLET,TOTAL,NR,T,LV,2022,38708
A,TOTAL,COMPLET,TOTAL,NR,T,LV,2023,15629
A,TOTAL,COMPLET,TOTAL,NR,T,LV,2024,14701
A,TOTAL,COMPLET,TOTAL,NR,T,MD,2014,98731
A,TOTAL,COMPLET,TOTAL,NR,T,MD,2015,105834
A,TOTAL,COMPLET,TOTAL,NR,T,MD,2016,107303
A,TOTAL,COMPLET,TOTAL,NR,T,MD,2017,107580
A,TOTAL,COMPLET,TOTAL,NR,T,MD,2018,116739
A,TOTAL,COMPLET,TOTAL,NR,T,MD,2019,116196
A,TOTAL,COMPLET,TOTAL,NR,T,MD,2020,65167
A,TOTAL,COMPLET,TOTAL,NR,T,MD,2021,68356
A,TOTAL,COMPLET,TOTAL,NR,T,MD,2022,177875
A,TOTAL,COMPLET,TOTAL,NR,T,MD,2023,97517
A,TOTAL,COMPLET,TOTAL,NR,T,MD,2024,105804
A,TOTAL,COMPLET,TOTAL,NR,T,ME,2010,5749
A,TOTAL,COMPLET,TOTAL,NR,T,ME,2011,6025
A,TOTAL,COMPLET,TOTAL,NR,T,ME,2012,5727
A,TOTAL,COMPLET,TOTAL,NR,T,ME,2013,5112
A,TOTAL,COMPLET,TOTAL,NR,T,ME,2014,5353
A,TOTAL,COMPLET,TOTAL,NR,T,ME,2015,4553
A,TOTAL,COMPLET,TOTAL,NR,T,ME,2016,4904
A,TOTAL,COMPLET,TOTAL,NR,T,ME,2017,6684
A,TOTAL,COMPLET,TOTAL,NR,T,ME,2018,8643
A,TOTAL,COMPLET,TOTAL,NR,T,ME,2019,10737
A,TOTAL,COMPLET,TOTAL,NR,T,ME,2020,6008
A,TOTAL,COMPLET,TOTAL,NR,T,ME,2022,15989
A,TOTAL,COMPLET,TOTAL,NR,T,ME,2023,18316
A,TOTAL,COMPLET,TOTAL,NR,T,ME,2024,20016
A,TOTAL,COMPLET,TOTAL,NR,T,MK,2008,1052
A,TOTAL,COMPLET,TOTAL,NR,T,MK,2009,857
A,TOTAL,COMPLET,TOTAL,NR,T,MK,2010,1359
A,TOTAL,COMPLET,TOTAL,NR,T,MK,2011,1464
A,TOTAL,COMPLET,TOTAL,NR,T,MK,2012,1715
A,TOTAL,COMPLET,TOTAL,NR,T,MK,2013,2050
A,TOTAL,COMPLET,TOTAL,NR,T,MK,2014,1935
A,TOTAL,COMPLET,TOTAL,NR,T,MK,2015,1741
A,TOTAL,COMPLET,TOTAL,NR,T,MK,2016,2262
A,TOTAL,COMPLET,TOTAL,NR,T,MK,2017,2064
A,TOTAL,COMPLET,TOTAL,NR,T,MK,2018,2053
A,TOTAL,COMPLET,TOTAL,NR,T,MK,2019,2118
A,TOTAL,COMPLET,TOTAL,NR,T,MK,2020,2555
A,TOTAL,COMPLET,TOTAL,NR,T,MK,2021,1570
A,TOTAL,COMPLET,TOTAL,NR,T,MK,2022,2452
A,TOTAL,COMPLET,TOTAL,NR,T,MK,2024,7458
A,TOTAL,COMPLET,TOTAL,NR,T,MT,2005,2075
A,TOTAL,COMPLET,TOTAL,NR,T,MT,2006,3889
A,TOTAL,COMPLET,TOTAL,NR,T,MT,2007,5292
A,TOTAL,COMPLET,TOTAL,NR,T,MT,2008,6043
A,TOTAL,COMPLET,TOTAL,NR,T,MT,2009,6161
A,TOTAL,COMPLET,TOTAL,NR,T,MT,2010,4275
A,TOTAL,COMPLET,TOTAL,NR,T,MT,2011,5465
A,TOTAL,COMPLET,TOTAL,NR,T,MT,2012,9152
A,TOTAL,COMPLET,TOTAL,NR,T,MT,2013,12446
A,TOTAL,COMPLET,TOTAL,NR,T,MT,2014,15928
A,TOTAL,COMPLET,TOTAL,NR,T,MT,2015,18202
A,TOTAL,COMPLET,TOTAL,NR,T,MT,2016,18116
A,TOTAL,COMPLET,TOTAL,NR,T,MT,2017,22750
A,TOTAL,COMPLET,TOTAL,NR,T,MT,2018,27394
A,TOTAL,COMPLET,TOTAL,NR,T,MT,2019,29304
A,TOTAL,COMPLET,TOTAL,NR,T,MT,2020,14751
A,TOTAL,COMPLET,TOTAL,NR,T,MT,2021,16963
A,TOTAL,COMPLET,TOTAL,NR,T,MT,2022,34964
A,TOTAL,COMPLET,TOTAL,NR,T,MT,2023,42239
A,TOTAL,COMPLET,TOTAL,NR,T,MT,2024,34033
A,TOTAL,COMPLET,TOTAL,NR,T,NL,1998,122407
A,TOTAL,COMPLET,TOTAL,NR,T,NL,1999,119151
A,TOTAL,COMPLET,TOTAL,NR,T,NL,2000,132850
A,TOTAL,COMPLET,TOTAL,NR,T,NL,2001,133404
A,TOTAL,COMPLET,TOTAL,NR,T,NL,2002,121250
A,TOTAL,COMPLET,TOTAL,NR,T,NL,2003,104514
A,TOTAL,COMPLET,TOTAL,NR,T,NL,2004,94019
A,TOTAL,COMPLET,TOTAL,NR,T,NL,2005,92297
A,TOTAL,COMPLET,TOTAL,NR,T,NL,2006,101150
A,TOTAL,COMPLET,TOTAL,NR,T,NL,2007,116819
A,TOTAL,COMPLET,TOTAL,NR,T,NL,2008,143516
A,TOTAL,COMPLET,TOTAL,NR,T,NL,2009,122917
A,TOTAL,COMPLET,TOTAL,NR,T,NL,2010,126776
A,TOTAL,COMPLET,TOTAL,NR,T,NL,2011,130118
A,TOTAL,COMPLET,TOTAL,NR,T,NL,2012,124566
A,TOTAL,COMPLET,TOTAL,NR,T,NL,2013,129428
A,TOTAL,COMPLET,TOTAL,NR,T,NL,2014,145323
A,TOTAL,COMPLET,TOTAL,NR,T,NL,2015,166872
A,TOTAL,COMPLET,TOTAL,NR,T,NL,2016,189232
A,TOTAL,COMPLET,TOTAL,NR,T,NL,2017,189646
A,TOTAL,COMPLET,TOTAL,NR,T,NL,2018,194306
A,TOTAL,COMPLET,TOTAL,NR,T,NL,2019,215756
A,TOTAL,COMPLET,TOTAL,NR,T,NL,2020,182244
A,TOTAL,COMPLET,TOTAL,NR,T,NL,2021,214105
A,TOTAL,COMPLET,TOTAL,NR,T,NL,2022,326798
A,TOTAL,COMPLET,TOTAL,NR,T,NL,2023,274597
A,TOTAL,COMPLET,TOTAL,NR,T,NL,2024,257714
A,TOTAL,COMPLET,TOTAL,NR,T,NO,1998,36704
A,TOTAL,COMPLET,TOTAL,NR,T,NO,1999,41841
A,TOTAL,COMPLET,TOTAL,NR,T,NO,2000,36542
A,TOTAL,COMPLET,TOTAL,NR,T,NO,2001,34264
A,TOTAL,COMPLET,TOTAL,NR,T,NO,2002,40122
A,TOTAL,COMPLET,TOTAL,NR,T,NO,2003,35957
A,TOTAL,COMPLET,TOTAL,NR,T,NO,2004,36482
A,TOTAL,COMPLET,TOTAL,NR,T,NO,2005,40148
A,TOTAL,COMPLET,TOTAL,NR,T,NO,2006,45776
A,TOTAL,COMPLET,TOTAL,NR,T,NO,2007,61774
A,TOTAL,COMPLET,TOTAL,NR,T,NO,2008,58123
A,TOTAL,COMPLET,TOTAL,NR,T,NO,2009,55953
A,TOTAL,COMPLET,TOTAL,NR,T,NO,2010,69214
A,TOTAL,COMPLET,TOTAL,NR,T,NO,2011,70337
A,TOTAL,COMPLET,TOTAL,NR,T,NO,2012,69908
A,TOTAL,COMPLET,TOTAL,NR,T,NO,2013,68313
A,TOTAL,COMPLET,TOTAL,NR,T,NO,2014,66903
A,TOTAL,COMPLET,TOTAL,NR,T,NO,2015,60816
A,TOTAL,COMPLET,TOTAL,NR,T,NO,2016,61460
A,TOTAL,COMPLET,TOTAL,NR,T,NO,2017,53351
A,TOTAL,COMPLET,TOTAL,NR,T,NO,2018,47864
A,TOTAL,COMPLET,TOTAL,NR,T,NO,2019,48680
A,TOTAL,COMPLET,TOTAL,NR,T,NO,2020,36287
A,TOTAL,COMPLET,TOTAL,NR,T,NO,2021,53947
A,TOTAL,COMPLET,TOTAL,NR,T,NO,2022,90475
A,TOTAL,COMPLET,TOTAL,NR,T,NO,2023,86589
A,TOTAL,COMPLET,TOTAL,NR,T,NO,2024,66077
A,TOTAL,COMPLET,TOTAL,NR,T,PL,1998,8916
A,TOTAL,COMPLET,TOTAL,NR,T,PL,1999,7525
A,TOTAL,COMPLET,TOTAL,NR,T,PL,2000,7331
A,TOTAL,COMPLET,TOTAL,NR,T,PL,2001,6625
A,TOTAL,COMPLET,TOTAL,NR,T,PL,2002,6587
A,TOTAL,COMPLET,TOTAL,NR,T,PL,2003,7048
A,TOTAL,COMPLET,TOTAL,NR,T,PL,2004,9495
A,TOTAL,COMPLET,TOTAL,NR,T,PL,2005,9364
A,TOTAL,COMPLET,TOTAL,NR,T,PL,2006,10802
A,TOTAL,COMPLET,TOTAL,NR,T,PL,2007,14995
A,TOTAL,COMPLET,TOTAL,NR,T,PL,2008,15275
A,TOTAL,COMPLET,TOTAL,NR,T,PL,2009,189166
A,TOTAL,COMPLET,TOTAL,NR,T,PL,2010,155131
A,TOTAL,COMPLET,TOTAL,NR,T,PL,2011,157059
A,TOTAL,COMPLET,TOTAL,NR,T,PL,2012,217546
A,TOTAL,COMPLET,TOTAL,NR,T,PL,2013,220311
A,TOTAL,COMPLET,TOTAL,NR,T,PL,2014,222275
A,TOTAL,COMPLET,TOTAL,NR,T,PL,2015,218147
A,TOTAL,COMPLET,TOTAL,NR,T,PL,2016,208302
A,TOTAL,COMPLET,TOTAL,NR,T,PL,2017,209353
A,TOTAL,COMPLET,TOTAL,NR,T,PL,2018,214083
A,TOTAL,COMPLET,TOTAL,NR,T,PL,2019,226649
A,TOTAL,COMPLET,TOTAL,NR,T,PL,2020,210615
A,TOTAL,COMPLET,TOTAL,NR,T,PL,2021,241116
A,TOTAL,COMPLET,TOTAL,NR,T,PL,2022,275515
A,TOTAL,COMPLET,TOTAL,NR,T,PL,2023,303275
A,TOTAL,COMPLET,TOTAL,NR,T,PL,2024,300496
A,TOTAL,COMPLET,TOTAL,NR,T,PT,1998,56788
A,TOTAL,COMPLET,TOTAL,NR,T,PT,1999,68297
A,TOTAL,COMPLET,TOTAL,NR,T,PT,2000,77775
A,TOTAL,COMPLET,TOTAL,NR,T,PT,2001,61609
A,TOTAL,COMPLET,TOTAL,NR,T,PT,2002,50611
A,TOTAL,COMPLET,TOTAL,NR,T,PT,2003,31425
A,TOTAL,COMPLET,TOTAL,NR,T,PT,2004,21093
A,TOTAL,COMPLET,TOTAL,NR,T,PT,2005,21741
A,TOTAL,COMPLET,TOTAL,NR,T,PT,2006,22741
A,TOTAL,COMPLET,TOTAL,NR,T,PT,2007,29661
A,TOTAL,COMPLET,TOTAL,NR,T,PT,2008,29718
A,TOTAL,COMPLET,TOTAL,NR,T,PT,2009,32307
A,TOTAL,COMPLET,TOTAL,NR,T,PT,2010,27575
A,TOTAL,COMPLET,TOTAL,NR,T,PT,2011,18820
A,TOTAL,COMPLET,TOTAL,NR,T,PT,2012,14668
A,TOTAL,COMPLET,TOTAL,NR,T,PT,2013,17757
A,TOTAL,COMPLET,TOTAL,NR,T,PT,2014,23077
A,TOTAL,COMPLET,TOTAL,NR,T,PT,2015,36849
A,TOTAL,COMPLET,TOTAL,NR,T,PT,2016,37644
A,TOTAL,COMPLET,TOTAL,NR,T,PT,2017,46649
A,TOTAL,COMPLET,TOTAL,NR,T,PT,2018,55357
A,TOTAL,COMPLET,TOTAL,NR,T,PT,2019,95382
A,TOTAL,COMPLET,TOTAL,NR,T,PT,2020,83654
A,TOTAL,COMPLET,TOTAL,NR,T,PT,2021,97119
A,TOTAL,COMPLET,TOTAL,NR,T,PT,2022,167098
A,TOTAL,COMPLET,TOTAL,NR,T,PT,2023,189367
A,TOTAL,COMPLET,TOTAL,NR,T,RO,2008,138929
A,TOTAL,COMPLET,TOTAL,NR,T,RO,2009,135844
A,TOTAL,COMPLET,TOTAL,NR,T,RO,2010,149885
A,TOTAL,COMPLET,TOTAL,NR,T,RO,2011,147685
A,TOTAL,COMPLET,TOTAL,NR,T,RO,2012,167266
A,TOTAL,COMPLET,TOTAL,NR,T,RO,2013,153646
A,TOTAL,COMPLET,TOTAL,NR,T,RO,2014,136035
A,TOTAL,COMPLET,TOTAL,NR,T,RO,2015,132795
A,TOTAL,COMPLET,TOTAL,NR,T,RO,2016,137455
A,TOTAL,COMPLET,TOTAL,NR,T,RO,2017,177435
A,TOTAL,COMPLET,TOTAL,NR,T,RO,2018,172578
A,TOTAL,COMPLET,TOTAL,NR,T,RO,2019,202422
A,TOTAL,COMPLET,TOTAL,NR,T,RO,2020,145519
A,TOTAL,COMPLET,TOTAL,NR,T,RO,2021,194642
A,TOTAL,COMPLET,TOTAL,NR,T,RO,2022,293024
A,TOTAL,COMPLET,TOTAL,NR,T,RO,2023,324091
A,TOTAL,COMPLET,TOTAL,NR,T,RO,2024,286538
A,TOTAL,COMPLET,TOTAL,NR,T,SE,1998,49391
A,TOTAL,COMPLET,TOTAL,NR,T,SE,1999,49839
A,TOTAL,COMPLET,TOTAL,NR,T,SE,2000,58659
A,TOTAL,COMPLET,TOTAL,NR,T,SE,2001,60795
A,TOTAL,COMPLET,TOTAL,NR,T,SE,2002,64087
A,TOTAL,COMPLET,TOTAL,NR,T,SE,2003,63795
A,TOTAL,COMPLET,TOTAL,NR,T,SE,2004,62028
A,TOTAL,COMPLET,TOTAL,NR,T,SE,2005,65229
A,TOTAL,COMPLET,TOTAL,NR,T,SE,2006,95750
A,TOTAL,COMPLET,TOTAL,NR,T,SE,2007,99485
A,TOTAL,COMPLET,TOTAL,NR,T,SE,2008,101171
A,TOTAL,COMPLET,TOTAL,NR,T,SE,2009,102280
A,TOTAL,COMPLET,TOTAL,NR,T,SE,2010,98801
A,TOTAL,COMPLET,TOTAL,NR,T,SE,2011,96467
A,TOTAL,COMPLET,TOTAL,NR,T,SE,2012,103059
A,TOTAL,COMPLET,TOTAL,NR,T,SE,2013,115845
A,TOTAL,COMPLET,TOTAL,NR,T,SE,2014,126966
A,TOTAL,COMPLET,TOTAL,NR,T,SE,2015,134240
A,TOTAL,COMPLET,TOTAL,NR,T,SE,2016,163005
A,TOTAL,COMPLET,TOTAL,NR,T,SE,2017,144489
A,TOTAL,COMPLET,TOTAL,NR,T,SE,2018,132602
A,TOTAL,COMPLET,TOTAL,NR,T,SE,2019,115805
A,TOTAL,COMPLET,TOTAL,NR,T,SE,2020,82518
A,TOTAL,COMPLET,TOTAL,NR,T,SE,2021,90631
A,TOTAL,COMPLET,TOTAL,NR,T,SE,2022,102436
A,TOTAL,COMPLET,TOTAL,NR,T,SE,2023,94514
A,TOTAL,COMPLET,TOTAL,NR,T,SE,2024,116197
A,TOTAL,COMPLET,TOTAL,NR,T,SI,1998,4603
A,TOTAL,COMPLET,TOTAL,NR,T,SI,1999,4941
A,TOTAL,COMPLET,TOTAL,NR,T,SI,2000,6185
A,TOTAL,COMPLET,TOTAL,NR,T,SI,2001,7803
A,TOTAL,COMPLET,TOTAL,NR,T,SI,2002,9134
A,TOTAL,COMPLET,TOTAL,NR,T,SI,2003,9279
A,TOTAL,COMPLET,TOTAL,NR,T,SI,2004,10171
A,TOTAL,COMPLET,TOTAL,NR,T,SI,2005,15041
A,TOTAL,COMPLET,TOTAL,NR,T,SI,2006,20016
A,TOTAL,COMPLET,TOTAL,NR,T,SI,2007,29193
A,TOTAL,COMPLET,TOTAL,NR,T,SI,2008,30693
A,TOTAL,COMPLET,TOTAL,NR,T,SI,2009,30296
A,TOTAL,COMPLET,TOTAL,NR,T,SI,2010,15416
A,TOTAL,COMPLET,TOTAL,NR,T,SI,2011,14083
A,TOTAL,COMPLET,TOTAL,NR,T,SI,2012,15022
A,TOTAL,COMPLET,TOTAL,NR,T,SI,2013,13871
A,TOTAL,COMPLET,TOTAL,NR,T,SI,2014,13846
A,TOTAL,COMPLET,TOTAL,NR,T,SI,2015,15420
A,TOTAL,COMPLET,TOTAL,NR,T,SI,2016,16623
A,TOTAL,COMPLET,TOTAL,NR,T,SI,2017,18808
A,TOTAL,COMPLET,TOTAL,NR,T,SI,2018,28455
A,TOTAL,COMPLET,TOTAL,NR,T,SI,2019,31319
A,TOTAL,COMPLET,TOTAL,NR,T,SI,2020,36110
A,TOTAL,COMPLET,TOTAL,NR,T,SI,2021,23624
A,TOTAL,COMPLET,TOTAL,NR,T,SI,2022,35613
A,TOTAL,COMPLET,TOTAL,NR,T,SI,2023,33939
A,TOTAL,COMPLET,TOTAL,NR,T,SI,2024,33023
A,TOTAL,COMPLET,TOTAL,NR,T,SK,1998,2052
A,TOTAL,COMPLET,TOTAL,NR,T,SK,1999,2072
A,TOTAL,COMPLET,TOTAL,NR,T,SK,2000,2274
A,TOTAL,COMPLET,TOTAL,NR,T,SK,2001,2023
A,TOTAL,COMPLET,TOTAL,NR,T,SK,2002,2312
A,TOTAL,COMPLET,TOTAL,NR,T,SK,2003,2603
A,TOTAL,COMPLET,TOTAL,NR,T,SK,2004,4460
A,TOTAL,COMPLET,TOTAL,NR,T,SK,2005,5276
A,TOTAL,COMPLET,TOTAL,NR,T,SK,2006,5589
A,TOTAL,COMPLET,TOTAL,NR,T,SK,2007,8624
A,TOTAL,COMPLET,TOTAL,NR,T,SK,2008,8765
A,TOTAL,COMPLET,TOTAL,NR,T,SK,2009,6346
A,TOTAL,COMPLET,TOTAL,NR,T,SK,2010,5272
A,TOTAL,COMPLET,TOTAL,NR,T,SK,2011,4829
A,TOTAL,COMPLET,TOTAL,NR,T,SK,2012,5419
A,TOTAL,COMPLET,TOTAL,NR,T,SK,2013,5149
A,TOTAL,COMPLET,TOTAL,NR,T,SK,2014,5357
A,TOTAL,COMPLET,TOTAL,NR,T,SK,2015,6997
A,TOTAL,COMPLET,TOTAL,NR,T,SK,2016,7686
A,TOTAL,COMPLET,TOTAL,NR,T,SK,2017,7188
A,TOTAL,COMPLET,TOTAL,NR,T,SK,2018,7253
A,TOTAL,COMPLET,TOTAL,NR,T,SK,2019,7016
A,TOTAL,COMPLET,TOTAL,NR,T,SK,2020,6775
A,TOTAL,COMPLET,TOTAL,NR,T,SK,2021,5733
A,TOTAL,COMPLET,TOTAL,NR,T,SK,2022,5463
A,TOTAL,COMPLET,TOTAL,NR,T,SK,2023,5923
A,TOTAL,COMPLET,TOTAL,NR,T,SK,2024,6824
A,TOTAL,COMPLET,TOTAL,NR,T,UK,1998,332390
A,TOTAL,COMPLET,TOTAL,NR,T,UK,1999,354077
A,TOTAL,COMPLET,TOTAL,NR,T,UK,2000,364367
A,TOTAL,COMPLET,TOTAL,NR,T,UK,2001,372206
A,TOTAL,COMPLET,TOTAL,NR,T,UK,2002,385901
A,TOTAL,COMPLET,TOTAL,NR,T,UK,2003,431487
A,TOTAL,COMPLET,TOTAL,NR,T,UK,2004,518097
A,TOTAL,COMPLET,TOTAL,NR,T,UK,2006,529008
A,TOTAL,COMPLET,TOTAL,NR,T,UK,2007,526714
A,TOTAL,COMPLET,TOTAL,NR,T,UK,2008,590242
A,TOTAL,COMPLET,TOTAL,NR,T,UK,2009,566514
A,TOTAL,COMPLET,TOTAL,NR,T,UK,2010,590950
A,TOTAL,COMPLET,TOTAL,NR,T,UK,2011,566044
A,TOTAL,COMPLET,TOTAL,NR,T,UK,2012,498040
A,TOTAL,COMPLET,TOTAL,NR,T,UK,2013,526046
A,TOTAL,COMPLET,TOTAL,NR,T,UK,2014,631991
A,TOTAL,COMPLET,TOTAL,NR,T,UK,2015,631452
A,TOTAL,COMPLET,TOTAL,NR,T,UK,2016,588993
A,TOTAL,COMPLET,TOTAL,NR,T,UK,2017,644209
A,TOTAL,COMPLET,TOTAL,NR,T,UK,2018,603953
A,TOTAL,COMPLET,TOTAL,NR,T,UK,2019,680906
