freq,unit,sex,age,geo,time,value
A,YR,T,Y_LT1,AL,2013,77.9
A,YR,T,Y_LT1,AL,2014,78.2
A,YR,T,Y_LT1,AL,2015,77.9
A,YR,T,Y_LT1,AL,2016,78.5
A,YR,T,Y_LT1,AL,2017,78.5
A,YR,T,Y_LT1,AL,2018,78.9
A,YR,T,Y_LT1,AL,2019,79.1
A,YR,T,Y_LT1,AL,2020,77.4
A,YR,T,Y_LT1,AL,2021,75.5
A,YR,T,Y_LT1,AL,2022,79.1
A,YR,T,Y_LT1,AL,2024,80.4
A,YR,T,Y_LT1,AM,2006,72.9
A,YR,T,Y_LT1,AM,2007,73.6
A,YR,T,Y_LT1,AM,2008,73.6
A,YR,T,Y_LT1,AM,2009,73.7
A,YR,T,Y_LT1,AM,2015,75.1
A,YR,T,Y_LT1,AM,2016,75.1
A,YR,T,Y_LT1,AM,2017,75.8
A,YR,T,Y_LT1,AM,2018,76.7
A,YR,T,Y_LT1,AM,2019,76.6
A,YR,T,Y_LT1,AT,1995,76.9
A,YR,T,Y_LT1,AT,1996,77.1
A,YR,T,Y_LT1,AT,1997,77.5
A,YR,T,Y_LT1,AT,1998,77.9
A,YR,T,Y_LT1,AT,1999,78.1
A,YR,T,Y_LT1,AT,2000,78.3
A,YR,T,Y_LT1,AT,2001,78.8
A,YR,T,Y_LT1,AT,2002,78.9
A,YR,T,Y_LT1,AT,2003,78.8
A,YR,T,Y_LT1,AT,2004,79.3
A,YR,T,Y_LT1,AT,2005,79.5
A,YR,T,Y_LT1,AT,2006,80.1
A,YR,T,Y_LT1,AT,2007,80.3
A,YR,T,Y_LT1,AT,2008,80.6
A,YR,T,Y_LT1,AT,2009,80.5
A,YR,T,Y_LT1,AT,2010,80.7
A,YR,T,Y_LT1,AT,2011,81.1
A,YR,T,Y_LT1,AT,2012,81.1
A,YR,T,Y_LT1,AT,2013,81.3
A,YR,T,Y_LT1,AT,2014,81.4
A,YR,T,Y_LT1,AT,2015,81.2
A,YR,T,Y_LT1,AT,2016,81.6
A,YR,T,Y_LT1,AT,2017,81.6
A,YR,T,Y_LT1,AT,2018,81.7
A,YR,T,Y_LT1,AT,2019,81.9
A,YR,T,Y_LT1,AT,2020,81.3
A,YR,T,Y_LT1,AT,2021,81.3
A,YR,T,Y_LT1,AT,2022,81.4
A,YR,T,Y_LT1,AT,2023,81.9
A,YR,T,Y_LT1,AT,2024,82.1
A,YR,T,Y_LT1,AZ,2006,72.8
A,YR,T,Y_LT1,AZ,2007,72.8
A,YR,T,Y_LT1,AZ,2008,73.6
A,YR,T,Y_LT1,AZ,2009,73.8
A,YR,T,Y_LT1,AZ,2010,73.6
A,YR,T,Y_LT1,AZ,2012,74.1
A,YR,T,Y_LT1,AZ,2013,74.7
A,YR,T,Y_LT1,AZ,2014,74.8
A,YR,T,Y_LT1,AZ,2015,75.3
A,YR,T,Y_LT1,AZ,2017,75.6
A,YR,T,Y_LT1,AZ,2018,76.0
A,YR,T,Y_LT1,AZ,2019,76.6
A,YR,T,Y_LT1,BE,1995,77.0
A,YR,T,Y_LT1,BE,1996,77.3
A,YR,T,Y_LT1,BE,1997,77.5
A,YR,T,Y_LT1,BE,1998,77.6
A,YR,T,Y_LT1,BE,1999,77.7
A,YR,T,Y_LT1,BE,2000,77.9
A,YR,T,Y_LT1,BE,2001,78.1
A,YR,T,Y_LT1,BE,2002,78.2
A,YR,T,Y_LT1,BE,2003,78.3
A,YR,T,Y_LT1,BE,2004,79.0
A,YR,T,Y_LT1,BE,2005,79.1
A,YR,T,Y_LT1,BE,2006,79.5
A,YR,T,Y_LT1,BE,2007,79.9
A,YR,T,Y_LT1,BE,2008,79.8
A,YR,T,Y_LT1,BE,2009,80.2
A,YR,T,Y_LT1,BE,2010,80.3
A,YR,T,Y_LT1,BE,2011,80.7
A,YR,T,Y_LT1,BE,2012,80.5
A,YR,T,Y_LT1,BE,2013,80.7
A,YR,T,Y_LT1,BE,2014,81.1
A,YR,T,Y_LT1,BE,2015,80.9
A,YR,T,Y_LT1,BE,2016,81.3
A,YR,T,Y_LT1,BE,2017,81.4
A,YR,T,Y_LT1,BE,2018,81.5
A,YR,T,Y_LT1,BE,2019,81.8
A,YR,T,Y_LT1,BE,2020,80.8
A,YR,T,Y_LT1,BE,2021,81.7
A,YR,T,Y_LT1,BE,2022,81.7
A,YR,T,Y_LT1,BE,2023,82.3
A,YR,T,Y_LT1,BE,2024,82.4
A,YR,T,Y_LT1,BG,1995,71.0
A,YR,T,Y_LT1,BG,1996,70.8
A,YR,T,Y_LT1,BG,1997,70.3
A,YR,T,Y_LT1,BG,1998,70.9
A,YR,T,Y_LT1,BG,1999,71.6
A,YR,T,Y_LT1,BG,2000,71.6
A,YR,T,Y_LT1,BG,2001,71.9
A,YR,T,Y_LT1,BG,2002,72.1
A,YR,T,Y_LT1,BG,2003,72.3
A,YR,T,Y_LT1,BG,2004,72.5
A,YR,T,Y_LT1,BG,2005,72.5
A,YR,T,Y_LT1,BG,2006,72.7
A,YR,T,Y_LT1,BG,2007,73.0
A,YR,T,Y_LT1,BG,2008,73.3
A,YR,T,Y_LT1,BG,2009,73.7
A,YR,T,Y_LT1,BG,2010,73.8
A,YR,T,Y_LT1,BG,2011,74.2
A,YR,T,Y_LT1,BG,2012,74.4
A,YR,T,Y_LT1,BG,2013,74.9
A,YR,T,Y_LT1,BG,2014,74.4
A,YR,T,Y_LT1,BG,2015,74.5
A,YR,T,Y_LT1,BG,2016,74.7
A,YR,T,Y_LT1,BG,2017,74.6
A,YR,T,Y_LT1,BG,2018,74.7
A,YR,T,Y_LT1,BG,2019,74.8
A,YR,T,Y_LT1,BG,2020,73.3
A,YR,T,Y_LT1,BG,2021,71.2
A,YR,T,Y_LT1,BG,2022,74.1
A,YR,T,Y_LT1,BG,2023,75.7
A,YR,T,Y_LT1,BG,2024,75.8
A,YR,T,Y_LT1,BY,2011,70.7
A,YR,T,Y_LT1,BY,2012,72.3
A,YR,T,Y_LT1,BY,2013,72.7
A,YR,T,Y_LT1,BY,2014,73.3
A,YR,T,Y_LT1,BY,2015,74.0
A,YR,T,Y_LT1,BY,2016,74.2
A,YR,T,Y_LT1,BY,2017,74.5
A,YR,T,Y_LT1,BY,2018,74.5
A,YR,T,Y_LT1,CH,1995,78.7
A,YR,T,Y_LT1,CH,1996,79.2
A,YR,T,Y_LT1,CH,1997,79.4
A,YR,T,Y_LT1,CH,1998,79.6
A,YR,T,Y_LT1,CH,1999,79.9
A,YR,T,Y_LT1,CH,2000,80.0
A,YR,T,Y_LT1,CH,2001,80.5
A,YR,T,Y_LT1,CH,2002,80.6
A,YR,T,Y_LT1,CH,2003,80.7
A,YR,T,Y_LT1,CH,2004,81.3
A,YR,T,Y_LT1,CH,2005,81.5
A,YR,T,Y_LT1,CH,2006,81.8
A,YR,T,Y_LT1,CH,2007,82.0
A,YR,T,Y_LT1,CH,2008,82.3
A,YR,T,Y_LT1,CH,2009,82.3
A,YR,T,Y_LT1,CH,2010,82.7
A,YR,T,Y_LT1,CH,2011,82.8
A,YR,T,Y_LT1,CH,2012,82.8
A,YR,T,Y_LT1,CH,2013,82.9
A,YR,T,Y_LT1,CH,2014,83.1
A,YR,T,Y_LT1,CH,2015,82.9
A,YR,T,Y_LT1,CH,2016,83.4
A,YR,T,Y_LT1,CH,2017,83.4
A,YR,T,Y_LT1,CH,2018,83.6
A,YR,T,Y_LT1,CH,2019,83.8
A,YR,T,Y_LT1,CH,2020,83.1
A,YR,T,Y_LT1,CH,2021,83.6
A,YR,T,Y_LT1,CH,2022,83.5
A,YR,T,Y_LT1,CH,2023,84.1
A,YR,T,Y_LT1,CH,2024,84.2
A,YR,T,Y_LT1,CY,1995,77.4
A,YR,T,Y_LT1,CY,1996,77.7
A,YR,T,Y_LT1,CY,1997,77.4
A,YR,T,Y_LT1,CY,1998,77.2
A,YR,T,Y_LT1,CY,1999,78.0
A,YR,T,Y_LT1,CY,2000,77.7
A,YR,T,Y_LT1,CY,2001,79.0
A,YR,T,Y_LT1,CY,2002,78.7
A,YR,T,Y_LT1,CY,2003,79.0
A,YR,T,Y_LT1,CY,2004,79.1
A,YR,T,Y_LT1,CY,2005,78.7
A,YR,T,Y_LT1,CY,2006,80.1
A,YR,T,Y_LT1,CY,2007,79.8
A,YR,T,Y_LT1,CY,2008,80.6
A,YR,T,Y_LT1,CY,2009,81.0
A,YR,T,Y_LT1,CY,2010,81.5
A,YR,T,Y_LT1,CY,2011,81.2
A,YR,T,Y_LT1,CY,2012,81.1
A,YR,T,Y_LT1,CY,2013,82.5
A,YR,T,Y_LT1,CY,2014,82.3
A,YR,T,Y_LT1,CY,2015,81.9
A,YR,T,Y_LT1,CY,2016,82.8
A,YR,T,Y_LT1,CY,2017,82.4
A,YR,T,Y_LT1,CY,2018,83.0
A,YR,T,Y_LT1,CY,2019,82.6
A,YR,T,Y_LT1,CY,2020,82.7
A,YR,T,Y_LT1,CY,2021,81.8
A,YR,T,Y_LT1,CY,2022,82.2
A,YR,T,Y_LT1,CY,2023,83.0
A,YR,T,Y_LT1,CY,2024,83.5
A,YR,T,Y_LT1,CZ,1995,73.3
A,YR,T,Y_LT1,CZ,1996,74.0
A,YR,T,Y_LT1,CZ,1997,74.1
A,YR,T,Y_LT1,CZ,1998,74.7
A,YR,T,Y_LT1,CZ,1999,74.9
A,YR,T,Y_LT1,CZ,2000,75.1
A,YR,T,Y_LT1,CZ,2001,75.3
A,YR,T,Y_LT1,CZ,2002,75.4
A,YR,T,Y_LT1,CZ,2003,75.3
A,YR,T,Y_LT1,CZ,2004,75.9
A,YR,T,Y_LT1,CZ,2005,76.1
A,YR,T,Y_LT1,CZ,2006,76.7
A,YR,T,Y_LT1,CZ,2007,77.0
A,YR,T,Y_LT1,CZ,2008,77.3
A,YR,T,Y_LT1,CZ,2009,77.4
A,YR,T,Y_LT1,CZ,2010,77.7
A,YR,T,Y_LT1,CZ,2011,78.0
A,YR,T,Y_LT1,CZ,2012,78.1
A,YR,T,Y_LT1,CZ,2013,78.3
A,YR,T,Y_LT1,CZ,2014,78.8
A,YR,T,Y_LT1,CZ,2015,78.6
A,YR,T,Y_LT1,CZ,2016,79.0
A,YR,T,Y_LT1,CZ,2017,79.0
A,YR,T,Y_LT1,CZ,2018,79.0
A,YR,T,Y_LT1,CZ,2019,79.2
A,YR,T,Y_LT1,CZ,2020,78.3
A,YR,T,Y_LT1,CZ,2021,77.2
A,YR,T,Y_LT1,CZ,2022,79.0
A,YR,T,Y_LT1,CZ,2023,79.8
A,YR,T,Y_LT1,CZ,2024,80.1
A,YR,T,Y_LT1,DE,1995,76.7
A,YR,T,Y_LT1,DE,1996,77.0
A,YR,T,Y_LT1,DE,1997,77.4
A,YR,T,Y_LT1,DE,1998,77.8
A,YR,T,Y_LT1,DE,1999,78.0
A,YR,T,Y_LT1,DE,2000,78.3
A,YR,T,Y_LT1,DE,2001,78.6
A,YR,T,Y_LT1,DE,2002,78.6
A,YR,T,Y_LT1,DE,2003,78.6
A,YR,T,Y_LT1,DE,2004,79.3
A,YR,T,Y_LT1,DE,2005,79.4
A,YR,T,Y_LT1,DE,2006,79.9
A,YR,T,Y_LT1,DE,2007,80.1
A,YR,T,Y_LT1,DE,2008,80.2
A,YR,T,Y_LT1,DE,2009,80.3
A,YR,T,Y_LT1,DE,2010,80.5
A,YR,T,Y_LT1,DE,2011,80.6
A,YR,T,Y_LT1,DE,2012,80.7
A,YR,T,Y_LT1,DE,2013,80.6
A,YR,T,Y_LT1,DE,2014,80.9
A,YR,T,Y_LT1,DE,2015,80.6
A,YR,T,Y_LT1,DE,2016,80.9
A,YR,T,Y_LT1,DE,2017,81.0
A,YR,T,Y_LT1,DE,2018,80.9
A,YR,T,Y_LT1,DE,2019,81.2
A,YR,T,Y_LT1,DE,2020,81.0
A,YR,T,Y_LT1,DE,2021,80.7
A,YR,T,Y_LT1,DE,2022,80.5
A,YR,T,Y_LT1,DE,2023,80.9
A,YR,T,Y_LT1,DE,2024,81.2
A,YR,T,Y_LT1,DE_TOT,1995,76.7
A,YR,T,Y_LT1,DE_TOT,1996,77.0
A,YR,T,Y_LT1,DE_TOT,1997,77.4
A,YR,T,Y_LT1,DE_TOT,1998,77.8
A,YR,T,Y_LT1,DE_TOT,1999,78.0
A,YR,T,Y_LT1,DE_TOT,2000,78.3
A,YR,T,Y_LT1,DE_TOT,2001,78.6
A,YR,T,Y_LT1,DE_TOT,2002,78.6
A,YR,T,Y_LT1,DE_TOT,2003,78.6
A,YR,T,Y_LT1,DE_TOT,2004,79.3
A,YR,T,Y_LT1,DE_TOT,2005,79.4
A,YR,T,Y_LT1,DE_TOT,2006,79.9
A,YR,T,Y_LT1,DE_TOT,2007,80.1
A,YR,T,Y_LT1,DE_TOT,2008,80.2
A,YR,T,Y_LT1,DE_TOT,2009,80.3
A,YR,T,Y_LT1,DE_TOT,2010,80.5
A,YR,T,Y_LT1,DE_TOT,2011,80.6
A,YR,T,Y_LT1,DE_TOT,2012,80.7
A,YR,T,Y_LT1,DE_TOT,2013,80.6
A,YR,T,Y_LT1,DE_TOT,2014,80.9
A,YR,T,Y_LT1,DE_TOT,2015,80.6
A,YR,T,Y_LT1,DE_TOT,2016,80.9
A,YR,T,Y_LT1,DE_TOT,2017,81.0
A,YR,T,Y_LT1,DE_TOT,2018,80.9
A,YR,T,Y_LT1,DE_TOT,2019,81.2
A,YR,T,Y_LT1,DE_TOT,2020,81.0
A,YR,T,Y_LT1,DE_TOT,2021,80.7
A,YR,T,Y_LT1,DE_TOT,2022,80.5
A,YR,T,Y_LT1,DE_TOT,2023,80.9
A,YR,T,Y_LT1,DE_TOT,2024,81.2
A,YR,T,Y_LT1,DK,1995,75.3
A,YR,T,Y_LT1,DK,1996,75.7
A,YR,T,Y_LT1,DK,1997,76.1
A,YR,T,Y_LT1,DK,1998,76.5
A,YR,T,Y_LT1,DK,1999,76.6
A,YR,T,Y_LT1,DK,2000,76.9
A,YR,T,Y_LT1,DK,2001,77.0
A,YR,T,Y_LT1,DK,2002,77.1
A,YR,T,Y_LT1,DK,2003,77.4
A,YR,T,Y_LT1,DK,2004,77.8
A,YR,T,Y_LT1,DK,2005,78.3
A,YR,T,Y_LT1,DK,2006,78.4
A,YR,T,Y_LT1,DK,2007,78.4
A,YR,T,Y_LT1,DK,2008,78.8
A,YR,T,Y_LT1,DK,2009,79.0
A,YR,T,Y_LT1,DK,2010,79.3
A,YR,T,Y_LT1,DK,2011,79.9
A,YR,T,Y_LT1,DK,2012,80.2
A,YR,T,Y_LT1,DK,2013,80.4
A,YR,T,Y_LT1,DK,2014,80.6
A,YR,T,Y_LT1,DK,2015,80.7
A,YR,T,Y_LT1,DK,2016,80.9
A,YR,T,Y_LT1,DK,2017,81.1
A,YR,T,Y_LT1,DK,2018,81.0
A,YR,T,Y_LT1,DK,2019,81.4
A,YR,T,Y_LT1,DK,2020,81.5
A,YR,T,Y_LT1,DK,2021,81.4
A,YR,T,Y_LT1,DK,2022,81.3
A,YR,T,Y_LT1,DK,2023,81.7
A,YR,T,Y_LT1,DK,2024,82.0
A,YR,T,Y_LT1,EA19,2002,78.9
A,YR,T,Y_LT1,EA19,2003,78.9
A,YR,T,Y_LT1,EA19,2004,79.6
A,YR,T,Y_LT1,EA19,2005,79.6
A,YR,T,Y_LT1,EA19,2006,80.1
A,YR,T,Y_LT1,EA19,2007,80.3
A,YR,T,Y_LT1,EA19,2008,80.5
A,YR,T,Y_LT1,EA19,2009,80.8
A,YR,T,Y_LT1,EA19,2010,81.1
A,YR,T,Y_LT1,EA19,2011,81.3
A,YR,T,Y_LT1,EA19,2012,81.3
A,YR,T,Y_LT1,EA19,2013,81.6
A,YR,T,Y_LT1,EA20,2014,81.6
A,YR,T,Y_LT1,EA20,2015,81.3
A,YR,T,Y_LT1,EA20,2016,81.7
A,YR,T,Y_LT1,EA20,2017,81.7
A,YR,T,Y_LT1,EA20,2018,81.8
A,YR,T,Y_LT1,EA20,2019,82.1
A,YR,T,Y_LT1,EA20,2020,81.4
A,YR,T,Y_LT1,EA20,2021,81.4
A,YR,T,Y_LT1,EA20,2022,81.6
A,YR,T,Y_LT1,EA20,2023,82.1
A,YR,T,Y_LT1,EA20,2024,82.4
A,YR,T,Y_LT1,EA21,2014,81.4
A,YR,T,Y_LT1,EA21,2015,81.2
A,YR,T,Y_LT1,EA21,2016,81.5
A,YR,T,Y_LT1,EA21,2017,81.6
A,YR,T,Y_LT1,EA21,2018,81.7
A,YR,T,Y_LT1,EA21,2019,81.9
A,YR,T,Y_LT1,EA21,2020,81.2
A,YR,T,Y_LT1,EA21,2021,81.1
A,YR,T,Y_LT1,EA21,2022,81.4
A,YR,T,Y_LT1,EA21,2023,82.0
A,YR,T,Y_LT1,EA21,2024,82.2
A,YR,T,Y_LT1,EE,1995,67.7
A,YR,T,Y_LT1,EE,1996,69.9
A,YR,T,Y_LT1,EE,1997,70.1
A,YR,T,Y_LT1,EE,1998,69.7
A,YR,T,Y_LT1,EE,1999,70.6
A,YR,T,Y_LT1,EE,2000,71.1
A,YR,T,Y_LT1,EE,2001,70.9
A,YR,T,Y_LT1,EE,2002,71.4
A,YR,T,Y_LT1,EE,2003,71.9
A,YR,T,Y_LT1,EE,2004,72.4
A,YR,T,Y_LT1,EE,2005,73.0
A,YR,T,Y_LT1,EE,2006,73.2
A,YR,T,Y_LT1,EE,2007,73.2
A,YR,T,Y_LT1,EE,2008,74.4
A,YR,T,Y_LT1,EE,2009,75.3
A,YR,T,Y_LT1,EE,2010,76.0
A,YR,T,Y_LT1,EE,2011,76.6
A,YR,T,Y_LT1,EE,2012,76.7
A,YR,T,Y_LT1,EE,2013,77.5
A,YR,T,Y_LT1,EE,2014,77.1
A,YR,T,Y_LT1,EE,2015,77.7
A,YR,T,Y_LT1,EE,2016,77.8
A,YR,T,Y_LT1,EE,2017,78.2
A,YR,T,Y_LT1,EE,2018,78.4
A,YR,T,Y_LT1,EE,2019,78.8
A,YR,T,Y_LT1,EE,2020,78.8
A,YR,T,Y_LT1,EE,2021,77.2
A,YR,T,Y_LT1,EE,2022,78.1
A,YR,T,Y_LT1,EE,2023,78.9
A,YR,T,Y_LT1,EE,2024,79.4
A,YR,T,Y_LT1,EEA30_2007,2002,77.8
A,YR,T,Y_LT1,EEA30_2007,2003,77.8
A,YR,T,Y_LT1,EEA30_2007,2004,78.4
A,YR,T,Y_LT1,EEA30_2007,2005,78.5
A,YR,T,Y_LT1,EEA30_2007,2006,79.0
A,YR,T,Y_LT1,EEA30_2007,2007,79.2
A,YR,T,Y_LT1,EEA30_2007,2008,79.4
A,YR,T,Y_LT1,EEA30_2007,2009,79.7
A,YR,T,Y_LT1,EEA30_2007,2010,80.0
A,YR,T,Y_LT1,EEA30_2007,2011,80.3
A,YR,T,Y_LT1,EEA30_2007,2012,80.3
A,YR,T,Y_LT1,EEA30_2007,2013,80.6
A,YR,T,Y_LT1,EEA30_2007,2014,80.9
A,YR,T,Y_LT1,EEA30_2007,2015,80.6
A,YR,T,Y_LT1,EEA30_2007,2016,81.0
A,YR,T,Y_LT1,EEA30_2007,2017,81.0
A,YR,T,Y_LT1,EEA30_2007,2018,81.1
A,YR,T,Y_LT1,EEA31,2002,77.7
A,YR,T,Y_LT1,EEA31,2003,77.8
A,YR,T,Y_LT1,EEA31,2004,78.4
A,YR,T,Y_LT1,EEA31,2005,78.5
A,YR,T,Y_LT1,EEA31,2006,79.0
A,YR,T,Y_LT1,EEA31,2007,79.2
A,YR,T,Y_LT1,EEA31,2008,79.4
A,YR,T,Y_LT1,EEA31,2009,79.6
A,YR,T,Y_LT1,EEA31,2010,79.9
A,YR,T,Y_LT1,EEA31,2011,80.3
A,YR,T,Y_LT1,EEA31,2012,80.3
A,YR,T,Y_LT1,EEA31,2013,80.6
A,YR,T,Y_LT1,EEA31,2014,80.9
A,YR,T,Y_LT1,EEA31,2015,80.6
A,YR,T,Y_LT1,EEA31,2016,81.0
A,YR,T,Y_LT1,EEA31,2017,81.0
A,YR,T,Y_LT1,EEA31,2018,81.0
A,YR,T,Y_LT1,EFTA,1995,78.3
A,YR,T,Y_LT1,EFTA,1996,78.8
A,YR,T,Y_LT1,EFTA,1997,78.9
A,YR,T,Y_LT1,EFTA,1998,79.2
A,YR,T,Y_LT1,EFTA,1999,79.3
A,YR,T,Y_LT1,EFTA,2000,79.5
A,YR,T,Y_LT1,EFTA,2001,79.9
A,YR,T,Y_LT1,EFTA,2002,80.0
A,YR,T,Y_LT1,EFTA,2003,80.3
A,YR,T,Y_LT1,EFTA,2004,80.9
A,YR,T,Y_LT1,EFTA,2005,81.0
A,YR,T,Y_LT1,EFTA,2006,81.4
A,YR,T,Y_LT1,EFTA,2007,81.5
A,YR,T,Y_LT1,EFTA,2008,81.8
A,YR,T,Y_LT1,EFTA,2009,81.9
A,YR,T,Y_LT1,EFTA,2010,82.1
A,YR,T,Y_LT1,EFTA,2011,82.3
A,YR,T,Y_LT1,EFTA,2012,82.3
A,YR,T,Y_LT1,EFTA,2013,82.5
A,YR,T,Y_LT1,EFTA,2014,82.7
A,YR,T,Y_LT1,EFTA,2015,82.7
A,YR,T,Y_LT1,EFTA,2016,83.0
A,YR,T,Y_LT1,EFTA,2017,83.1
A,YR,T,Y_LT1,EFTA,2018,83.3
A,YR,T,Y_LT1,EFTA,2019,83.5
A,YR,T,Y_LT1,EFTA,2020,83.1
A,YR,T,Y_LT1,EFTA,2021,83.5
A,YR,T,Y_LT1,EFTA,2022,83.2
A,YR,T,Y_LT1,EFTA,2023,83.6
A,YR,T,Y_LT1,EFTA,2024,83.8
A,YR,T,Y_LT1,EL,1995,77.8
A,YR,T,Y_LT1,EL,1996,77.9
A,YR,T,Y_LT1,EL,1997,78.4
A,YR,T,Y_LT1,EL,1998,78.3
A,YR,T,Y_LT1,EL,1999,78.5
A,YR,T,Y_LT1,EL,2000,78.6
A,YR,T,Y_LT1,EL,2001,79.1
A,YR,T,Y_LT1,EL,2002,79.2
A,YR,T,Y_LT1,EL,2003,79.3
A,YR,T,Y_LT1,EL,2004,79.4
A,YR,T,Y_LT1,EL,2005,79.6
A,YR,T,Y_LT1,EL,2006,79.9
A,YR,T,Y_LT1,EL,2007,79.7
A,YR,T,Y_LT1,EL,2008,80.2
A,YR,T,Y_LT1,EL,2009,80.4
A,YR,T,Y_LT1,EL,2010,80.6
A,YR,T,Y_LT1,EL,2011,80.8
A,YR,T,Y_LT1,EL,2012,80.7
A,YR,T,Y_LT1,EL,2013,81.4
A,YR,T,Y_LT1,EL,2014,81.0
A,YR,T,Y_LT1,EL,2015,80.8
A,YR,T,Y_LT1,EL,2016,81.0
A,YR,T,Y_LT1,EL,2017,81.0
A,YR,T,Y_LT1,EL,2018,81.5
A,YR,T,Y_LT1,EL,2019,81.4
A,YR,T,Y_LT1,EL,2020,81.1
A,YR,T,Y_LT1,EL,2021,80.1
A,YR,T,Y_LT1,EL,2022,80.8
A,YR,T,Y_LT1,EL,2023,81.7
A,YR,T,Y_LT1,EL,2024,81.9
A,YR,T,Y_LT1,ES,1995,78.1
A,YR,T,Y_LT1,ES,1996,78.3
A,YR,T,Y_LT1,ES,1997,78.8
A,YR,T,Y_LT1,ES,1998,78.8
A,YR,T,Y_LT1,ES,1999,78.8
A,YR,T,Y_LT1,ES,2000,79.3
A,YR,T,Y_LT1,ES,2001,79.8
A,YR,T,Y_LT1,ES,2002,79.8
A,YR,T,Y_LT1,ES,2003,79.7
A,YR,T,Y_LT1,ES,2004,80.4
A,YR,T,Y_LT1,ES,2005,80.3
A,YR,T,Y_LT1,ES,2006,81.1
A,YR,T,Y_LT1,ES,2007,81.1
A,YR,T,Y_LT1,ES,2008,81.5
A,YR,T,Y_LT1,ES,2009,81.9
A,YR,T,Y_LT1,ES,2010,82.4
A,YR,T,Y_LT1,ES,2011,82.6
A,YR,T,Y_LT1,ES,2012,82.5
A,YR,T,Y_LT1,ES,2013,83.2
A,YR,T,Y_LT1,ES,2014,82.9
A,YR,T,Y_LT1,ES,2015,82.7
A,YR,T,Y_LT1,ES,2016,83.1
A,YR,T,Y_LT1,ES,2017,83.0
A,YR,T,Y_LT1,ES,2018,83.1
A,YR,T,Y_LT1,ES,2019,83.5
A,YR,T,Y_LT1,ES,2020,82.3
A,YR,T,Y_LT1,ES,2021,83.0
A,YR,T,Y_LT1,ES,2022,83.1
A,YR,T,Y_LT1,ES,2023,83.8
A,YR,T,Y_LT1,ES,2024,84.0
A,YR,T,Y_LT1,EU27_2007,2002,77.7
A,YR,T,Y_LT1,EU27_2007,2003,77.8
A,YR,T,Y_LT1,EU27_2007,2004,78.4
A,YR,T,Y_LT1,EU27_2007,2005,78.5
A,YR,T,Y_LT1,EU27_2007,2006,79.0
A,YR,T,Y_LT1,EU27_2007,2007,79.2
A,YR,T,Y_LT1,EU27_2007,2008,79.4
A,YR,T,Y_LT1,EU27_2007,2009,79.7
A,YR,T,Y_LT1,EU27_2007,2010,80.0
A,YR,T,Y_LT1,EU27_2007,2011,80.3
A,YR,T,Y_LT1,EU27_2007,2012,80.3
A,YR,T,Y_LT1,EU27_2007,2013,80.6
A,YR,T,Y_LT1,EU27_2007,2014,80.9
A,YR,T,Y_LT1,EU27_2007,2015,80.6
A,YR,T,Y_LT1,EU27_2007,2016,81.0
A,YR,T,Y_LT1,EU27_2007,2017,81.0
A,YR,T,Y_LT1,EU27_2007,2018,81.0
A,YR,T,Y_LT1,EU27_2020,2002,77.6
A,YR,T,Y_LT1,EU27_2020,2003,77.7
A,YR,T,Y_LT1,EU27_2020,2004,78.3
A,YR,T,Y_LT1,EU27_2020,2005,78.4
A,YR,T,Y_LT1,EU27_2020,2006,78.9
A,YR,T,Y_LT1,EU27_2020,2007,79.1
A,YR,T,Y_LT1,EU27_2020,2008,79.3
A,YR,T,Y_LT1,EU27_2020,2009,79.5
A,YR,T,Y_LT1,EU27_2020,2010,79.8
A,YR,T,Y_LT1,EU27_2020,2011,80.1
A,YR,T,Y_LT1,EU27_2020,2012,80.2
A,YR,T,Y_LT1,EU27_2020,2013,80.5
A,YR,T,Y_LT1,EU27_2020,2014,80.6
A,YR,T,Y_LT1,EU27_2020,2015,80.5
A,YR,T,Y_LT1,EU27_2020,2016,80.7
A,YR,T,Y_LT1,EU27_2020,2017,80.7
A,YR,T,Y_LT1,EU27_2020,2018,80.8
A,YR,T,Y_LT1,EU27_2020,2019,81.1
A,YR,T,Y_LT1,EU27_2020,2020,80.3
A,YR,T,Y_LT1,EU27_2020,2021,80.0
A,YR,T,Y_LT1,EU27_2020,2022,80.6
A,YR,T,Y_LT1,EU27_2020,2023,81.2
A,YR,T,Y_LT1,EU27_2020,2024,81.5
A,YR,T,Y_LT1,EU28,2002,77.7
A,YR,T,Y_LT1,EU28,2003,77.7
A,YR,T,Y_LT1,EU28,2004,78.4
A,YR,T,Y_LT1,EU28,2005,78.5
A,YR,T,Y_LT1,EU28,2006,78.9
A,YR,T,Y_LT1,EU28,2007,79.1
A,YR,T,Y_LT1,EU28,2008,79.4
A,YR,T,Y_LT1,EU28,2009,79.6
A,YR,T,Y_LT1,EU28,2010,79.9
A,YR,T,Y_LT1,EU28,2011,80.2
A,YR,T,Y_LT1,EU28,2012,80.3
A,YR,T,Y_LT1,EU28,2013,80.5
A,YR,T,Y_LT1,EU28,2014,80.9
A,YR,T,Y_LT1,EU28,2015,80.6
A,YR,T,Y_LT1,EU28,2016,81.0
A,YR,T,Y_LT1,EU28,2017,80.9
A,YR,T,Y_LT1,EU28,2018,81.0
A,YR,T,Y_LT1,FI,1995,76.7
A,YR,T,Y_LT1,FI,1996,77.0
A,YR,T,Y_LT1,FI,1997,77.2
A,YR,T,Y_LT1,FI,1998,77.4
A,YR,T,Y_LT1,FI,1999,77.6
A,YR,T,Y_LT1,FI,2000,77.8
A,YR,T,Y_LT1,FI,2001,78.2
A,YR,T,Y_LT1,FI,2002,78.3
A,YR,T,Y_LT1,FI,2003,78.6
A,YR,T,Y_LT1,FI,2004,79.0
A,YR,T,Y_LT1,FI,2005,79.1
A,YR,T,Y_LT1,FI,2006,79.5
A,YR,T,Y_LT1,FI,2007,79.6
A,YR,T,Y_LT1,FI,2008,79.9
A,YR,T,Y_LT1,FI,2009,80.1
A,YR,T,Y_LT1,FI,2010,80.2
A,YR,T,Y_LT1,FI,2011,80.6
A,YR,T,Y_LT1,FI,2012,80.7
A,YR,T,Y_LT1,FI,2013,81.1
A,YR,T,Y_LT1,FI,2014,81.1
A,YR,T,Y_LT1,FI,2015,81.4
A,YR,T,Y_LT1,FI,2016,81.3
A,YR,T,Y_LT1,FI,2017,81.5
A,YR,T,Y_LT1,FI,2018,81.6
A,YR,T,Y_LT1,FI,2019,81.9
A,YR,T,Y_LT1,FI,2020,81.8
A,YR,T,Y_LT1,FI,2021,81.8
A,YR,T,Y_LT1,FI,2022,81.2
A,YR,T,Y_LT1,FI,2023,81.6
A,YR,T,Y_LT1,FI,2024,82.2
A,YR,T,Y_LT1,FR,1998,78.7
A,YR,T,Y_LT1,FR,1999,78.9
A,YR,T,Y_LT1,FR,2000,79.2
A,YR,T,Y_LT1,FR,2001,79.3
A,YR,T,Y_LT1,FR,2002,79.4
A,YR,T,Y_LT1,FR,2003,79.3
A,YR,T,Y_LT1,FR,2004,80.3
A,YR,T,Y_LT1,FR,2005,80.3
A,YR,T,Y_LT1,FR,2006,80.9
A,YR,T,Y_LT1,FR,2007,81.3
A,YR,T,Y_LT1,FR,2008,81.4
A,YR,T,Y_LT1,FR,2009,81.5
A,YR,T,Y_LT1,FR,2010,81.8
A,YR,T,Y_LT1,FR,2011,82.3
A,YR,T,Y_LT1,FR,2012,82.1
A,YR,T,Y_LT1,FR,2013,82.4
A,YR,T,Y_LT1,FR,2014,82.4
A,YR,T,Y_LT1,FR,2015,82.1
A,YR,T,Y_LT1,FR,2016,82.4
A,YR,T,Y_LT1,FR,2017,82.4
A,YR,T,Y_LT1,FR,2018,82.6
A,YR,T,Y_LT1,FR,2019,82.7
A,YR,T,Y_LT1,FR,2020,82.2
A,YR,T,Y_LT1,FR,2021,82.2
A,YR,T,Y_LT1,FR,2022,82.2
A,YR,T,Y_LT1,FR,2023,82.9
A,YR,T,Y_LT1,FR,2024,83.0
A,YR,T,Y_LT1,FX,1995,78.1
A,YR,T,Y_LT1,FX,1996,78.2
A,YR,T,Y_LT1,FX,1997,78.6
A,YR,T,Y_LT1,FX,1998,78.8
A,YR,T,Y_LT1,FX,1999,78.9
A,YR,T,Y_LT1,FX,2000,79.2
A,YR,T,Y_LT1,FX,2001,79.3
A,YR,T,Y_LT1,FX,2002,79.4
A,YR,T,Y_LT1,FX,2003,79.3
A,YR,T,Y_LT1,FX,2004,80.4
A,YR,T,Y_LT1,FX,2005,80.4
A,YR,T,Y_LT1,FX,2006,81.0
A,YR,T,Y_LT1,FX,2007,81.3
A,YR,T,Y_LT1,FX,2008,81.4
A,YR,T,Y_LT1,FX,2009,81.6
A,YR,T,Y_LT1,FX,2010,81.9
A,YR,T,Y_LT1,FX,2011,82.3
A,YR,T,Y_LT1,FX,2012,82.1
A,YR,T,Y_LT1,GE,2006,74.2
A,YR,T,Y_LT1,GE,2007,74.9
A,YR,T,Y_LT1,GE,2008,74.0
A,YR,T,Y_LT1,GE,2009,73.3
A,YR,T,Y_LT1,GE,2010,74.5
A,YR,T,Y_LT1,GE,2011,74.5
A,YR,T,Y_LT1,GE,2014,74.1
A,YR,T,Y_LT1,GE,2015,73.0
A,YR,T,Y_LT1,GE,2016,72.7
A,YR,T,Y_LT1,GE,2017,73.5
A,YR,T,Y_LT1,GE,2018,74.0
A,YR,T,Y_LT1,GE,2019,74.1
A,YR,T,Y_LT1,GE,2022,73.7
A,YR,T,Y_LT1,GE,2023,73.7
A,YR,T,Y_LT1,GE,2024,74.9
A,YR,T,Y_LT1,HR,2001,74.6
A,YR,T,Y_LT1,HR,2002,74.7
A,YR,T,Y_LT1,HR,2003,74.6
A,YR,T,Y_LT1,HR,2004,75.4
A,YR,T,Y_LT1,HR,2005,75.3
A,YR,T,Y_LT1,HR,2006,75.9
A,YR,T,Y_LT1,HR,2007,75.8
A,YR,T,Y_LT1,HR,2008,76.0
A,YR,T,Y_LT1,HR,2009,76.3
A,YR,T,Y_LT1,HR,2010,76.7
A,YR,T,Y_LT1,HR,2011,77.2
A,YR,T,Y_LT1,HR,2012,77.3
A,YR,T,Y_LT1,HR,2013,77.8
A,YR,T,Y_LT1,HR,2014,77.8
A,YR,T,Y_LT1,HR,2015,77.4
A,YR,T,Y_LT1,HR,2016,78.0
A,YR,T,Y_LT1,HR,2017,77.8
A,YR,T,Y_LT1,HR,2018,78.0
A,YR,T,Y_LT1,HR,2019,78.3
A,YR,T,Y_LT1,HR,2020,77.6
A,YR,T,Y_LT1,HR,2021,76.6
A,YR,T,Y_LT1,HR,2022,77.7
A,YR,T,Y_LT1,HR,2023,78.5
A,YR,T,Y_LT1,HR,2024,78.9
A,YR,T,Y_LT1,HU,1995,70.0
A,YR,T,Y_LT1,HU,1996,70.6
A,YR,T,Y_LT1,HU,1997,71.1
A,YR,T,Y_LT1,HU,1998,71.0
A,YR,T,Y_LT1,HU,1999,71.1
A,YR,T,Y_LT1,HU,2000,71.9
A,YR,T,Y_LT1,HU,2001,72.5
A,YR,T,Y_LT1,HU,2002,72.6
A,YR,T,Y_LT1,HU,2003,72.6
A,YR,T,Y_LT1,HU,2004,73.0
A,YR,T,Y_LT1,HU,2005,73.0
A,YR,T,Y_LT1,HU,2006,73.5
A,YR,T,Y_LT1,HU,2007,73.6
A,YR,T,Y_LT1,HU,2008,74.2
A,YR,T,Y_LT1,HU,2009,74.4
A,YR,T,Y_LT1,HU,2010,74.7
A,YR,T,Y_LT1,HU,2011,75.1
A,YR,T,Y_LT1,HU,2012,75.3
A,YR,T,Y_LT1,HU,2013,75.8
A,YR,T,Y_LT1,HU,2014,75.8
A,YR,T,Y_LT1,HU,2015,75.6
A,YR,T,Y_LT1,HU,2016,76.1
A,YR,T,Y_LT1,HU,2017,75.9
A,YR,T,Y_LT1,HU,2018,76.0
A,YR,T,Y_LT1,HU,2019,76.3
A,YR,T,Y_LT1,HU,2020,75.5
A,YR,T,Y_LT1,HU,2021,74.1
A,YR,T,Y_LT1,HU,2022,75.9
A,YR,T,Y_LT1,HU,2023,76.7
A,YR,T,Y_LT1,HU,2024,76.8
A,YR,T,Y_LT1,IE,1995,75.5
A,YR,T,Y_LT1,IE,1996,75.8
A,YR,T,Y_LT1,IE,1997,76.0
A,YR,T,Y_LT1,IE,1998,76.2
A,YR,T,Y_LT1,IE,1999,76.1
A,YR,T,Y_LT1,IE,2000,76.6
A,YR,T,Y_LT1,IE,2001,77.2
A,YR,T,Y_LT1,IE,2002,77.7
A,YR,T,Y_LT1,IE,2003,78.2
A,YR,T,Y_LT1,IE,2004,78.6
A,YR,T,Y_LT1,IE,2005,79.0
A,YR,T,Y_LT1,IE,2006,79.3
A,YR,T,Y_LT1,IE,2007,79.7
A,YR,T,Y_LT1,IE,2008,80.2
A,YR,T,Y_LT1,IE,2009,80.2
A,YR,T,Y_LT1,IE,2010,80.8
A,YR,T,Y_LT1,IE,2011,80.9
A,YR,T,Y_LT1,IE,2012,80.9
A,YR,T,Y_LT1,IE,2013,81.0
A,YR,T,Y_LT1,IE,2014,81.3
A,YR,T,Y_LT1,IE,2015,81.4
A,YR,T,Y_LT1,IE,2016,81.6
A,YR,T,Y_LT1,IE,2017,82.0
A,YR,T,Y_LT1,IE,2018,82.0
A,YR,T,Y_LT1,IE,2019,82.5
A,YR,T,Y_LT1,IE,2020,82.3
A,YR,T,Y_LT1,IE,2021,82.1
A,YR,T,Y_LT1,IE,2022,82.4
A,YR,T,Y_LT1,IE,2023,82.7
A,YR,T,Y_LT1,IE,2024,83.1
A,YR,T,Y_LT1,IS,1995,78.0
A,YR,T,Y_LT1,IS,1996,78.8
A,YR,T,Y_LT1,IS,1997,78.9
A,YR,T,Y_LT1,IS,1998,79.7
A,YR,T,Y_LT1,IS,1999,79.4
A,YR,T,Y_LT1,IS,2000,79.7
A,YR,T,Y_LT1,IS,2001,80.7
A,YR,T,Y_LT1,IS,2002,80.6
A,YR,T,Y_LT1,IS,2003,81.0
A,YR,T,Y_LT1,IS,2004,81.1
A,YR,T,Y_LT1,IS,2005,81.5
A,YR,T,Y_LT1,IS,2006,81.2
A,YR,T,Y_LT1,IS,2007,81.5
A,YR,T,Y_LT1,IS,2008,81.6
A,YR,T,Y_LT1,IS,2009,81.8
A,YR,T,Y_LT1,IS,2010,81.9
A,YR,T,Y_LT1,IS,2011,82.4
A,YR,T,Y_LT1,IS,2012,83.0
A,YR,T,Y_LT1,IS,2013,82.1
A,YR,T,Y_LT1,IS,2014,82.6
A,YR,T,Y_LT1,IS,2015,82.4
A,YR,T,Y_LT1,IS,2016,82.1
A,YR,T,Y_LT1,IS,2017,82.4
A,YR,T,Y_LT1,IS,2018,82.7
A,YR,T,Y_LT1,IS,2019,83.0
A,YR,T,Y_LT1,IS,2020,82.9
A,YR,T,Y_LT1,IS,2021,83.0
A,YR,T,Y_LT1,IS,2022,82.2
A,YR,T,Y_LT1,IS,2023,82.4
A,YR,T,Y_LT1,IS,2024,82.8
A,YR,T,Y_LT1,IT,1995,78.3
A,YR,T,Y_LT1,IT,1996,78.7
A,YR,T,Y_LT1,IT,1997,79.0
A,YR,T,Y_LT1,IT,1998,79.1
A,YR,T,Y_LT1,IT,1999,79.6
A,YR,T,Y_LT1,IT,2000,79.9
A,YR,T,Y_LT1,IT,2001,80.3
A,YR,T,Y_LT1,IT,2002,80.4
A,YR,T,Y_LT1,IT,2003,80.1
A,YR,T,Y_LT1,IT,2004,80.9
A,YR,T,Y_LT1,IT,2005,80.9
A,YR,T,Y_LT1,IT,2006,81.4
A,YR,T,Y_LT1,IT,2007,81.6
A,YR,T,Y_LT1,IT,2008,81.7
A,YR,T,Y_LT1,IT,2009,81.8
A,YR,T,Y_LT1,IT,2010,82.2
A,YR,T,Y_LT1,IT,2011,82.4
A,YR,T,Y_LT1,IT,2012,82.4
A,YR,T,Y_LT1,IT,2013,82.9
A,YR,T,Y_LT1,IT,2014,82.8
A,YR,T,Y_LT1,IT,2015,82.4
A,YR,T,Y_LT1,IT,2016,83.0
A,YR,T,Y_LT1,IT,2017,82.8
A,YR,T,Y_LT1,IT,2018,83.1
A,YR,T,Y_LT1,IT,2019,83.4
A,YR,T,Y_LT1,IT,2020,82.2
A,YR,T,Y_LT1,IT,2021,82.6
A,YR,T,Y_LT1,IT,2022,82.8
A,YR,T,Y_LT1,IT,2023,83.3
A,YR,T,Y_LT1,IT,2024,83.7
A,YR,T,Y_LT1,LI,1995,77.5
A,YR,T,Y_LT1,LI,1996,76.8
A,YR,T,Y_LT1,LI,1997,76.2
A,YR,T,Y_LT1,LI,1998,77.9
A,YR,T,Y_LT1,LI,1999,79.3
A,YR,T,Y_LT1,LI,2000,77.0
A,YR,T,Y_LT1,LI,2001,79.3
A,YR,T,Y_LT1,LI,2002,79.8
A,YR,T,Y_LT1,LI,2003,80.1
A,YR,T,Y_LT1,LI,2004,82.0
A,YR,T,Y_LT1,LI,2005,80.7
A,YR,T,Y_LT1,LI,2006,81.0
A,YR,T,Y_LT1,LI,2007,81.4
A,YR,T,Y_LT1,LI,2008,82.9
A,YR,T,Y_LT1,LI,2009,81.7
A,YR,T,Y_LT1,LI,2010,81.8
A,YR,T,Y_LT1,LI,2011,81.9
A,YR,T,Y_LT1,LI,2012,82.5
A,YR,T,Y_LT1,LI,2013,82.5
A,YR,T,Y_LT1,LI,2014,82.1
A,YR,T,Y_LT1,LI,2015,82.5
A,YR,T,Y_LT1,LI,2016,82.1
A,YR,T,Y_LT1,LI,2017,83.3
A,YR,T,Y_LT1,LI,2018,83.0
A,YR,T,Y_LT1,LI,2019,84.0
A,YR,T,Y_LT1,LI,2020,81.7
A,YR,T,Y_LT1,LI,2021,83.6
A,YR,T,Y_LT1,LI,2022,83.6
A,YR,T,Y_LT1,LI,2023,83.8
A,YR,T,Y_LT1,LI,2024,84.2
A,YR,T,Y_LT1,LT,1995,69.1
A,YR,T,Y_LT1,LT,1996,70.3
A,YR,T,Y_LT1,LT,1997,71.1
A,YR,T,Y_LT1,LT,1998,71.4
A,YR,T,Y_LT1,LT,1999,71.8
A,YR,T,Y_LT1,LT,2000,72.1
A,YR,T,Y_LT1,LT,2001,71.6
A,YR,T,Y_LT1,LT,2002,71.8
A,YR,T,Y_LT1,LT,2003,72.0
A,YR,T,Y_LT1,LT,2004,72.0
A,YR,T,Y_LT1,LT,2005,71.2
A,YR,T,Y_LT1,LT,2006,71.0
A,YR,T,Y_LT1,LT,2007,70.7
A,YR,T,Y_LT1,LT,2008,71.7
A,YR,T,Y_LT1,LT,2009,72.9
A,YR,T,Y_LT1,LT,2010,73.3
A,YR,T,Y_LT1,LT,2011,73.7
A,YR,T,Y_LT1,LT,2012,74.1
A,YR,T,Y_LT1,LT,2013,74.1
A,YR,T,Y_LT1,LT,2014,74.5
A,YR,T,Y_LT1,LT,2015,74.4
A,YR,T,Y_LT1,LT,2016,74.8
A,YR,T,Y_LT1,LT,2017,75.7
A,YR,T,Y_LT1,LT,2018,75.9
A,YR,T,Y_LT1,LT,2019,76.4
A,YR,T,Y_LT1,LT,2020,75.2
A,YR,T,Y_LT1,LT,2021,74.3
A,YR,T,Y_LT1,LT,2022,75.8
A,YR,T,Y_LT1,LT,2023,77.4
A,YR,T,Y_LT1,LT,2024,77.5
A,YR,T,Y_LT1,LU,1995,76.8
A,YR,T,Y_LT1,LU,1996,76.8
A,YR,T,Y_LT1,LU,1997,77.1
A,YR,T,Y_LT1,LU,1998,77.3
A,YR,T,Y_LT1,LU,1999,78.0
A,YR,T,Y_LT1,LU,2000,78.0
A,YR,T,Y_LT1,LU,2001,78.0
A,YR,T,Y_LT1,LU,2002,78.1
A,YR,T,Y_LT1,LU,2003,77.9
A,YR,T,Y_LT1,LU,2004,79.2
A,YR,T,Y_LT1,LU,2005,79.6
A,YR,T,Y_LT1,LU,2006,79.4
A,YR,T,Y_LT1,LU,2007,79.5
A,YR,T,Y_LT1,LU,2008,80.7
A,YR,T,Y_LT1,LU,2009,80.8
A,YR,T,Y_LT1,LU,2010,80.8
A,YR,T,Y_LT1,LU,2011,81.1
A,YR,T,Y_LT1,LU,2012,81.5
A,YR,T,Y_LT1,LU,2013,81.9
A,YR,T,Y_LT1,LU,2014,81.8
A,YR,T,Y_LT1,LU,2015,82.0
A,YR,T,Y_LT1,LU,2016,82.3
A,YR,T,Y_LT1,LU,2017,81.8
A,YR,T,Y_LT1,LU,2018,82.1
A,YR,T,Y_LT1,LU,2019,82.4
A,YR,T,Y_LT1,LU,2020,82.1
A,YR,T,Y_LT1,LU,2021,82.5
A,YR,T,Y_LT1,LU,2022,82.8
A,YR,T,Y_LT1,LU,2023,83.1
A,YR,T,Y_LT1,LU,2024,83.2
A,YR,T,Y_LT1,LV,2002,70.2
A,YR,T,Y_LT1,LV,2003,70.6
A,YR,T,Y_LT1,LV,2004,70.9
A,YR,T,Y_LT1,LV,2005,70.6
A,YR,T,Y_LT1,LV,2006,70.6
A,YR,T,Y_LT1,LV,2007,70.8
A,YR,T,Y_LT1,LV,2008,72.1
A,YR,T,Y_LT1,LV,2009,72.8
A,YR,T,Y_LT1,LV,2010,73.1
A,YR,T,Y_LT1,LV,2011,73.9
A,YR,T,Y_LT1,LV,2012,74.1
A,YR,T,Y_LT1,LV,2013,74.3
A,YR,T,Y_LT1,LV,2014,74.3
A,YR,T,Y_LT1,LV,2015,74.7
A,YR,T,Y_LT1,LV,2016,74.8
A,YR,T,Y_LT1,LV,2017,74.8
A,YR,T,Y_LT1,LV,2018,75.0
A,YR,T,Y_LT1,LV,2019,75.7
A,YR,T,Y_LT1,LV,2020,75.4
A,YR,T,Y_LT1,LV,2021,73.2
A,YR,T,Y_LT1,LV,2022,74.5
A,YR,T,Y_LT1,LV,2023,75.6
A,YR,T,Y_LT1,LV,2024,76.4
A,YR,T,Y_LT1,MD,2006,68.5
A,YR,T,Y_LT1,MD,2007,68.9
A,YR,T,Y_LT1,MD,2008,69.3
A,YR,T,Y_LT1,MD,2009,69.4
A,YR,T,Y_LT1,MD,2010,69.1
A,YR,T,Y_LT1,MD,2011,71.0
A,YR,T,Y_LT1,MD,2012,71.0
A,YR,T,Y_LT1,MD,2023,71.9
A,YR,T,Y_LT1,ME,2005,74.0
A,YR,T,Y_LT1,ME,2006,73.9
A,YR,T,Y_LT1,ME,2007,74.4
A,YR,T,Y_LT1,ME,2008,75.2
A,YR,T,Y_LT1,ME,2009,75.2
A,YR,T,Y_LT1,ME,2010,76.1
A,YR,T,Y_LT1,ME,2011,76.1
A,YR,T,Y_LT1,ME,2012,76.3
A,YR,T,Y_LT1,ME,2013,76.5
A,YR,T,Y_LT1,ME,2014,76.5
A,YR,T,Y_LT1,ME,2015,76.5
A,YR,T,Y_LT1,ME,2016,76.5
A,YR,T,Y_LT1,ME,2017,76.6
A,YR,T,Y_LT1,ME,2018,76.9
A,YR,T,Y_LT1,ME,2019,76.7
A,YR,T,Y_LT1,ME,2020,75.9
A,YR,T,Y_LT1,ME,2021,73.8
A,YR,T,Y_LT1,ME,2023,77.6
A,YR,T,Y_LT1,ME,2024,77.6
A,YR,T,Y_LT1,MK,1995,71.8
A,YR,T,Y_LT1,MK,1996,72.5
A,YR,T,Y_LT1,MK,1997,72.5
A,YR,T,Y_LT1,MK,1998,72.3
A,YR,T,Y_LT1,MK,1999,72.8
A,YR,T,Y_LT1,MK,2000,73.0
A,YR,T,Y_LT1,MK,2001,73.4
A,YR,T,Y_LT1,MK,2002,73.0
A,YR,T,Y_LT1,MK,2003,73.2
A,YR,T,Y_LT1,MK,2004,73.6
A,YR,T,Y_LT1,MK,2005,73.7
A,YR,T,Y_LT1,MK,2006,73.9
A,YR,T,Y_LT1,MK,2007,73.8
A,YR,T,Y_LT1,MK,2008,74.4
A,YR,T,Y_LT1,MK,2009,74.4
A,YR,T,Y_LT1,MK,2010,75.0
A,YR,T,Y_LT1,MK,2011,75.1
A,YR,T,Y_LT1,MK,2012,74.9
A,YR,T,Y_LT1,MK,2013,75.5
A,YR,T,Y_LT1,MK,2014,75.5
A,YR,T,Y_LT1,MK,2015,75.5
A,YR,T,Y_LT1,MK,2016,75.4
A,YR,T,Y_LT1,MK,2017,76.0
A,YR,T,Y_LT1,MK,2018,76.7
A,YR,T,Y_LT1,MK,2019,76.6
A,YR,T,Y_LT1,MK,2020,74.4
A,YR,T,Y_LT1,MK,2021,73.2
A,YR,T,Y_LT1,MT,1995,77.4
A,YR,T,Y_LT1,MT,1996,77.5
A,YR,T,Y_LT1,MT,1997,77.8
A,YR,T,Y_LT1,MT,1998,77.7
A,YR,T,Y_LT1,MT,1999,77.6
A,YR,T,Y_LT1,MT,2000,78.5
A,YR,T,Y_LT1,MT,2001,78.9
A,YR,T,Y_LT1,MT,2002,78.8
A,YR,T,Y_LT1,MT,2003,78.7
A,YR,T,Y_LT1,MT,2004,79.4
A,YR,T,Y_LT1,MT,2005,79.4
A,YR,T,Y_LT1,MT,2006,79.5
A,YR,T,Y_LT1,MT,2007,79.9
A,YR,T,Y_LT1,MT,2008,79.7
A,YR,T,Y_LT1,MT,2009,80.4
A,YR,T,Y_LT1,MT,2010,81.5
A,YR,T,Y_LT1,MT,2011,80.9
A,YR,T,Y_LT1,MT,2012,80.8
A,YR,T,Y_LT1,MT,2013,81.8
A,YR,T,Y_LT1,MT,2014,81.8
A,YR,T,Y_LT1,MT,2015,81.7
A,YR,T,Y_LT1,MT,2016,82.1
A,YR,T,Y_LT1,MT,2017,82.0
A,YR,T,Y_LT1,MT,2018,82.1
A,YR,T,Y_LT1,MT,2019,82.4
A,YR,T,Y_LT1,MT,2020,81.9
A,YR,T,Y_LT1,MT,2021,82.0
A,YR,T,Y_LT1,MT,2022,82.1
A,YR,T,Y_LT1,MT,2023,83.1
A,YR,T,Y_LT1,MT,2024,83.0
A,YR,T,Y_LT1,NL,1995,77.6
A,YR,T,Y_LT1,NL,1996,77.6
A,YR,T,Y_LT1,NL,1997,78.0
A,YR,T,Y_LT1,NL,1998,78.1
A,YR,T,Y_LT1,NL,1999,78.0
A,YR,T,Y_LT1,NL,2000,78.2
A,YR,T,Y_LT1,NL,2001,78.4
A,YR,T,Y_LT1,NL,2002,78.5
A,YR,T,Y_LT1,NL,2003,78.7
A,YR,T,Y_LT1,NL,2004,79.3
A,YR,T,Y_LT1,NL,2005,79.6
A,YR,T,Y_LT1,NL,2006,80.0
A,YR,T,Y_LT1,NL,2007,80.4
A,YR,T,Y_LT1,NL,2008,80.5
A,YR,T,Y_LT1,NL,2009,80.9
A,YR,T,Y_LT1,NL,2010,81.0
A,YR,T,Y_LT1,NL,2011,81.3
A,YR,T,Y_LT1,NL,2012,81.2
A,YR,T,Y_LT1,NL,2013,81.4
A,YR,T,Y_LT1,NL,2014,81.6
A,YR,T,Y_LT1,NL,2015,81.5
A,YR,T,Y_LT1,NL,2016,81.5
A,YR,T,Y_LT1,NL,2017,81.7
A,YR,T,Y_LT1,NL,2018,81.8
A,YR,T,Y_LT1,NL,2019,82.1
A,YR,T,Y_LT1,NL,2020,81.4
A,YR,T,Y_LT1,NL,2021,81.3
A,YR,T,Y_LT1,NL,2022,81.6
A,YR,T,Y_LT1,NL,2023,81.8
A,YR,T,Y_LT1,NL,2024,81.9
A,YR,T,Y_LT1,NO,1995,77.9
A,YR,T,Y_LT1,NO,1996,78.3
A,YR,T,Y_LT1,NO,1997,78.3
A,YR,T,Y_LT1,NO,1998,78.5
A,YR,T,Y_LT1,NO,1999,78.4
A,YR,T,Y_LT1,NO,2000,78.8
A,YR,T,Y_LT1,NO,2001,79.0
A,YR,T,Y_LT1,NO,2002,79.0
A,YR,T,Y_LT1,NO,2003,79.6
A,YR,T,Y_LT1,NO,2004,80.1
A,YR,T,Y_LT1,NO,2005,80.3
A,YR,T,Y_LT1,NO,2006,80.6
A,YR,T,Y_LT1,NO,2007,80.6
A,YR,T,Y_LT1,NO,2008,80.8
A,YR,T,Y_LT1,NO,2009,81.0
A,YR,T,Y_LT1,NO,2010,81.2
A,YR,T,Y_LT1,NO,2011,81.4
A,YR,T,Y_LT1,NO,2012,81.5
A,YR,T,Y_LT1,NO,2013,81.8
A,YR,T,Y_LT1,NO,2014,82.1
A,YR,T,Y_LT1,NO,2015,82.3
A,YR,T,Y_LT1,NO,2016,82.4
A,YR,T,Y_LT1,NO,2017,82.6
A,YR,T,Y_LT1,NO,2018,82.8
A,YR,T,Y_LT1,NO,2019,83.0
A,YR,T,Y_LT1,NO,2020,83.2
A,YR,T,Y_LT1,NO,2021,83.2
A,YR,T,Y_LT1,NO,2022,82.6
A,YR,T,Y_LT1,NO,2023,83.0
A,YR,T,Y_LT1,NO,2024,83.2
A,YR,T,Y_LT1,PL,1995,72.0
A,YR,T,Y_LT1,PL,1996,72.3
A,YR,T,Y_LT1,PL,1997,72.7
A,YR,T,Y_LT1,PL,1998,73.1
A,YR,T,Y_LT1,PL,1999,73.1
A,YR,T,Y_LT1,PL,2000,73.8
A,YR,T,Y_LT1,PL,2001,74.2
A,YR,T,Y_LT1,PL,2002,74.5
A,YR,T,Y_LT1,PL,2003,74.7
A,YR,T,Y_LT1,PL,2004,74.9
A,YR,T,Y_LT1,PL,2005,75.0
A,YR,T,Y_LT1,PL,2006,75.3
A,YR,T,Y_LT1,PL,2007,75.4
A,YR,T,Y_LT1,PL,2008,75.6
A,YR,T,Y_LT1,PL,2009,75.9
A,YR,T,Y_LT1,PL,2010,76.4
A,YR,T,Y_LT1,PL,2011,76.8
A,YR,T,Y_LT1,PL,2012,76.9
A,YR,T,Y_LT1,PL,2013,77.1
A,YR,T,Y_LT1,PL,2014,77.5
A,YR,T,Y_LT1,PL,2015,77.4
A,YR,T,Y_LT1,PL,2016,77.8
A,YR,T,Y_LT1,PL,2017,77.7
A,YR,T,Y_LT1,PL,2018,77.6
A,YR,T,Y_LT1,PL,2019,77.9
A,YR,T,Y_LT1,PL,2020,76.4
A,YR,T,Y_LT1,PL,2021,75.4
A,YR,T,Y_LT1,PL,2022,77.1
A,YR,T,Y_LT1,PL,2023,78.2
A,YR,T,Y_LT1,PL,2024,78.5
A,YR,T,Y_LT1,PT,1995,75.4
A,YR,T,Y_LT1,PT,1996,75.3
A,YR,T,Y_LT1,PT,1997,75.8
A,YR,T,Y_LT1,PT,1998,76.0
A,YR,T,Y_LT1,PT,1999,76.2
A,YR,T,Y_LT1,PT,2000,76.8
A,YR,T,Y_LT1,PT,2001,77.2
A,YR,T,Y_LT1,PT,2002,77.4
A,YR,T,Y_LT1,PT,2003,77.5
A,YR,T,Y_LT1,PT,2004,78.4
A,YR,T,Y_LT1,PT,2005,78.2
A,YR,T,Y_LT1,PT,2006,79.0
A,YR,T,Y_LT1,PT,2007,79.3
A,YR,T,Y_LT1,PT,2008,79.5
A,YR,T,Y_LT1,PT,2009,79.7
A,YR,T,Y_LT1,PT,2010,80.1
A,YR,T,Y_LT1,PT,2011,80.7
A,YR,T,Y_LT1,PT,2012,80.6
A,YR,T,Y_LT1,PT,2013,80.9
A,YR,T,Y_LT1,PT,2014,81.3
A,YR,T,Y_LT1,PT,2015,81.3
A,YR,T,Y_LT1,PT,2016,81.4
A,YR,T,Y_LT1,PT,2017,81.6
A,YR,T,Y_LT1,PT,2018,81.6
A,YR,T,Y_LT1,PT,2019,82.0
A,YR,T,Y_LT1,PT,2020,81.4
A,YR,T,Y_LT1,PT,2021,81.4
A,YR,T,Y_LT1,PT,2022,81.7
A,YR,T,Y_LT1,PT,2023,82.3
A,YR,T,Y_LT1,PT,2024,82.5
A,YR,T,Y_LT1,RO,1995,69.3
A,YR,T,Y_LT1,RO,1996,68.8
A,YR,T,Y_LT1,RO,1997,69.1
A,YR,T,Y_LT1,RO,1998,69.9
A,YR,T,Y_LT1,RO,1999,70.6
A,YR,T,Y_LT1,RO,2000,71.2
A,YR,T,Y_LT1,RO,2001,71.1
A,YR,T,Y_LT1,RO,2002,70.9
A,YR,T,Y_LT1,RO,2003,71.0
A,YR,T,Y_LT1,RO,2004,71.4
A,YR,T,Y_LT1,RO,2005,71.9
A,YR,T,Y_LT1,RO,2006,72.5
A,YR,T,Y_LT1,RO,2007,73.1
A,YR,T,Y_LT1,RO,2008,73.5
A,YR,T,Y_LT1,RO,2009,73.7
A,YR,T,Y_LT1,RO,2010,73.7
A,YR,T,Y_LT1,RO,2011,74.4
A,YR,T,Y_LT1,RO,2012,74.4
A,YR,T,Y_LT1,RO,2013,75.1
A,YR,T,Y_LT1,RO,2014,74.9
A,YR,T,Y_LT1,RO,2015,74.9
A,YR,T,Y_LT1,RO,2016,75.2
A,YR,T,Y_LT1,RO,2017,75.2
A,YR,T,Y_LT1,RO,2018,75.3
A,YR,T,Y_LT1,RO,2019,75.6
A,YR,T,Y_LT1,RO,2020,74.1
A,YR,T,Y_LT1,RO,2021,72.8
A,YR,T,Y_LT1,RO,2022,75.1
A,YR,T,Y_LT1,RO,2023,76.3
A,YR,T,Y_LT1,RO,2024,76.5
A,YR,T,Y_LT1,RS,2000,71.6
A,YR,T,Y_LT1,RS,2001,72.3
A,YR,T,Y_LT1,RS,2002,72.3
A,YR,T,Y_LT1,RS,2003,72.5
A,YR,T,Y_LT1,RS,2004,72.7
A,YR,T,Y_LT1,RS,2005,72.8
A,YR,T,Y_LT1,RS,2006,73.4
A,YR,T,Y_LT1,RS,2007,73.7
A,YR,T,Y_LT1,RS,2008,73.9
A,YR,T,Y_LT1,RS,2009,74.0
A,YR,T,Y_LT1,RS,2010,74.4
A,YR,T,Y_LT1,RS,2011,74.6
A,YR,T,Y_LT1,RS,2012,74.9
A,YR,T,Y_LT1,RS,2013,75.3
A,YR,T,Y_LT1,RS,2014,75.4
A,YR,T,Y_LT1,RS,2015,75.3
A,YR,T,Y_LT1,RS,2016,75.7
A,YR,T,Y_LT1,RS,2017,75.6
A,YR,T,Y_LT1,RS,2018,75.9
A,YR,T,Y_LT1,RS,2019,76.0
A,YR,T,Y_LT1,RS,2020,74.5
A,YR,T,Y_LT1,RS,2021,72.8
A,YR,T,Y_LT1,RS,2022,75.2
A,YR,T,Y_LT1,RS,2023,76.2
A,YR,T,Y_LT1,RS,2024,76.2
A,YR,T,Y_LT1,RU,2006,66.6
A,YR,T,Y_LT1,RU,2007,67.5
A,YR,T,Y_LT1,RU,2008,67.9
A,YR,T,Y_LT1,RU,2009,68.7
A,YR,T,Y_LT1,RU,2010,68.9
A,YR,T,Y_LT1,SE,1995,79.0
A,YR,T,Y_LT1,SE,1996,79.2
A,YR,T,Y_LT1,SE,1997,79.4
A,YR,T,Y_LT1,SE,1998,79.5
A,YR,T,Y_LT1,SE,1999,79.6
A,YR,T,Y_LT1,SE,2000,79.8
A,YR,T,Y_LT1,SE,2001,79.9
A,YR,T,Y_LT1,SE,2002,80.0
A,YR,T,Y_LT1,SE,2003,80.3
A,YR,T,Y_LT1,SE,2004,80.7
A,YR,T,Y_LT1,SE,2005,80.7
A,YR,T,Y_LT1,SE,2006,81.0
A,YR,T,Y_LT1,SE,2007,81.1
A,YR,T,Y_LT1,SE,2008,81.3
A,YR,T,Y_LT1,SE,2009,81.5
A,YR,T,Y_LT1,SE,2010,81.6
A,YR,T,Y_LT1,SE,2011,81.9
A,YR,T,Y_LT1,SE,2012,81.8
A,YR,T,Y_LT1,SE,2013,82.0
A,YR,T,Y_LT1,SE,2014,82.2
A,YR,T,Y_LT1,SE,2015,82.2
A,YR,T,Y_LT1,SE,2016,82.3
A,YR,T,Y_LT1,SE,2017,82.4
A,YR,T,Y_LT1,SE,2018,82.5
A,YR,T,Y_LT1,SE,2019,83.1
A,YR,T,Y_LT1,SE,2020,82.4
A,YR,T,Y_LT1,SE,2021,83.0
A,YR,T,Y_LT1,SE,2022,83.0
A,YR,T,Y_LT1,SE,2023,83.2
A,YR,T,Y_LT1,SE,2024,83.8
A,YR,T,Y_LT1,SI,1995,74.7
A,YR,T,Y_LT1,SI,1996,75.2
A,YR,T,Y_LT1,SI,1997,75.2
A,YR,T,Y_LT1,SI,1998,75.3
A,YR,T,Y_LT1,SI,1999,75.7
A,YR,T,Y_LT1,SI,2000,76.2
A,YR,T,Y_LT1,SI,2001,76.4
A,YR,T,Y_LT1,SI,2002,76.6
A,YR,T,Y_LT1,SI,2003,76.4
A,YR,T,Y_LT1,SI,2004,77.2
A,YR,T,Y_LT1,SI,2005,77.5
A,YR,T,Y_LT1,SI,2006,78.3
A,YR,T,Y_LT1,SI,2007,78.4
A,YR,T,Y_LT1,SI,2008,79.1
A,YR,T,Y_LT1,SI,2009,79.4
A,YR,T,Y_LT1,SI,2010,79.8
A,YR,T,Y_LT1,SI,2011,80.1
A,YR,T,Y_LT1,SI,2012,80.3
A,YR,T,Y_LT1,SI,2013,80.5
A,YR,T,Y_LT1,SI,2014,80.9
A,YR,T,Y_LT1,SI,2015,80.6
A,YR,T,Y_LT1,SI,2016,81.0
A,YR,T,Y_LT1,SI,2017,80.9
A,YR,T,Y_LT1,SI,2018,81.2
A,YR,T,Y_LT1,SI,2019,81.4
A,YR,T,Y_LT1,SI,2020,80.5
A,YR,T,Y_LT1,SI,2021,80.6
A,YR,T,Y_LT1,SI,2022,81.2
A,YR,T,Y_LT1,SI,2023,81.8
A,YR,T,Y_LT1,SI,2024,82.1
A,YR,T,Y_LT1,SK,1995,72.4
A,YR,T,Y_LT1,SK,1996,72.9
A,YR,T,Y_LT1,SK,1997,72.9
A,YR,T,Y_LT1,SK,1998,72.8
A,YR,T,Y_LT1,SK,1999,73.2
A,YR,T,Y_LT1,SK,2000,73.3
A,YR,T,Y_LT1,SK,2001,73.6
A,YR,T,Y_LT1,SK,2002,73.8
A,YR,T,Y_LT1,SK,2003,73.8
A,YR,T,Y_LT1,SK,2004,74.2
A,YR,T,Y_LT1,SK,2005,74.1
A,YR,T,Y_LT1,SK,2006,74.5
A,YR,T,Y_LT1,SK,2007,74.6
A,YR,T,Y_LT1,SK,2008,74.9
A,YR,T,Y_LT1,SK,2009,75.3
A,YR,T,Y_LT1,SK,2010,75.6
A,YR,T,Y_LT1,SK,2011,76.1
A,YR,T,Y_LT1,SK,2012,76.3
A,YR,T,Y_LT1,SK,2013,76.6
A,YR,T,Y_LT1,SK,2014,76.9
A,YR,T,Y_LT1,SK,2015,76.7
A,YR,T,Y_LT1,SK,2016,77.3
A,YR,T,Y_LT1,SK,2017,77.3
A,YR,T,Y_LT1,SK,2018,77.3
A,YR,T,Y_LT1,SK,2019,77.7
A,YR,T,Y_LT1,SK,2020,77.0
A,YR,T,Y_LT1,SK,2021,74.6
A,YR,T,Y_LT1,SK,2022,77.0
A,YR,T,Y_LT1,SK,2023,78.1
A,YR,T,Y_LT1,SK,2024,78.4
A,YR,T,Y_LT1,SM,2012,85.6
A,YR,T,Y_LT1,TR,2009,76.0
A,YR,T,Y_LT1,TR,2010,76.8
A,YR,T,Y_LT1,TR,2011,77.1
A,YR,T,Y_LT1,TR,2012,77.6
A,YR,T,Y_LT1,TR,2013,78.2
A,YR,T,Y_LT1,TR,2014,78.1
A,YR,T,Y_LT1,TR,2015,78.2
A,YR,T,Y_LT1,TR,2016,78.1
A,YR,T,Y_LT1,TR,2017,78.5
A,YR,T,Y_LT1,TR,2018,78.9
A,YR,T,Y_LT1,TR,2019,79.1
A,YR,T,Y_LT1,TR,2022,76.3
A,YR,T,Y_LT1,TR,2023,77.3
A,YR,T,Y_LT1,TR,2024,79.0
A,YR,T,Y_LT1,UA,2006,67.9
A,YR,T,Y_LT1,UA,2007,67.6
A,YR,T,Y_LT1,UA,2008,68.0
A,YR,T,Y_LT1,UA,2010,70.3
A,YR,T,Y_LT1,UA,2011,71.1
A,YR,T,Y_LT1,UA,2012,71.2
A,YR,T,Y_LT1,UA,2014,71.8
A,YR,T,Y_LT1,UA,2015,72.5
A,YR,T,Y_LT1,UA,2016,72.9
A,YR,T,Y_LT1,UA,2017,73.3
A,YR,T,Y_LT1,UA,2018,73.2
A,YR,T,Y_LT1,UA,2019,73.4
A,YR,T,Y_LT1,UK,1995,76.7
A,YR,T,Y_LT1,UK,1996,77.0
A,YR,T,Y_LT1,UK,1997,77.2
A,YR,T,Y_LT1,UK,1998,77.4
A,YR,T,Y_LT1,UK,1999,77.5
A,YR,T,Y_LT1,UK,2000,78.0
A,YR,T,Y_LT1,UK,2001,78.2
A,YR,T,Y_LT1,UK,2002,78.3
A,YR,T,Y_LT1,UK,2003,78.4
A,YR,T,Y_LT1,UK,2004,79.0
A,YR,T,Y_LT1,UK,2005,79.2
A,YR,T,Y_LT1,UK,2006,79.5
A,YR,T,Y_LT1,UK,2007,79.7
A,YR,T,Y_LT1,UK,2008,79.8
A,YR,T,Y_LT1,UK,2009,80.4
A,YR,T,Y_LT1,UK,2010,80.6
A,YR,T,Y_LT1,UK,2011,81.0
A,YR,T,Y_LT1,UK,2012,81.0
A,YR,T,Y_LT1,UK,2013,81.1
A,YR,T,Y_LT1,UK,2014,81.4
A,YR,T,Y_LT1,UK,2015,81.0
A,YR,T,Y_LT1,UK,2016,81.2
A,YR,T,Y_LT1,UK,2017,81.3
A,YR,T,Y_LT1,UK,2018,81.3
A,YR,T,Y_LT1,XK,2016,78.6
