freq,unit,landcover,geo,time,value
A,PC,A00,AT,2009,3.9
A,PC,A00,AT,2012,4.2
A,PC,A00,AT,2015,4.3
A,PC,A00,AT,2018,4.2
A,PC,A00,AT,2022,4.6
A,PC,A00,AT1,2009,4.5
A,PC,A00,AT1,2012,4.8
A,PC,A00,AT1,2015,4.9
A,PC,A00,AT1,2018,5.0
A,PC,A00,AT1,2022,5.1
A,PC,A00,AT11,2009,5.0
A,PC,A00,AT11,2012,5.1
A,PC,A00,AT11,2015,5.1
A,PC,A00,AT11,2018,5.3
A,PC,A00,AT11,2022,5.6
A,PC,A00,AT12,2009,3.8
A,PC,A00,AT12,2012,3.9
A,PC,A00,AT12,2015,4.0
A,PC,A00,AT12,2018,4.4
A,PC,A00,AT12,2022,4.5
A,PC,A00,AT13,2009,36.4
A,PC,A00,AT13,2012,41.9
A,PC,A00,AT13,2015,42.3
A,PC,A00,AT13,2018,29.8
A,PC,A00,AT13,2022,28.0
A,PC,A00,AT2,2009,3.5
A,PC,A00,AT2,2012,3.7
A,PC,A00,AT2,2015,3.8
A,PC,A00,AT2,2018,3.6
A,PC,A00,AT2,2022,4.6
A,PC,A00,AT21,2009,2.4
A,PC,A00,AT21,2012,2.7
A,PC,A00,AT21,2015,2.8
A,PC,A00,AT21,2018,3.2
A,PC,A00,AT21,2022,5.5
A,PC,A00,AT22,2009,4.1
A,PC,A00,AT22,2012,4.3
A,PC,A00,AT22,2015,4.4
A,PC,A00,AT22,2018,3.9
A,PC,A00,AT22,2022,4.1
A,PC,A00,AT3,2009,3.8
A,PC,A00,AT3,2012,4.1
A,PC,A00,AT3,2015,4.2
A,PC,A00,AT3,2018,4.0
A,PC,A00,AT3,2022,4.3
A,PC,A00,AT31,2009,5.7
A,PC,A00,AT31,2012,6.0
A,PC,A00,AT31,2015,6.3
A,PC,A00,AT31,2018,6.2
A,PC,A00,AT31,2022,6.9
A,PC,A00,AT32,2009,3.3
A,PC,A00,AT32,2012,3.7
A,PC,A00,AT32,2015,3.8
A,PC,A00,AT32,2018,3.1
A,PC,A00,AT32,2022,3.1
A,PC,A00,AT33,2009,2.1
A,PC,A00,AT33,2012,2.2
A,PC,A00,AT33,2015,2.3
A,PC,A00,AT33,2018,2.3
A,PC,A00,AT33,2022,2.7
A,PC,A00,AT34,2009,5.2
A,PC,A00,AT34,2012,5.5
A,PC,A00,AT34,2015,5.6
A,PC,A00,AT34,2018,4.4
A,PC,A00,AT34,2022,3.6
A,PC,A00,BE,2009,9.9
A,PC,A00,BE,2012,10.8
A,PC,A00,BE,2015,11.4
A,PC,A00,BE,2018,11.7
A,PC,A00,BE,2022,12.0
A,PC,A00,BE1,2009,37.2
A,PC,A00,BE1,2012,54.3
A,PC,A00,BE1,2015,52.5
A,PC,A00,BE1,2018,62.8
A,PC,A00,BE1,2022,37.0
A,PC,A00,BE10,2009,37.2
A,PC,A00,BE10,2012,54.3
A,PC,A00,BE10,2015,52.5
A,PC,A00,BE10,2018,62.8
A,PC,A00,BE10,2022,37.0
A,PC,A00,BE2,2009,13.9
A,PC,A00,BE2,2012,15.1
A,PC,A00,BE2,2015,15.8
A,PC,A00,BE2,2018,15.6
A,PC,A00,BE2,2022,16.0
A,PC,A00,BE21,2009,13.5
A,PC,A00,BE21,2012,14.2
A,PC,A00,BE21,2015,15.2
A,PC,A00,BE21,2018,18.4
A,PC,A00,BE21,2022,17.6
A,PC,A00,BE22,2009,11.2
A,PC,A00,BE22,2012,11.6
A,PC,A00,BE22,2015,11.8
A,PC,A00,BE22,2018,11.7
A,PC,A00,BE22,2022,12.6
A,PC,A00,BE23,2009,14.9
A,PC,A00,BE23,2012,16.8
A,PC,A00,BE23,2015,17.5
A,PC,A00,BE23,2018,13.9
A,PC,A00,BE23,2022,17.3
A,PC,A00,BE24,2009,17.9
A,PC,A00,BE24,2012,19.1
A,PC,A00,BE24,2015,19.1
A,PC,A00,BE24,2018,15.1
A,PC,A00,BE24,2022,14.6
A,PC,A00,BE25,2009,12.5
A,PC,A00,BE25,2012,14.4
A,PC,A00,BE25,2015,15.5
A,PC,A00,BE25,2018,18.1
A,PC,A00,BE25,2022,16.7
A,PC,A00,BE3,2009,6.5
A,PC,A00,BE3,2012,7.0
A,PC,A00,BE3,2015,7.5
A,PC,A00,BE3,2018,8.1
A,PC,A00,BE3,2022,8.6
A,PC,A00,BE31,2009,11.9
A,PC,A00,BE31,2012,13.9
A,PC,A00,BE31,2015,13.9
A,PC,A00,BE31,2018,13.6
A,PC,A00,BE31,2022,12.8
A,PC,A00,BE32,2009,8.3
A,PC,A00,BE32,2012,8.4
A,PC,A00,BE32,2015,9.5
A,PC,A00,BE32,2018,11.3
A,PC,A00,BE32,2022,12.8
A,PC,A00,BE33,2009,10.7
A,PC,A00,BE33,2012,11.7
A,PC,A00,BE33,2015,12.0
A,PC,A00,BE33,2018,10.7
A,PC,A00,BE33,2022,11.0
A,PC,A00,BE34,2009,2.8
A,PC,A00,BE34,2012,2.9
A,PC,A00,BE34,2015,3.1
A,PC,A00,BE34,2018,3.5
A,PC,A00,BE34,2022,4.0
A,PC,A00,BE35,2009,3.1
A,PC,A00,BE35,2012,3.6
A,PC,A00,BE35,2015,3.9
A,PC,A00,BE35,2018,6.1
A,PC,A00,BE35,2022,6.0
A,PC,A00,BG,2012,1.7
A,PC,A00,BG,2015,1.8
A,PC,A00,BG,2018,2.3
A,PC,A00,BG,2022,2.4
A,PC,A00,BG3,2012,1.7
A,PC,A00,BG3,2015,1.9
A,PC,A00,BG3,2018,2.2
A,PC,A00,BG3,2022,2.4
A,PC,A00,BG31,2012,1.6
A,PC,A00,BG31,2015,1.7
A,PC,A00,BG31,2018,2.4
A,PC,A00,BG31,2022,2.7
A,PC,A00,BG32,2012,1.6
A,PC,A00,BG32,2015,1.7
A,PC,A00,BG32,2018,1.8
A,PC,A00,BG32,2022,2.3
A,PC,A00,BG33,2012,2.3
A,PC,A00,BG33,2015,2.5
A,PC,A00,BG33,2018,2.5
A,PC,A00,BG33,2022,2.3
A,PC,A00,BG34,2012,1.6
A,PC,A00,BG34,2015,1.7
A,PC,A00,BG34,2018,2.0
A,PC,A00,BG34,2022,2.3
A,PC,A00,BG4,2012,1.7
A,PC,A00,BG4,2015,1.8
A,PC,A00,BG4,2018,2.5
A,PC,A00,BG4,2022,2.3
A,PC,A00,BG41,2012,1.8
A,PC,A00,BG41,2015,2.0
A,PC,A00,BG41,2018,2.7
A,PC,A00,BG41,2022,2.6
A,PC,A00,BG42,2012,1.6
A,PC,A00,BG42,2015,1.6
A,PC,A00,BG42,2018,2.2
A,PC,A00,BG42,2022,2.1
A,PC,A00,CY,2012,5.1
A,PC,A00,CY,2015,5.4
A,PC,A00,CY,2018,6.2
A,PC,A00,CY,2022,8.2
A,PC,A00,CY0,2012,5.1
A,PC,A00,CY0,2015,5.4
A,PC,A00,CY0,2018,6.2
A,PC,A00,CY0,2022,8.2
A,PC,A00,CY00,2012,5.1
A,PC,A00,CY00,2015,5.4
A,PC,A00,CY00,2018,6.2
A,PC,A00,CY00,2022,8.2
A,PC,A00,CZ,2009,4.3
A,PC,A00,CZ,2012,4.4
A,PC,A00,CZ,2015,4.6
A,PC,A00,CZ,2018,4.4
A,PC,A00,CZ,2022,4.7
A,PC,A00,CZ0,2009,4.3
A,PC,A00,CZ0,2012,4.4
A,PC,A00,CZ0,2015,4.6
A,PC,A00,CZ0,2018,4.4
A,PC,A00,CZ0,2022,4.7
A,PC,A00,CZ01,2009,33.2
A,PC,A00,CZ01,2012,34.2
A,PC,A00,CZ01,2015,34.2
A,PC,A00,CZ01,2018,25.9
A,PC,A00,CZ01,2022,31.0
A,PC,A00,CZ02,2009,4.6
A,PC,A00,CZ02,2012,4.7
A,PC,A00,CZ02,2015,4.9
A,PC,A00,CZ02,2018,5.0
A,PC,A00,CZ02,2022,5.3
A,PC,A00,CZ03,2009,2.5
A,PC,A00,CZ03,2012,2.6
A,PC,A00,CZ03,2015,2.7
A,PC,A00,CZ03,2018,3.4
A,PC,A00,CZ03,2022,3.2
A,PC,A00,CZ04,2009,4.7
A,PC,A00,CZ04,2012,5.0
A,PC,A00,CZ04,2015,5.2
A,PC,A00,CZ04,2018,5.3
A,PC,A00,CZ04,2022,5.0
A,PC,A00,CZ05,2009,3.9
A,PC,A00,CZ05,2012,4.0
A,PC,A00,CZ05,2015,4.1
A,PC,A00,CZ05,2018,3.8
A,PC,A00,CZ05,2022,4.3
A,PC,A00,CZ06,2009,4.7
A,PC,A00,CZ06,2012,4.8
A,PC,A00,CZ06,2015,5.1
A,PC,A00,CZ06,2018,3.4
A,PC,A00,CZ06,2022,4.4
A,PC,A00,CZ07,2009,4.1
A,PC,A00,CZ07,2012,4.5
A,PC,A00,CZ07,2015,4.9
A,PC,A00,CZ07,2018,5.0
A,PC,A00,CZ07,2022,5.2
A,PC,A00,CZ08,2009,5.9
A,PC,A00,CZ08,2012,5.9
A,PC,A00,CZ08,2015,6.1
A,PC,A00,CZ08,2018,5.5
A,PC,A00,CZ08,2022,6.9
A,PC,A00,DE,2009,6.8
A,PC,A00,DE,2012,7.1
A,PC,A00,DE,2015,7.4
A,PC,A00,DE,2018,7.6
A,PC,A00,DE,2022,7.8
A,PC,A00,DE1,2009,8.1
A,PC,A00,DE1,2012,8.4
A,PC,A00,DE1,2015,8.9
A,PC,A00,DE1,2018,8.2
A,PC,A00,DE1,2022,10.4
A,PC,A00,DE11,2009,9.3
A,PC,A00,DE11,2012,9.6
A,PC,A00,DE11,2015,10.0
A,PC,A00,DE11,2018,9.9
A,PC,A00,DE11,2022,11.7
A,PC,A00,DE12,2009,10.4
A,PC,A00,DE12,2012,10.7
A,PC,A00,DE12,2015,11.5
A,PC,A00,DE12,2018,10.7
A,PC,A00,DE12,2022,16.5
A,PC,A00,DE13,2009,6.8
A,PC,A00,DE13,2012,7.2
A,PC,A00,DE13,2015,7.4
A,PC,A00,DE13,2018,5.2
A,PC,A00,DE13,2022,7.2
A,PC,A00,DE14,2009,6.2
A,PC,A00,DE14,2012,6.6
A,PC,A00,DE14,2015,7.1
A,PC,A00,DE14,2018,7.3
A,PC,A00,DE14,2022,7.4
A,PC,A00,DE2,2009,6.1
A,PC,A00,DE2,2012,6.3
A,PC,A00,DE2,2015,6.5
A,PC,A00,DE2,2018,6.8
A,PC,A00,DE2,2022,7.3
A,PC,A00,DE21,2009,7.0
A,PC,A00,DE21,2012,7.2
A,PC,A00,DE21,2015,7.4
A,PC,A00,DE21,2018,7.7
A,PC,A00,DE21,2022,7.7
A,PC,A00,DE22,2009,5.1
A,PC,A00,DE22,2012,5.2
A,PC,A00,DE22,2015,5.8
A,PC,A00,DE22,2018,5.8
A,PC,A00,DE22,2022,7.0
A,PC,A00,DE23,2009,4.1
A,PC,A00,DE23,2012,4.4
A,PC,A00,DE23,2015,4.4
A,PC,A00,DE23,2018,5.5
A,PC,A00,DE23,2022,5.9
A,PC,A00,DE24,2009,5.0
A,PC,A00,DE24,2012,5.3
A,PC,A00,DE24,2015,5.6
A,PC,A00,DE24,2018,6.4
A,PC,A00,DE24,2022,7.2
A,PC,A00,DE25,2009,7.4
A,PC,A00,DE25,2012,7.5
A,PC,A00,DE25,2015,7.9
A,PC,A00,DE25,2018,6.9
A,PC,A00,DE25,2022,8.6
A,PC,A00,DE26,2009,7.1
A,PC,A00,DE26,2012,7.2
A,PC,A00,DE26,2015,7.3
A,PC,A00,DE26,2018,8.3
A,PC,A00,DE26,2022,7.8
A,PC,A00,DE27,2009,6.3
A,PC,A00,DE27,2012,6.5
A,PC,A00,DE27,2015,6.8
A,PC,A00,DE27,2018,6.7
A,PC,A00,DE27,2022,6.8
A,PC,A00,DE3,2009,30.4
A,PC,A00,DE3,2012,32.7
A,PC,A00,DE3,2015,35.2
A,PC,A00,DE3,2018,29.8
A,PC,A00,DE3,2022,36.1
A,PC,A00,DE30,2009,30.4
A,PC,A00,DE30,2012,32.7
A,PC,A00,DE30,2015,35.2
A,PC,A00,DE30,2018,29.8
A,PC,A00,DE30,2022,36.1
A,PC,A00,DE4,2009,3.7
A,PC,A00,DE4,2012,3.8
A,PC,A00,DE4,2015,3.9
A,PC,A00,DE4,2018,4.5
A,PC,A00,DE4,2022,3.9
A,PC,A00,DE40,2009,3.7
A,PC,A00,DE40,2012,3.8
A,PC,A00,DE40,2015,3.9
A,PC,A00,DE40,2018,4.5
A,PC,A00,DE40,2022,3.9
A,PC,A00,DE5,2009,31.5
A,PC,A00,DE5,2012,34.4
A,PC,A00,DE5,2015,38.9
A,PC,A00,DE5,2018,36.2
A,PC,A00,DE5,2022,42.4
A,PC,A00,DE50,2009,31.5
A,PC,A00,DE50,2012,34.4
A,PC,A00,DE50,2015,38.9
A,PC,A00,DE50,2018,36.2
A,PC,A00,DE50,2022,42.4
A,PC,A00,DE6,2009,24.5
A,PC,A00,DE6,2012,25.0
A,PC,A00,DE6,2015,25.1
A,PC,A00,DE6,2018,27.3
A,PC,A00,DE6,2022,29.8
A,PC,A00,DE60,2009,24.5
A,PC,A00,DE60,2012,25.0
A,PC,A00,DE60,2015,25.1
A,PC,A00,DE60,2018,27.3
A,PC,A00,DE60,2022,29.8
A,PC,A00,DE7,2009,7.6
A,PC,A00,DE7,2012,8.0
A,PC,A00,DE7,2015,8.4
A,PC,A00,DE7,2018,8.3
A,PC,A00,DE7,2022,8.7
A,PC,A00,DE71,2009,8.5
A,PC,A00,DE71,2012,8.9
A,PC,A00,DE71,2015,9.2
A,PC,A00,DE71,2018,11.2
A,PC,A00,DE71,2022,11.2
A,PC,A00,DE72,2009,6.7
A,PC,A00,DE72,2012,7.3
A,PC,A00,DE72,2015,7.3
A,PC,A00,DE72,2018,6.9
A,PC,A00,DE72,2022,7.0
A,PC,A00,DE73,2009,7.5
A,PC,A00,DE73,2012,7.8
A,PC,A00,DE73,2015,8.2
A,PC,A00,DE73,2018,6.7
A,PC,A00,DE73,2022,7.5
A,PC,A00,DE8,2009,3.4
A,PC,A00,DE8,2012,3.6
A,PC,A00,DE8,2015,3.7
A,PC,A00,DE8,2018,3.4
A,PC,A00,DE8,2022,3.6
A,PC,A00,DE80,2009,3.4
A,PC,A00,DE80,2012,3.6
A,PC,A00,DE80,2015,3.7
A,PC,A00,DE80,2018,3.4
A,PC,A00,DE80,2022,3.6
A,PC,A00,DE9,2009,5.8
A,PC,A00,DE9,2012,5.9
A,PC,A00,DE9,2015,6.3
A,PC,A00,DE9,2018,7.3
A,PC,A00,DE9,2022,7.0
A,PC,A00,DE91,2009,7.1
A,PC,A00,DE91,2012,7.2
A,PC,A00,DE91,2015,7.8
A,PC,A00,DE91,2018,7.1
A,PC,A00,DE91,2022,8.0
A,PC,A00,DE92,2009,6.1
A,PC,A00,DE92,2012,6.5
A,PC,A00,DE92,2015,6.9
A,PC,A00,DE92,2018,7.1
A,PC,A00,DE92,2022,7.5
A,PC,A00,DE93,2009,5.0
A,PC,A00,DE93,2012,4.9
A,PC,A00,DE93,2015,5.4
A,PC,A00,DE93,2018,5.9
A,PC,A00,DE93,2022,5.4
A,PC,A00,DE94,2009,5.8
A,PC,A00,DE94,2012,5.9
A,PC,A00,DE94,2015,6.1
A,PC,A00,DE94,2018,9.2
A,PC,A00,DE94,2022,7.7
A,PC,A00,DEA,2009,13.0
A,PC,A00,DEA,2012,13.2
A,PC,A00,DEA,2015,13.5
A,PC,A00,DEA,2018,14.4
A,PC,A00,DEA,2022,13.0
A,PC,A00,DEA1,2009,20.6
A,PC,A00,DEA1,2012,20.8
A,PC,A00,DEA1,2015,21.0
A,PC,A00,DEA1,2018,20.6
A,PC,A00,DEA1,2022,18.0
A,PC,A00,DEA2,2009,13.6
A,PC,A00,DEA2,2012,13.8
A,PC,A00,DEA2,2015,14.1
A,PC,A00,DEA2,2018,12.9
A,PC,A00,DEA2,2022,13.1
A,PC,A00,DEA3,2009,12.0
A,PC,A00,DEA3,2012,12.3
A,PC,A00,DEA3,2015,12.6
A,PC,A00,DEA3,2018,15.3
A,PC,A00,DEA3,2022,12.2
A,PC,A00,DEA4,2009,6.4
A,PC,A00,DEA4,2012,6.8
A,PC,A00,DEA4,2015,7.3
A,PC,A00,DEA4,2018,10.3
A,PC,A00,DEA4,2022,10.1
A,PC,A00,DEA5,2009,13.6
A,PC,A00,DEA5,2012,13.8
A,PC,A00,DEA5,2015,13.9
A,PC,A00,DEA5,2018,14.2
A,PC,A00,DEA5,2022,12.7
A,PC,A00,DEB,2009,6.7
A,PC,A00,DEB,2012,7.2
A,PC,A00,DEB,2015,7.5
A,PC,A00,DEB,2018,7.8
A,PC,A00,DEB,2022,8.4
A,PC,A00,DEB1,2009,6.4
A,PC,A00,DEB1,2012,6.8
A,PC,A00,DEB1,2015,7.1
A,PC,A00,DEB1,2018,5.6
A,PC,A00,DEB1,2022,8.5
A,PC,A00,DEB2,2009,5.8
A,PC,A00,DEB2,2012,6.5
A,PC,A00,DEB2,2015,6.9
A,PC,A00,DEB2,2018,5.5
A,PC,A00,DEB2,2022,6.7
A,PC,A00,DEB3,2009,7.7
A,PC,A00,DEB3,2012,8.1
A,PC,A00,DEB3,2015,8.3
A,PC,A00,DEB3,2018,12.2
A,PC,A00,DEB3,2022,9.5
A,PC,A00,DEC,2009,11.6
A,PC,A00,DEC,2012,12.6
A,PC,A00,DEC,2015,14.1
A,PC,A00,DEC,2018,10.7
A,PC,A00,DEC,2022,13.1
A,PC,A00,DEC0,2009,11.6
A,PC,A00,DEC0,2012,12.6
A,PC,A00,DEC0,2015,14.1
A,PC,A00,DEC0,2018,10.7
A,PC,A00,DEC0,2022,13.1
A,PC,A00,DED,2009,8.0
A,PC,A00,DED,2012,8.2
A,PC,A00,DED,2015,8.5
A,PC,A00,DED,2018,7.2
A,PC,A00,DED,2022,7.9
A,PC,A00,DED2,2009,7.5
A,PC,A00,DED2,2012,7.6
A,PC,A00,DED2,2015,7.9
A,PC,A00,DED2,2018,6.5
A,PC,A00,DED2,2022,7.5
A,PC,A00,DED4,2009,8.0
A,PC,A00,DED4,2012,8.1
A,PC,A00,DED4,2015,8.3
A,PC,A00,DED4,2018,6.2
A,PC,A00,DED4,2022,7.9
A,PC,A00,DED5,2009,9.2
A,PC,A00,DED5,2012,9.6
A,PC,A00,DED5,2015,10.1
A,PC,A00,DED5,2018,10.1
A,PC,A00,DED5,2022,8.6
A,PC,A00,DEE,2009,4.7
A,PC,A00,DEE,2012,4.9
A,PC,A00,DEE,2015,5.3
A,PC,A00,DEE,2018,5.9
A,PC,A00,DEE,2022,5.7
A,PC,A00,DEE0,2009,4.7
A,PC,A00,DEE0,2012,4.9
A,PC,A00,DEE0,2015,5.3
A,PC,A00,DEE0,2018,5.9
A,PC,A00,DEE0,2022,5.7
A,PC,A00,DEF,2009,6.3
A,PC,A00,DEF,2012,6.4
A,PC,A00,DEF,2015,6.7
A,PC,A00,DEF,2018,7.4
A,PC,A00,DEF,2022,7.5
A,PC,A00,DEF0,2009,6.3
A,PC,A00,DEF0,2012,6.4
A,PC,A00,DEF0,2015,6.7
A,PC,A00,DEF0,2018,7.4
A,PC,A00,DEF0,2022,7.5
A,PC,A00,DEG,2009,5.6
A,PC,A00,DEG,2012,5.9
A,PC,A00,DEG,2015,6.0
A,PC,A00,DEG,2018,5.2
A,PC,A00,DEG,2022,5.8
A,PC,A00,DEG0,2009,5.6
A,PC,A00,DEG0,2012,5.9
A,PC,A00,DEG0,2015,6.0
A,PC,A00,DEG0,2018,5.2
A,PC,A00,DEG0,2022,5.8
A,PC,A00,DK,2009,6.4
A,PC,A00,DK,2012,6.7
A,PC,A00,DK,2015,6.9
A,PC,A00,DK,2018,6.9
A,PC,A00,DK,2022,6.9
A,PC,A00,DK0,2009,6.4
A,PC,A00,DK0,2012,6.7
A,PC,A00,DK0,2015,6.9
A,PC,A00,DK0,2018,6.9
A,PC,A00,DK0,2022,6.9
A,PC,A00,DK01,2009,15.7
A,PC,A00,DK01,2012,16.4
A,PC,A00,DK01,2015,16.9
A,PC,A00,DK01,2018,14.2
A,PC,A00,DK01,2022,16.3
A,PC,A00,DK02,2009,6.2
A,PC,A00,DK02,2012,6.2
A,PC,A00,DK02,2015,6.4
A,PC,A00,DK02,2018,7.9
A,PC,A00,DK02,2022,6.6
A,PC,A00,DK03,2009,6.5
A,PC,A00,DK03,2012,6.8
A,PC,A00,DK03,2015,7.0
A,PC,A00,DK03,2018,6.8
A,PC,A00,DK03,2022,6.6
A,PC,A00,DK04,2009,4.9
A,PC,A00,DK04,2012,5.1
A,PC,A00,DK04,2015,5.2
A,PC,A00,DK04,2018,5.6
A,PC,A00,DK04,2022,6.0
A,PC,A00,DK05,2009,6.1
A,PC,A00,DK05,2012,6.2
A,PC,A00,DK05,2015,6.7
A,PC,A00,DK05,2018,5.7
A,PC,A00,DK05,2022,6.2
A,PC,A00,EE,2009,1.8
A,PC,A00,EE,2012,1.9
A,PC,A00,EE,2015,2.0
A,PC,A00,EE,2018,1.7
A,PC,A00,EE,2022,1.9
A,PC,A00,EE0,2009,1.8
A,PC,A00,EE0,2012,1.9
A,PC,A00,EE0,2015,2.0
A,PC,A00,EE0,2018,1.7
A,PC,A00,EE0,2022,1.9
A,PC,A00,EE00,2009,1.8
A,PC,A00,EE00,2012,1.9
A,PC,A00,EE00,2015,2.0
A,PC,A00,EE00,2018,1.7
A,PC,A00,EE00,2022,1.9
A,PC,A00,EL,2009,2.9
A,PC,A00,EL,2012,3.3
A,PC,A00,EL,2015,3.4
A,PC,A00,EL,2018,4.0
A,PC,A00,EL,2022,4.0
A,PC,A00,EL3,2009,20.5
A,PC,A00,EL3,2012,20.6
A,PC,A00,EL3,2015,20.6
A,PC,A00,EL3,2018,17.4
A,PC,A00,EL3,2022,17.1
A,PC,A00,EL30,2009,20.5
A,PC,A00,EL30,2012,20.6
A,PC,A00,EL30,2015,20.6
A,PC,A00,EL30,2018,17.4
A,PC,A00,EL30,2022,17.1
A,PC,A00,EL4,2009,1.8
A,PC,A00,EL4,2012,3.2
A,PC,A00,EL4,2015,3.4
A,PC,A00,EL4,2018,4.1
A,PC,A00,EL4,2022,4.8
A,PC,A00,EL41,2012,2.2
A,PC,A00,EL41,2015,2.4
A,PC,A00,EL41,2018,4.5
A,PC,A00,EL41,2022,4.9
A,PC,A00,EL42,2012,3.1
A,PC,A00,EL42,2015,3.4
A,PC,A00,EL42,2018,4.4
A,PC,A00,EL42,2022,4.9
A,PC,A00,EL43,2009,3.7
A,PC,A00,EL43,2012,3.8
A,PC,A00,EL43,2015,3.8
A,PC,A00,EL43,2018,3.7
A,PC,A00,EL43,2022,4.6
A,PC,A00,EL5,2009,2.5
A,PC,A00,EL5,2012,2.6
A,PC,A00,EL5,2015,2.8
A,PC,A00,EL5,2018,3.3
A,PC,A00,EL5,2022,3.5
A,PC,A00,EL51,2009,2.3
A,PC,A00,EL51,2012,2.6
A,PC,A00,EL51,2015,2.6
A,PC,A00,EL51,2018,2.7
A,PC,A00,EL51,2022,3.2
A,PC,A00,EL52,2009,3.5
A,PC,A00,EL52,2012,3.6
A,PC,A00,EL52,2015,3.9
A,PC,A00,EL52,2018,5.0
A,PC,A00,EL52,2022,4.7
A,PC,A00,EL53,2009,1.6
A,PC,A00,EL53,2012,1.7
A,PC,A00,EL53,2015,1.9
A,PC,A00,EL53,2018,2.3
A,PC,A00,EL53,2022,2.5
A,PC,A00,EL54,2009,1.8
A,PC,A00,EL54,2012,1.8
A,PC,A00,EL54,2015,1.8
A,PC,A00,EL54,2018,1.5
A,PC,A00,EL54,2022,2.3
A,PC,A00,EL6,2009,2.4
A,PC,A00,EL6,2012,2.7
A,PC,A00,EL6,2015,2.8
A,PC,A00,EL6,2018,3.9
A,PC,A00,EL6,2022,3.4
A,PC,A00,EL61,2009,2.3
A,PC,A00,EL61,2012,2.5
A,PC,A00,EL61,2015,2.7
A,PC,A00,EL61,2018,3.1
A,PC,A00,EL61,2022,3.3
A,PC,A00,EL62,2012,2.0
A,PC,A00,EL62,2015,2.2
A,PC,A00,EL62,2018,6.9
A,PC,A00,EL62,2022,5.1
A,PC,A00,EL63,2009,2.8
A,PC,A00,EL63,2012,2.8
A,PC,A00,EL63,2015,3.1
A,PC,A00,EL63,2018,4.0
A,PC,A00,EL63,2022,3.7
A,PC,A00,EL64,2009,2.3
A,PC,A00,EL64,2012,2.5
A,PC,A00,EL64,2015,2.5
A,PC,A00,EL64,2018,3.2
A,PC,A00,EL64,2022,3.4
A,PC,A00,EL65,2009,2.8
A,PC,A00,EL65,2012,3.0
A,PC,A00,EL65,2015,3.2
A,PC,A00,EL65,2018,4.7
A,PC,A00,EL65,2022,3.3
A,PC,A00,ES,2009,3.2
A,PC,A00,ES,2012,3.3
A,PC,A00,ES,2015,3.4
A,PC,A00,ES,2018,3.7
A,PC,A00,ES,2022,3.9
A,PC,A00,ES1,2009,4.1
A,PC,A00,ES1,2012,4.2
A,PC,A00,ES1,2015,4.3
A,PC,A00,ES1,2018,4.5
A,PC,A00,ES1,2022,4.9
A,PC,A00,ES11,2009,4.4
A,PC,A00,ES11,2012,4.5
A,PC,A00,ES11,2015,4.6
A,PC,A00,ES11,2018,5.0
A,PC,A00,ES11,2022,5.0
A,PC,A00,ES12,2009,3.2
A,PC,A00,ES12,2012,3.3
A,PC,A00,ES12,2015,3.3
A,PC,A00,ES12,2018,3.3
A,PC,A00,ES12,2022,5.1
A,PC,A00,ES13,2009,3.8
A,PC,A00,ES13,2012,4.0
A,PC,A00,ES13,2015,4.1
A,PC,A00,ES13,2018,3.8
A,PC,A00,ES13,2022,4.1
A,PC,A00,ES2,2009,2.6
A,PC,A00,ES2,2012,2.7
A,PC,A00,ES2,2015,2.8
A,PC,A00,ES2,2018,3.0
A,PC,A00,ES2,2022,3.2
A,PC,A00,ES21,2009,5.6
A,PC,A00,ES21,2012,5.9
A,PC,A00,ES21,2015,6.5
A,PC,A00,ES21,2018,5.9
A,PC,A00,ES21,2022,6.6
A,PC,A00,ES22,2009,3.0
A,PC,A00,ES22,2012,3.1
A,PC,A00,ES22,2015,3.2
A,PC,A00,ES22,2018,3.8
A,PC,A00,ES22,2022,3.6
A,PC,A00,ES23,2009,3.4
A,PC,A00,ES23,2012,3.4
A,PC,A00,ES23,2015,3.4
A,PC,A00,ES23,2018,2.7
A,PC,A00,ES23,2022,3.7
A,PC,A00,ES24,2009,2.0
A,PC,A00,ES24,2012,2.0
A,PC,A00,ES24,2015,2.1
A,PC,A00,ES24,2018,2.3
A,PC,A00,ES24,2022,2.6
A,PC,A00,ES3,2009,9.7
A,PC,A00,ES3,2012,10.1
A,PC,A00,ES3,2015,10.6
A,PC,A00,ES3,2018,11.7
A,PC,A00,ES3,2022,11.5
A,PC,A00,ES30,2009,9.7
A,PC,A00,ES30,2012,10.1
A,PC,A00,ES30,2015,10.6
A,PC,A00,ES30,2018,11.7
A,PC,A00,ES30,2022,11.5
A,PC,A00,ES4,2009,2.0
A,PC,A00,ES4,2012,2.0
A,PC,A00,ES4,2015,2.1
A,PC,A00,ES4,2018,2.5
A,PC,A00,ES4,2022,2.7
A,PC,A00,ES41,2009,2.0
A,PC,A00,ES41,2012,2.0
A,PC,A00,ES41,2015,2.1
A,PC,A00,ES41,2018,2.7
A,PC,A00,ES41,2022,2.7
A,PC,A00,ES42,2009,2.1
A,PC,A00,ES42,2012,2.1
A,PC,A00,ES42,2015,2.2
A,PC,A00,ES42,2018,2.5
A,PC,A00,ES42,2022,2.8
A,PC,A00,ES43,2009,1.9
A,PC,A00,ES43,2012,2.0
A,PC,A00,ES43,2015,2.1
A,PC,A00,ES43,2018,2.4
A,PC,A00,ES43,2022,2.4
A,PC,A00,ES5,2009,5.7
A,PC,A00,ES5,2012,6.2
A,PC,A00,ES5,2015,6.4
A,PC,A00,ES5,2018,6.3
A,PC,A00,ES5,2022,6.3
A,PC,A00,ES51,2009,6.3
A,PC,A00,ES51,2012,6.4
A,PC,A00,ES51,2015,6.5
A,PC,A00,ES51,2018,5.3
A,PC,A00,ES51,2022,5.9
A,PC,A00,ES52,2009,6.1
A,PC,A00,ES52,2012,6.2
A,PC,A00,ES52,2015,6.5
A,PC,A00,ES52,2018,7.2
A,PC,A00,ES52,2022,6.9
A,PC,A00,ES53,2012,5.1
A,PC,A00,ES53,2015,5.2
A,PC,A00,ES53,2018,9.1
A,PC,A00,ES53,2022,6.4
A,PC,A00,ES6,2009,3.6
A,PC,A00,ES6,2012,3.7
A,PC,A00,ES6,2015,3.8
A,PC,A00,ES6,2018,4.2
A,PC,A00,ES6,2022,4.7
A,PC,A00,ES61,2009,3.3
A,PC,A00,ES61,2012,3.3
A,PC,A00,ES61,2015,3.4
A,PC,A00,ES61,2018,3.8
A,PC,A00,ES61,2022,4.3
A,PC,A00,ES62,2009,6.2
A,PC,A00,ES62,2012,6.4
A,PC,A00,ES62,2015,6.7
A,PC,A00,ES62,2018,7.1
A,PC,A00,ES62,2022,7.4
A,PC,A00,EU,2022,4.4
A,PC,A00,EU27_2007,2012,4.0
A,PC,A00,EU27_2007,2015,4.2
A,PC,A00,EU27_2007,2018,4.4
A,PC,A00,EU27_2020,2015,4.1
A,PC,A00,EU27_2020,2018,4.2
A,PC,A00,EU28,2015,4.2
A,PC,A00,EU28,2018,4.4
A,PC,A00,EU_V,2009,4.1
A,PC,A00,EU_V,2012,4.2
A,PC,A00,EU_V,2015,4.4
A,PC,A00,EU_V,2018,4.5
A,PC,A00,FI,2009,1.5
A,PC,A00,FI,2012,1.6
A,PC,A00,FI,2015,1.6
A,PC,A00,FI,2018,1.7
A,PC,A00,FI,2022,2.1
A,PC,A00,FI1,2009,1.5
A,PC,A00,FI1,2012,1.6
A,PC,A00,FI1,2015,1.6
A,PC,A00,FI1,2018,1.7
A,PC,A00,FI1,2022,2.1
A,PC,A00,FI19,2009,2.4
A,PC,A00,FI19,2012,2.6
A,PC,A00,FI19,2015,2.7
A,PC,A00,FI19,2018,2.2
A,PC,A00,FI19,2022,2.9
A,PC,A00,FI1B,2009,4.7
A,PC,A00,FI1B,2012,5.1
A,PC,A00,FI1B,2015,5.3
A,PC,A00,FI1B,2018,5.5
A,PC,A00,FI1B,2022,6.6
A,PC,A00,FI1C,2009,2.8
A,PC,A00,FI1C,2012,2.9
A,PC,A00,FI1C,2015,3.0
A,PC,A00,FI1C,2018,3.3
A,PC,A00,FI1C,2022,3.4
A,PC,A00,FI1D,2009,0.9
A,PC,A00,FI1D,2012,0.9
A,PC,A00,FI1D,2015,1.0
A,PC,A00,FI1D,2018,1.1
A,PC,A00,FI1D,2022,1.5
A,PC,A00,FI2,2018,1.3
A,PC,A00,FI2,2022,2.2
A,PC,A00,FI20,2018,1.3
A,PC,A00,FI20,2022,2.2
A,PC,A00,FR,2009,5.1
A,PC,A00,FR,2012,5.2
A,PC,A00,FR,2015,5.4
A,PC,A00,FR,2018,5.6
A,PC,A00,FR,2022,5.6
A,PC,A00,FR1,2009,11.5
A,PC,A00,FR1,2012,12.5
A,PC,A00,FR1,2015,13.6
A,PC,A00,FR1,2018,14.5
A,PC,A00,FR1,2022,13.9
A,PC,A00,FR10,2009,11.5
A,PC,A00,FR10,2012,12.5
A,PC,A00,FR10,2015,13.6
A,PC,A00,FR10,2018,14.5
A,PC,A00,FR10,2022,13.9
A,PC,A00,FR2,2009,3.9
A,PC,A00,FR2,2012,4.0
A,PC,A00,FR2,2015,4.2
A,PC,A00,FR21,2009,3.4
A,PC,A00,FR21,2012,3.5
A,PC,A00,FR21,2015,3.7
A,PC,A00,FR22,2009,3.9
A,PC,A00,FR22,2012,4.0
A,PC,A00,FR22,2015,4.2
A,PC,A00,FR23,2009,5.2
A,PC,A00,FR23,2012,5.3
A,PC,A00,FR23,2015,5.7
A,PC,A00,FR24,2009,3.9
A,PC,A00,FR24,2012,4.0
A,PC,A00,FR24,2015,4.1
A,PC,A00,FR25,2009,5.3
A,PC,A00,FR25,2012,5.5
A,PC,A00,FR25,2015,5.7
A,PC,A00,FR26,2009,3.1
A,PC,A00,FR26,2012,3.3
A,PC,A00,FR26,2015,3.4
A,PC,A00,FR3,2009,9.3
A,PC,A00,FR3,2012,9.7
A,PC,A00,FR3,2015,10.0
A,PC,A00,FR30,2009,9.3
A,PC,A00,FR30,2012,9.7
A,PC,A00,FR30,2015,10.0
A,PC,A00,FR4,2009,4.8
A,PC,A00,FR4,2012,5.0
A,PC,A00,FR4,2015,5.1
A,PC,A00,FR41,2009,4.4
A,PC,A00,FR41,2012,4.5
A,PC,A00,FR41,2015,4.7
A,PC,A00,FR42,2009,8.5
A,PC,A00,FR42,2012,8.8
A,PC,A00,FR42,2015,8.9
A,PC,A00,FR43,2009,3.7
A,PC,A00,FR43,2012,3.8
A,PC,A00,FR43,2015,3.9
A,PC,A00,FR5,2009,6.7
A,PC,A00,FR5,2012,6.7
A,PC,A00,FR5,2015,6.8
A,PC,A00,FR51,2009,7.1
A,PC,A00,FR51,2012,7.1
A,PC,A00,FR51,2015,7.1
A,PC,A00,FR52,2009,7.5
A,PC,A00,FR52,2012,7.6
A,PC,A00,FR52,2015,7.7
A,PC,A00,FR53,2009,5.2
A,PC,A00,FR53,2012,5.3
A,PC,A00,FR53,2015,5.5
A,PC,A00,FR6,2009,4.3
A,PC,A00,FR6,2012,4.4
A,PC,A00,FR6,2015,4.5
A,PC,A00,FR61,2009,5.0
A,PC,A00,FR61,2012,5.1
A,PC,A00,FR61,2015,5.2
A,PC,A00,FR62,2009,3.7
A,PC,A00,FR62,2012,3.8
A,PC,A00,FR62,2015,3.9
A,PC,A00,FR63,2009,4.2
A,PC,A00,FR63,2012,4.2
A,PC,A00,FR63,2015,4.4
A,PC,A00,FR7,2009,5.1
A,PC,A00,FR7,2012,5.2
A,PC,A00,FR7,2015,5.3
A,PC,A00,FR71,2009,5.6
A,PC,A00,FR71,2012,5.7
A,PC,A00,FR71,2015,5.9
A,PC,A00,FR72,2009,4.2
A,PC,A00,FR72,2012,4.4
A,PC,A00,FR72,2015,4.4
A,PC,A00,FR8,2009,5.0
A,PC,A00,FR8,2012,5.1
A,PC,A00,FR8,2015,5.1
A,PC,A00,FR81,2009,5.1
A,PC,A00,FR81,2012,5.2
A,PC,A00,FR81,2015,5.2
A,PC,A00,FR82,2009,5.9
A,PC,A00,FR82,2012,6.0
A,PC,A00,FR82,2015,6.0
A,PC,A00,FR83,2009,1.1
A,PC,A00,FR83,2012,1.4
A,PC,A00,FR83,2015,1.5
A,PC,A00,FRB,2018,3.7
A,PC,A00,FRB,2022,4.5
A,PC,A00,FRB0,2018,3.7
A,PC,A00,FRB0,2022,4.5
A,PC,A00,FRC,2018,3.7
A,PC,A00,FRC,2022,3.8
A,PC,A00,FRC1,2018,3.6
A,PC,A00,FRC1,2022,3.5
A,PC,A00,FRC2,2018,4.0
A,PC,A00,FRC2,2022,4.3
A,PC,A00,FRD,2018,6.5
A,PC,A00,FRD,2022,5.8
A,PC,A00,FRD1,2018,6.6
A,PC,A00,FRD1,2022,6.0
A,PC,A00,FRD2,2018,6.3
A,PC,A00,FRD2,2022,5.5
A,PC,A00,FRE,2018,7.5
A,PC,A00,FRE,2022,7.3
A,PC,A00,FRE1,2018,9.0
A,PC,A00,FRE1,2022,10.9
A,PC,A00,FRE2,2018,6.5
A,PC,A00,FRE2,2022,5.0
A,PC,A00,FRF,2018,5.4
A,PC,A00,FRF,2022,5.2
A,PC,A00,FRF1,2018,8.9
A,PC,A00,FRF1,2022,8.4
A,PC,A00,FRF2,2018,4.2
A,PC,A00,FRF2,2022,4.3
A,PC,A00,FRF3,2018,5.6
A,PC,A00,FRF3,2022,5.1
A,PC,A00,FRG,2018,7.4
A,PC,A00,FRG,2022,7.7
A,PC,A00,FRG0,2018,7.4
A,PC,A00,FRG0,2022,7.7
A,PC,A00,FRH,2018,7.7
A,PC,A00,FRH,2022,8.2
A,PC,A00,FRH0,2018,7.7
A,PC,A00,FRH0,2022,8.2
A,PC,A00,FRI,2018,5.1
A,PC,A00,FRI,2022,5.2
A,PC,A00,FRI1,2018,5.0
A,PC,A00,FRI1,2022,5.3
A,PC,A00,FRI2,2018,4.3
A,PC,A00,FRI2,2022,4.2
A,PC,A00,FRI3,2018,5.8
A,PC,A00,FRI3,2022,5.7
A,PC,A00,FRJ,2018,4.8
A,PC,A00,FRJ,2022,4.9
A,PC,A00,FRJ1,2018,5.5
A,PC,A00,FRJ1,2022,5.9
A,PC,A00,FRJ2,2018,4.3
A,PC,A00,FRJ2,2022,4.2
A,PC,A00,FRK,2018,5.5
A,PC,A00,FRK,2022,5.4
A,PC,A00,FRK1,2018,4.3
A,PC,A00,FRK1,2022,4.2
A,PC,A00,FRK2,2018,6.2
A,PC,A00,FRK2,2022,6.1
A,PC,A00,FRL,2018,5.8
A,PC,A00,FRL,2022,5.9
A,PC,A00,FRL0,2018,5.8
A,PC,A00,FRL0,2022,5.9
A,PC,A00,FRM,2018,3.4
A,PC,A00,FRM,2022,2.3
A,PC,A00,FRM0,2018,3.4
A,PC,A00,FRM0,2022,2.3
A,PC,A00,HR,2015,3.7
A,PC,A00,HR,2018,3.2
A,PC,A00,HR,2022,3.1
A,PC,A00,HR0,2015,3.7
A,PC,A00,HR0,2018,3.2
A,PC,A00,HR0,2022,3.1
A,PC,A00,HR02,2022,2.4
A,PC,A00,HR03,2015,3.6
A,PC,A00,HR03,2018,2.5
A,PC,A00,HR03,2022,2.7
A,PC,A00,HR04,2015,3.7
A,PC,A00,HR04,2018,3.7
A,PC,A00,HR05,2022,16.7
A,PC,A00,HR06,2022,5.1
A,PC,A00,HU,2009,3.6
A,PC,A00,HU,2012,3.8
A,PC,A00,HU,2015,4.1
A,PC,A00,HU,2018,4.0
A,PC,A00,HU,2022,4.0
A,PC,A00,HU1,2009,8.8
A,PC,A00,HU1,2012,9.3
A,PC,A00,HU1,2015,10.1
A,PC,A00,HU1,2018,9.8
A,PC,A00,HU1,2022,9.3
A,PC,A00,HU10,2009,8.8
A,PC,A00,HU10,2012,9.3
A,PC,A00,HU10,2015,10.1
A,PC,A00,HU11,2018,56.0
A,PC,A00,HU11,2022,37.5
A,PC,A00,HU12,2018,6.0
A,PC,A00,HU12,2022,6.9
A,PC,A00,HU2,2009,3.2
A,PC,A00,HU2,2012,3.5
A,PC,A00,HU2,2015,3.8
A,PC,A00,HU2,2018,3.7
A,PC,A00,HU2,2022,3.8
A,PC,A00,HU21,2009,4.0
A,PC,A00,HU21,2012,4.1
A,PC,A00,HU21,2015,4.3
A,PC,A00,HU21,2018,4.4
A,PC,A00,HU21,2022,4.9
A,PC,A00,HU22,2009,2.9
A,PC,A00,HU22,2012,3.1
A,PC,A00,HU22,2015,3.5
A,PC,A00,HU22,2018,4.0
A,PC,A00,HU22,2022,3.7
A,PC,A00,HU23,2009,3.0
A,PC,A00,HU23,2012,3.2
A,PC,A00,HU23,2015,3.7
A,PC,A00,HU23,2018,2.9
A,PC,A00,HU23,2022,2.9
A,PC,A00,HU3,2009,3.1
A,PC,A00,HU3,2012,3.3
A,PC,A00,HU3,2015,3.5
A,PC,A00,HU3,2018,3.5
A,PC,A00,HU3,2022,3.5
A,PC,A00,HU31,2009,2.9
A,PC,A00,HU31,2012,3.0
A,PC,A00,HU31,2015,3.3
A,PC,A00,HU31,2018,3.0
A,PC,A00,HU31,2022,3.0
A,PC,A00,HU32,2009,3.2
A,PC,A00,HU32,2012,3.3
A,PC,A00,HU32,2015,3.6
A,PC,A00,HU32,2018,4.0
A,PC,A00,HU32,2022,4.0
A,PC,A00,HU33,2009,3.3
A,PC,A00,HU33,2012,3.4
A,PC,A00,HU33,2015,3.4
A,PC,A00,HU33,2018,3.3
A,PC,A00,HU33,2022,3.3
A,PC,A00,IE,2009,3.7
A,PC,A00,IE,2012,3.8
A,PC,A00,IE,2015,3.8
A,PC,A00,IE,2018,4.2
A,PC,A00,IE,2022,4.6
A,PC,A00,IE0,2009,3.7
A,PC,A00,IE0,2012,3.8
A,PC,A00,IE0,2015,3.8
A,PC,A00,IE0,2018,4.2
A,PC,A00,IE0,2022,4.6
A,PC,A00,IE01,2009,2.5
A,PC,A00,IE01,2012,2.7
A,PC,A00,IE01,2015,2.7
A,PC,A00,IE02,2009,4.8
A,PC,A00,IE02,2012,4.9
A,PC,A00,IE02,2015,4.9
A,PC,A00,IE04,2018,2.8
A,PC,A00,IE04,2022,2.7
A,PC,A00,IE05,2018,5.1
A,PC,A00,IE05,2022,5.1
A,PC,A00,IE06,2018,5.0
A,PC,A00,IE06,2022,6.9
A,PC,A00,IT,2009,6.6
A,PC,A00,IT,2012,6.8
A,PC,A00,IT,2015,6.9
A,PC,A00,IT,2018,6.6
A,PC,A00,IT,2022,6.5
A,PC,A00,ITC,2009,8.5
A,PC,A00,ITC,2012,8.6
A,PC,A00,ITC,2015,8.7
A,PC,A00,ITC,2018,7.8
A,PC,A00,ITC,2022,7.2
A,PC,A00,ITC1,2009,6.7
A,PC,A00,ITC1,2012,6.8
A,PC,A00,ITC1,2015,6.9
A,PC,A00,ITC1,2018,6.3
A,PC,A00,ITC1,2022,5.6
A,PC,A00,ITC2,2009,2.6
A,PC,A00,ITC2,2012,2.8
A,PC,A00,ITC2,2015,3.0
A,PC,A00,ITC2,2018,2.5
A,PC,A00,ITC2,2022,2.3
A,PC,A00,ITC3,2009,7.9
A,PC,A00,ITC3,2012,8.0
A,PC,A00,ITC3,2015,8.7
A,PC,A00,ITC3,2018,4.5
A,PC,A00,ITC3,2022,7.1
A,PC,A00,ITC4,2009,11.4
A,PC,A00,ITC4,2012,11.4
A,PC,A00,ITC4,2015,11.5
A,PC,A00,ITC4,2018,10.8
A,PC,A00,ITC4,2022,9.6
A,PC,A00,ITF,2009,6.2
A,PC,A00,ITF,2012,6.4
A,PC,A00,ITF,2015,6.6
A,PC,A00,ITF,2018,6.3
A,PC,A00,ITF,2022,6.3
A,PC,A00,ITF1,2009,4.8
A,PC,A00,ITF1,2012,4.9
A,PC,A00,ITF1,2015,5.0
A,PC,A00,ITF1,2018,5.1
A,PC,A00,ITF1,2022,5.1
A,PC,A00,ITF2,2009,1.9
A,PC,A00,ITF2,2012,2.2
A,PC,A00,ITF2,2015,2.5
A,PC,A00,ITF2,2018,4.3
A,PC,A00,ITF2,2022,3.4
A,PC,A00,ITF3,2009,10.5
A,PC,A00,ITF3,2012,10.7
A,PC,A00,ITF3,2015,10.8
A,PC,A00,ITF3,2018,10.4
A,PC,A00,ITF3,2022,11.1
A,PC,A00,ITF4,2009,7.1
A,PC,A00,ITF4,2012,7.4
A,PC,A00,ITF4,2015,7.7
A,PC,A00,ITF4,2018,6.7
A,PC,A00,ITF4,2022,6.7
A,PC,A00,ITF5,2009,3.1
A,PC,A00,ITF5,2012,3.5
A,PC,A00,ITF5,2015,3.6
A,PC,A00,ITF5,2018,3.5
A,PC,A00,ITF5,2022,3.8
A,PC,A00,ITF6,2009,5.4
A,PC,A00,ITF6,2012,5.6
A,PC,A00,ITF6,2015,5.7
A,PC,A00,ITF6,2018,5.4
A,PC,A00,ITF6,2022,4.6
A,PC,A00,ITG,2009,5.3
A,PC,A00,ITG,2012,5.5
A,PC,A00,ITG,2015,5.6
A,PC,A00,ITG,2018,4.9
A,PC,A00,ITG,2022,5.5
A,PC,A00,ITG1,2009,6.7
A,PC,A00,ITG1,2012,6.9
A,PC,A00,ITG1,2015,7.2
A,PC,A00,ITG1,2018,5.7
A,PC,A00,ITG1,2022,6.5
A,PC,A00,ITG2,2009,3.7
A,PC,A00,ITG2,2012,3.9
A,PC,A00,ITG2,2015,4.0
A,PC,A00,ITG2,2018,4.1
A,PC,A00,ITG2,2022,4.3
A,PC,A00,ITH,2009,6.7
A,PC,A00,ITH,2012,6.9
A,PC,A00,ITH,2015,7.1
A,PC,A00,ITH,2018,7.1
A,PC,A00,ITH,2022,7.2
A,PC,A00,ITH1,2009,2.2
A,PC,A00,ITH1,2012,2.7
A,PC,A00,ITH1,2015,2.8
A,PC,A00,ITH1,2018,2.4
A,PC,A00,ITH1,2022,2.2
A,PC,A00,ITH2,2009,2.3
A,PC,A00,ITH2,2012,2.4
A,PC,A00,ITH2,2015,2.7
A,PC,A00,ITH2,2018,2.9
A,PC,A00,ITH2,2022,2.6
A,PC,A00,ITH3,2009,9.9
A,PC,A00,ITH3,2012,10.1
A,PC,A00,ITH3,2015,10.3
A,PC,A00,ITH3,2018,9.4
A,PC,A00,ITH3,2022,10.5
A,PC,A00,ITH4,2009,4.7
A,PC,A00,ITH4,2012,5.0
A,PC,A00,ITH4,2015,5.2
A,PC,A00,ITH4,2018,5.4
A,PC,A00,ITH4,2022,6.4
A,PC,A00,ITH5,2009,7.6
A,PC,A00,ITH5,2012,7.7
A,PC,A00,ITH5,2015,7.8
A,PC,A00,ITH5,2018,8.5
A,PC,A00,ITH5,2022,7.6
A,PC,A00,ITI,2009,6.2
A,PC,A00,ITI,2012,6.3
A,PC,A00,ITI,2015,6.5
A,PC,A00,ITI,2018,6.5
A,PC,A00,ITI,2022,6.1
A,PC,A00,ITI1,2009,5.9
A,PC,A00,ITI1,2012,6.0
A,PC,A00,ITI1,2015,6.0
A,PC,A00,ITI1,2018,5.8
A,PC,A00,ITI1,2022,5.5
A,PC,A00,ITI2,2009,4.4
A,PC,A00,ITI2,2012,4.6
A,PC,A00,ITI2,2015,5.0
A,PC,A00,ITI2,2018,5.2
A,PC,A00,ITI2,2022,4.8
A,PC,A00,ITI3,2009,5.9
A,PC,A00,ITI3,2012,6.3
A,PC,A00,ITI3,2015,6.5
A,PC,A00,ITI3,2018,7.2
A,PC,A00,ITI3,2022,6.3
A,PC,A00,ITI4,2009,7.7
A,PC,A00,ITI4,2012,7.8
A,PC,A00,ITI4,2015,7.9
A,PC,A00,ITI4,2018,7.7
A,PC,A00,ITI4,2022,7.4
A,PC,A00,LT,2009,2.6
A,PC,A00,LT,2012,2.7
A,PC,A00,LT,2015,2.8
A,PC,A00,LT,2018,2.1
A,PC,A00,LT,2022,2.2
A,PC,A00,LT0,2009,2.6
A,PC,A00,LT0,2012,2.7
A,PC,A00,LT0,2015,2.8
A,PC,A00,LT0,2018,2.1
A,PC,A00,LT0,2022,2.2
A,PC,A00,LT00,2009,2.6
A,PC,A00,LT00,2012,2.7
A,PC,A00,LT00,2015,2.8
A,PC,A00,LT01,2018,2.4
A,PC,A00,LT01,2022,2.7
A,PC,A00,LT02,2018,2.1
A,PC,A00,LT02,2022,2.1
A,PC,A00,LU,2009,8.9
A,PC,A00,LU,2012,9.7
A,PC,A00,LU,2015,9.8
A,PC,A00,LU,2018,7.4
A,PC,A00,LU,2022,9.2
A,PC,A00,LU0,2009,8.9
A,PC,A00,LU0,2012,9.7
A,PC,A00,LU0,2015,9.8
A,PC,A00,LU0,2018,7.4
A,PC,A00,LU0,2022,9.2
A,PC,A00,LU00,2009,8.9
A,PC,A00,LU00,2012,9.7
A,PC,A00,LU00,2015,9.8
A,PC,A00,LU00,2018,7.4
A,PC,A00,LU00,2022,9.2
A,PC,A00,LV,2009,1.5
A,PC,A00,LV,2012,1.6
A,PC,A00,LV,2015,1.6
A,PC,A00,LV,2018,1.7
A,PC,A00,LV,2022,1.9
A,PC,A00,LV0,2009,1.5
A,PC,A00,LV0,2012,1.6
A,PC,A00,LV0,2015,1.6
A,PC,A00,LV0,2018,1.7
A,PC,A00,LV0,2022,1.9
A,PC,A00,LV00,2009,1.5
A,PC,A00,LV00,2012,1.6
A,PC,A00,LV00,2015,1.6
A,PC,A00,LV00,2018,1.7
A,PC,A00,LV00,2022,1.9
A,PC,A00,MT,2012,23.8
A,PC,A00,MT,2015,23.7
A,PC,A00,MT,2018,27.5
A,PC,A00,MT,2022,25.9
A,PC,A00,MT0,2012,23.8
A,PC,A00,MT0,2015,23.7
A,PC,A00,MT0,2018,27.5
A,PC,A00,MT0,2022,25.9
A,PC,A00,MT00,2012,23.8
A,PC,A00,MT00,2015,23.7
A,PC,A00,MT00,2018,27.5
A,PC,A00,MT00,2022,25.9
A,PC,A00,NL,2009,10.8
A,PC,A00,NL,2012,11.5
A,PC,A00,NL,2015,12.1
A,PC,A00,NL,2018,12.6
A,PC,A00,NL,2022,13.0
A,PC,A00,NL1,2009,6.7
A,PC,A00,NL1,2012,7.2
A,PC,A00,NL1,2015,7.6
A,PC,A00,NL1,2018,6.6
A,PC,A00,NL1,2022,7.8
A,PC,A00,NL11,2009,10.9
A,PC,A00,NL11,2012,11.2
A,PC,A00,NL11,2015,11.8
A,PC,A00,NL11,2018,9.1
A,PC,A00,NL11,2022,10.5
A,PC,A00,NL12,2009,4.0
A,PC,A00,NL12,2012,4.1
A,PC,A00,NL12,2015,4.2
A,PC,A00,NL12,2018,5.2
A,PC,A00,NL12,2022,6.4
A,PC,A00,NL13,2009,7.0
A,PC,A00,NL13,2012,8.0
A,PC,A00,NL13,2015,8.9
A,PC,A00,NL13,2018,6.5
A,PC,A00,NL13,2022,7.6
A,PC,A00,NL2,2009,8.9
A,PC,A00,NL2,2012,9.4
A,PC,A00,NL2,2015,9.9
A,PC,A00,NL2,2018,9.6
A,PC,A00,NL2,2022,10.4
A,PC,A00,NL21,2009,8.9
A,PC,A00,NL21,2012,9.2
A,PC,A00,NL21,2015,10.0
A,PC,A00,NL21,2018,9.8
A,PC,A00,NL21,2022,10.1
A,PC,A00,NL22,2009,10.6
A,PC,A00,NL22,2012,11.0
A,PC,A00,NL22,2015,11.2
A,PC,A00,NL22,2018,11.9
A,PC,A00,NL22,2022,12.4
A,PC,A00,NL23,2009,5.5
A,PC,A00,NL23,2012,6.3
A,PC,A00,NL23,2015,6.7
A,PC,A00,NL23,2018,4.5
A,PC,A00,NL23,2022,6.5
A,PC,A00,NL3,2009,13.8
A,PC,A00,NL3,2012,14.7
A,PC,A00,NL3,2015,16.0
A,PC,A00,NL3,2018,17.9
A,PC,A00,NL3,2022,18.2
A,PC,A00,NL31,2009,13.0
A,PC,A00,NL31,2012,14.4
A,PC,A00,NL31,2015,15.8
A,PC,A00,NL31,2018,18.4
A,PC,A00,NL32,2009,13.7
A,PC,A00,NL32,2012,14.6
A,PC,A00,NL32,2015,15.6
A,PC,A00,NL32,2018,16.6
A,PC,A00,NL32,2022,16.6
A,PC,A00,NL33,2009,18.9
A,PC,A00,NL33,2012,20.0
A,PC,A00,NL33,2015,21.3
A,PC,A00,NL33,2018,23.5
A,PC,A00,NL34,2009,6.2
A,PC,A00,NL34,2012,6.1
A,PC,A00,NL34,2015,7.9
A,PC,A00,NL34,2018,10.7
A,PC,A00,NL34,2022,10.8
A,PC,A00,NL35,2022,16.6
A,PC,A00,NL36,2022,25.2
A,PC,A00,NL4,2009,14.7
A,PC,A00,NL4,2012,15.6
A,PC,A00,NL4,2015,16.0
A,PC,A00,NL4,2018,17.2
A,PC,A00,NL4,2022,16.1
A,PC,A00,NL41,2009,15.3
A,PC,A00,NL41,2012,15.9
A,PC,A00,NL41,2015,16.2
A,PC,A00,NL41,2018,17.1
A,PC,A00,NL41,2022,16.0
A,PC,A00,NL42,2009,13.4
A,PC,A00,NL42,2012,14.9
A,PC,A00,NL42,2015,15.5
A,PC,A00,NL42,2018,17.5
A,PC,A00,NL42,2022,16.3
A,PC,A00,PL,2009,3.2
A,PC,A00,PL,2012,3.3
A,PC,A00,PL,2015,3.5
A,PC,A00,PL,2018,3.6
A,PC,A00,PL,2022,3.9
A,PC,A00,PL1,2009,4.0
A,PC,A00,PL1,2012,4.1
A,PC,A00,PL1,2015,4.3
A,PC,A00,PL11,2009,4.6
A,PC,A00,PL11,2012,4.8
A,PC,A00,PL11,2015,5.0
A,PC,A00,PL12,2009,3.7
A,PC,A00,PL12,2012,3.8
A,PC,A00,PL12,2015,3.9
A,PC,A00,PL2,2009,6.5
A,PC,A00,PL2,2012,6.5
A,PC,A00,PL2,2015,6.6
A,PC,A00,PL2,2018,5.9
A,PC,A00,PL2,2022,6.8
A,PC,A00,PL21,2009,4.7
A,PC,A00,PL21,2012,4.7
A,PC,A00,PL21,2015,4.9
A,PC,A00,PL21,2018,4.2
A,PC,A00,PL21,2022,5.1
A,PC,A00,PL22,2009,8.7
A,PC,A00,PL22,2012,8.7
A,PC,A00,PL22,2015,8.7
A,PC,A00,PL22,2018,8.1
A,PC,A00,PL22,2022,8.8
A,PC,A00,PL3,2009,2.7
A,PC,A00,PL3,2012,2.8
A,PC,A00,PL3,2015,3.0
A,PC,A00,PL31,2009,2.7
A,PC,A00,PL31,2012,2.7
A,PC,A00,PL31,2015,2.7
A,PC,A00,PL32,2009,3.0
A,PC,A00,PL32,2012,3.0
A,PC,A00,PL32,2015,3.3
A,PC,A00,PL33,2009,3.0
A,PC,A00,PL33,2012,3.3
A,PC,A00,PL33,2015,3.7
A,PC,A00,PL34,2009,2.5
A,PC,A00,PL34,2012,2.6
A,PC,A00,PL34,2015,2.6
A,PC,A00,PL4,2009,2.7
A,PC,A00,PL4,2012,2.9
A,PC,A00,PL4,2015,2.9
A,PC,A00,PL4,2018,3.3
A,PC,A00,PL4,2022,3.5
A,PC,A00,PL41,2009,3.6
A,PC,A00,PL41,2012,3.8
A,PC,A00,PL41,2015,3.9
A,PC,A00,PL41,2018,4.1
A,PC,A00,PL41,2022,4.2
A,PC,A00,PL42,2009,1.9
A,PC,A00,PL42,2012,2.0
A,PC,A00,PL42,2015,2.0
A,PC,A00,PL42,2018,2.4
A,PC,A00,PL42,2022,2.3
A,PC,A00,PL43,2009,2.2
A,PC,A00,PL43,2012,2.2
A,PC,A00,PL43,2015,2.3
A,PC,A00,PL43,2018,2.8
A,PC,A00,PL43,2022,4.0
A,PC,A00,PL5,2009,3.0
A,PC,A00,PL5,2012,3.1
A,PC,A00,PL5,2015,3.3
A,PC,A00,PL5,2018,3.3
A,PC,A00,PL5,2022,3.7
A,PC,A00,PL51,2009,3.2
A,PC,A00,PL51,2012,3.3
A,PC,A00,PL51,2015,3.5
A,PC,A00,PL51,2018,3.9
A,PC,A00,PL51,2022,4.0
A,PC,A00,PL52,2009,2.4
A,PC,A00,PL52,2012,2.6
A,PC,A00,PL52,2015,2.8
A,PC,A00,PL52,2018,2.1
A,PC,A00,PL52,2022,2.9
A,PC,A00,PL6,2009,2.3
A,PC,A00,PL6,2012,2.4
A,PC,A00,PL6,2015,2.5
A,PC,A00,PL6,2018,3.3
A,PC,A00,PL6,2022,3.1
A,PC,A00,PL61,2009,2.4
A,PC,A00,PL61,2012,2.6
A,PC,A00,PL61,2015,2.8
A,PC,A00,PL61,2018,3.4
A,PC,A00,PL61,2022,3.3
A,PC,A00,PL62,2009,2.1
A,PC,A00,PL62,2012,2.2
A,PC,A00,PL62,2015,2.2
A,PC,A00,PL62,2018,3.1
A,PC,A00,PL62,2022,2.3
A,PC,A00,PL63,2009,2.5
A,PC,A00,PL63,2012,2.4
A,PC,A00,PL63,2015,2.5
A,PC,A00,PL63,2018,3.4
A,PC,A00,PL63,2022,4.0
A,PC,A00,PL7,2018,4.0
A,PC,A00,PL7,2022,4.0
A,PC,A00,PL71,2018,4.2
A,PC,A00,PL71,2022,4.5
A,PC,A00,PL72,2018,3.6
A,PC,A00,PL72,2022,3.2
A,PC,A00,PL8,2018,2.9
A,PC,A00,PL8,2022,3.6
A,PC,A00,PL81,2018,2.6
A,PC,A00,PL81,2022,3.0
A,PC,A00,PL82,2018,2.9
A,PC,A00,PL82,2022,5.6
A,PC,A00,PL84,2018,3.1
A,PC,A00,PL84,2022,2.5
A,PC,A00,PL9,2018,4.2
A,PC,A00,PL9,2022,4.7
A,PC,A00,PL91,2018,9.8
A,PC,A00,PL91,2022,9.5
A,PC,A00,PL92,2018,3.0
A,PC,A00,PL92,2022,3.6
A,PC,A00,PT,2009,5.1
A,PC,A00,PT,2012,5.2
A,PC,A00,PT,2015,5.3
A,PC,A00,PT,2018,6.4
A,PC,A00,PT,2022,6.3
A,PC,A00,PT1,2009,5.1
A,PC,A00,PT1,2012,5.2
A,PC,A00,PT1,2015,5.3
A,PC,A00,PT1,2018,6.4
A,PC,A00,PT1,2022,6.3
A,PC,A00,PT11,2009,6.8
A,PC,A00,PT11,2012,6.9
A,PC,A00,PT11,2015,7.0
A,PC,A00,PT11,2018,9.4
A,PC,A00,PT11,2022,8.0
A,PC,A00,PT15,2009,5.7
A,PC,A00,PT15,2012,6.2
A,PC,A00,PT15,2015,6.7
A,PC,A00,PT15,2018,6.0
A,PC,A00,PT15,2022,6.1
A,PC,A00,PT16,2009,5.8
A,PC,A00,PT16,2012,5.9
A,PC,A00,PT16,2015,6.0
A,PC,A00,PT16,2018,6.9
A,PC,A00,PT17,2009,14.6
A,PC,A00,PT17,2012,15.4
A,PC,A00,PT17,2015,15.8
A,PC,A00,PT17,2018,18.9
A,PC,A00,PT18,2009,2.3
A,PC,A00,PT18,2012,2.4
A,PC,A00,PT18,2015,2.5
A,PC,A00,PT18,2018,2.8
A,PC,A00,PT19,2022,6.4
A,PC,A00,PT1A,2022,18.7
A,PC,A00,PT1B,2022,16.6
A,PC,A00,PT1C,2022,2.9
A,PC,A00,PT1D,2022,9.2
A,PC,A00,RO,2012,2.0
A,PC,A00,RO,2015,2.2
A,PC,A00,RO,2018,2.8
A,PC,A00,RO,2022,2.8
A,PC,A00,RO1,2012,1.7
A,PC,A00,RO1,2015,1.8
A,PC,A00,RO1,2018,2.5
A,PC,A00,RO1,2022,2.6
A,PC,A00,RO11,2012,1.9
A,PC,A00,RO11,2015,2.1
A,PC,A00,RO11,2018,2.5
A,PC,A00,RO11,2022,2.7
A,PC,A00,RO12,2012,1.5
A,PC,A00,RO12,2015,1.5
A,PC,A00,RO12,2018,2.5
A,PC,A00,RO12,2022,2.6
A,PC,A00,RO2,2012,1.9
A,PC,A00,RO2,2015,2.0
A,PC,A00,RO2,2018,2.7
A,PC,A00,RO2,2022,2.6
A,PC,A00,RO21,2012,2.1
A,PC,A00,RO21,2015,2.2
A,PC,A00,RO21,2018,2.7
A,PC,A00,RO21,2022,2.7
A,PC,A00,RO22,2012,1.7
A,PC,A00,RO22,2015,1.8
A,PC,A00,RO22,2018,2.7
A,PC,A00,RO22,2022,2.6
A,PC,A00,RO3,2012,3.0
A,PC,A00,RO3,2015,3.2
A,PC,A00,RO3,2018,4.3
A,PC,A00,RO3,2022,4.1
A,PC,A00,RO31,2012,2.5
A,PC,A00,RO31,2015,2.6
A,PC,A00,RO31,2018,3.7
A,PC,A00,RO31,2022,3.4
A,PC,A00,RO32,2012,13.8
A,PC,A00,RO32,2015,15.3
A,PC,A00,RO32,2018,16.5
A,PC,A00,RO32,2022,16.5
A,PC,A00,RO4,2012,2.0
A,PC,A00,RO4,2015,2.1
A,PC,A00,RO4,2018,2.5
A,PC,A00,RO4,2022,2.6
A,PC,A00,RO41,2012,2.3
A,PC,A00,RO41,2015,2.4
A,PC,A00,RO41,2018,2.5
A,PC,A00,RO41,2022,2.7
A,PC,A00,RO42,2012,1.6
A,PC,A00,RO42,2015,1.8
A,PC,A00,RO42,2018,2.6
A,PC,A00,RO42,2022,2.5
A,PC,A00,SE,2009,1.5
A,PC,A00,SE,2012,1.5
A,PC,A00,SE,2015,1.6
A,PC,A00,SE,2018,1.8
A,PC,A00,SE,2022,1.9
A,PC,A00,SE1,2009,2.6
A,PC,A00,SE1,2012,2.8
A,PC,A00,SE1,2015,2.9
A,PC,A00,SE1,2018,3.6
A,PC,A00,SE1,2022,3.3
A,PC,A00,SE11,2009,4.4
A,PC,A00,SE11,2012,5.1
A,PC,A00,SE11,2015,5.3
A,PC,A00,SE11,2018,8.3
A,PC,A00,SE11,2022,8.0
A,PC,A00,SE12,2009,2.4
A,PC,A00,SE12,2012,2.4
A,PC,A00,SE12,2015,2.5
A,PC,A00,SE12,2018,2.8
A,PC,A00,SE12,2022,2.6
A,PC,A00,SE2,2009,2.7
A,PC,A00,SE2,2012,2.8
A,PC,A00,SE2,2015,2.9
A,PC,A00,SE2,2018,3.5
A,PC,A00,SE2,2022,3.8
A,PC,A00,SE21,2009,1.8
A,PC,A00,SE21,2012,1.9
A,PC,A00,SE21,2015,2.0
A,PC,A00,SE21,2018,2.7
A,PC,A00,SE21,2022,2.9
A,PC,A00,SE22,2009,4.1
A,PC,A00,SE22,2012,4.2
A,PC,A00,SE22,2015,4.3
A,PC,A00,SE22,2018,5.4
A,PC,A00,SE22,2022,5.3
A,PC,A00,SE23,2009,3.0
A,PC,A00,SE23,2012,3.1
A,PC,A00,SE23,2015,3.2
A,PC,A00,SE23,2018,3.6
A,PC,A00,SE23,2022,4.0
A,PC,A00,SE3,2009,0.9
A,PC,A00,SE3,2012,1.0
A,PC,A00,SE3,2015,1.1
A,PC,A00,SE3,2018,1.0
A,PC,A00,SE3,2022,1.1
A,PC,A00,SE31,2009,1.6
A,PC,A00,SE31,2012,1.6
A,PC,A00,SE31,2015,1.8
A,PC,A00,SE31,2018,1.9
A,PC,A00,SE31,2022,2.0
A,PC,A00,SE32,2009,0.9
A,PC,A00,SE32,2012,0.9
A,PC,A00,SE32,2015,1.1
A,PC,A00,SE32,2018,0.9
A,PC,A00,SE32,2022,1.1
A,PC,A00,SE33,2009,0.7
A,PC,A00,SE33,2012,0.7
A,PC,A00,SE33,2015,0.8
A,PC,A00,SE33,2018,0.7
A,PC,A00,SE33,2022,0.7
A,PC,A00,SI,2009,3.0
A,PC,A00,SI,2012,3.2
A,PC,A00,SI,2015,3.3
A,PC,A00,SI,2018,4.3
A,PC,A00,SI,2022,3.8
A,PC,A00,SI0,2009,3.0
A,PC,A00,SI0,2012,3.2
A,PC,A00,SI0,2015,3.3
A,PC,A00,SI0,2018,4.3
A,PC,A00,SI0,2022,3.8
A,PC,A00,SI03,2009,3.0
A,PC,A00,SI03,2012,3.1
A,PC,A00,SI03,2015,3.1
A,PC,A00,SI03,2018,4.5
A,PC,A00,SI03,2022,3.7
A,PC,A00,SI04,2009,3.1
A,PC,A00,SI04,2012,3.4
A,PC,A00,SI04,2015,3.5
A,PC,A00,SI04,2018,4.1
A,PC,A00,SI04,2022,4.0
A,PC,A00,SK,2009,2.6
A,PC,A00,SK,2012,2.8
A,PC,A00,SK,2015,3.0
A,PC,A00,SK,2018,3.4
A,PC,A00,SK,2022,3.1
A,PC,A00,SK0,2009,2.6
A,PC,A00,SK0,2012,2.8
A,PC,A00,SK0,2015,3.0
A,PC,A00,SK0,2018,3.4
A,PC,A00,SK0,2022,3.1
A,PC,A00,SK01,2009,5.2
A,PC,A00,SK01,2012,5.6
A,PC,A00,SK01,2015,6.1
A,PC,A00,SK01,2018,4.6
A,PC,A00,SK01,2022,6.8
A,PC,A00,SK02,2009,3.5
A,PC,A00,SK02,2012,3.7
A,PC,A00,SK02,2015,3.9
A,PC,A00,SK02,2018,4.9
A,PC,A00,SK02,2022,3.9
A,PC,A00,SK03,2009,1.9
A,PC,A00,SK03,2012,2.0
A,PC,A00,SK03,2015,2.3
A,PC,A00,SK03,2018,2.4
A,PC,A00,SK03,2022,2.1
A,PC,A00,SK04,2009,2.2
A,PC,A00,SK04,2012,2.4
A,PC,A00,SK04,2015,2.4
A,PC,A00,SK04,2018,2.9
A,PC,A00,SK04,2022,2.8
A,PC,A00,UK,2009,6.0
A,PC,A00,UK,2012,6.2
A,PC,A00,UK,2015,6.5
A,PC,A00,UK,2018,6.4
A,PC,A00,UKC,2009,6.6
A,PC,A00,UKC,2012,6.7
A,PC,A00,UKC,2015,7.1
A,PC,A00,UKC,2018,8.2
A,PC,A00,UKC1,2009,9.5
A,PC,A00,UKC1,2012,9.6
A,PC,A00,UKC1,2015,10.3
A,PC,A00,UKC1,2018,11.2
A,PC,A00,UKC2,2009,5.1
A,PC,A00,UKC2,2012,5.2
A,PC,A00,UKC2,2015,5.4
A,PC,A00,UKC2,2018,6.6
A,PC,A00,UKD,2009,10.4
A,PC,A00,UKD,2012,10.8
A,PC,A00,UKD,2015,11.4
A,PC,A00,UKD,2018,9.8
A,PC,A00,UKD1,2009,3.5
A,PC,A00,UKD1,2012,3.6
A,PC,A00,UKD1,2015,3.7
A,PC,A00,UKD1,2018,2.8
A,PC,A00,UKD3,2009,39.7
A,PC,A00,UKD3,2012,40.6
A,PC,A00,UKD3,2015,42.1
A,PC,A00,UKD3,2018,31.5
A,PC,A00,UKD4,2009,9.7
A,PC,A00,UKD4,2012,9.8
A,PC,A00,UKD4,2015,11.4
A,PC,A00,UKD4,2018,10.8
A,PC,A00,UKD6,2009,8.2
A,PC,A00,UKD6,2012,8.8
A,PC,A00,UKD6,2015,9.0
A,PC,A00,UKD6,2018,10.3
A,PC,A00,UKD7,2009,33.4
A,PC,A00,UKD7,2012,35.9
A,PC,A00,UKD7,2015,36.8
A,PC,A00,UKD7,2018,31.5
A,PC,A00,UKE,2009,8.6
A,PC,A00,UKE,2012,9.0
A,PC,A00,UKE,2015,9.4
A,PC,A00,UKE,2018,8.8
A,PC,A00,UKE1,2009,6.3
A,PC,A00,UKE1,2012,6.3
A,PC,A00,UKE1,2015,7.1
A,PC,A00,UKE1,2018,7.2
A,PC,A00,UKE2,2009,4.0
A,PC,A00,UKE2,2012,4.1
A,PC,A00,UKE2,2015,4.2
A,PC,A00,UKE2,2018,3.8
A,PC,A00,UKE3,2009,22.1
A,PC,A00,UKE3,2012,23.7
A,PC,A00,UKE3,2015,24.1
A,PC,A00,UKE3,2018,22.5
A,PC,A00,UKE4,2009,21.6
A,PC,A00,UKE4,2012,22.4
A,PC,A00,UKE4,2015,23.4
A,PC,A00,UKE4,2018,21.4
A,PC,A00,UKF,2009,8.1
A,PC,A00,UKF,2012,8.5
A,PC,A00,UKF,2015,8.9
A,PC,A00,UKF,2018,7.3
A,PC,A00,UKF1,2009,11.4
A,PC,A00,UKF1,2012,11.6
A,PC,A00,UKF1,2015,12.3
A,PC,A00,UKF1,2018,8.7
A,PC,A00,UKF2,2009,8.4
A,PC,A00,UKF2,2012,9.1
A,PC,A00,UKF2,2015,9.8
A,PC,A00,UKF2,2018,8.8
A,PC,A00,UKF3,2009,5.0
A,PC,A00,UKF3,2012,5.4
A,PC,A00,UKF3,2015,5.6
A,PC,A00,UKF3,2018,4.9
A,PC,A00,UKG,2009,9.7
A,PC,A00,UKG,2012,9.8
A,PC,A00,UKG,2015,10.3
A,PC,A00,UKG,2018,9.7
A,PC,A00,UKG1,2009,7.5
A,PC,A00,UKG1,2012,7.4
A,PC,A00,UKG1,2015,8.1
A,PC,A00,UKG1,2018,7.7
A,PC,A00,UKG2,2009,8.0
A,PC,A00,UKG2,2012,8.2
A,PC,A00,UKG2,2015,8.4
A,PC,A00,UKG2,2018,7.0
A,PC,A00,UKG3,2009,34.8
A,PC,A00,UKG3,2012,37.3
A,PC,A00,UKG3,2015,37.3
A,PC,A00,UKG3,2018,41.5
A,PC,A00,UKH,2009,7.9
A,PC,A00,UKH,2012,8.2
A,PC,A00,UKH,2015,8.5
A,PC,A00,UKH,2018,7.9
A,PC,A00,UKH1,2009,6.2
A,PC,A00,UKH1,2012,6.4
A,PC,A00,UKH1,2015,6.7
A,PC,A00,UKH1,2018,5.9
A,PC,A00,UKH2,2009,11.8
A,PC,A00,UKH2,2012,11.8
A,PC,A00,UKH2,2015,12.3
A,PC,A00,UKH2,2018,11.4
A,PC,A00,UKH3,2009,10.9
A,PC,A00,UKH3,2012,11.3
A,PC,A00,UKH3,2015,11.5
A,PC,A00,UKH3,2018,12.0
A,PC,A00,UKI,2009,58.9
A,PC,A00,UKI,2012,59.8
A,PC,A00,UKI,2015,59.5
A,PC,A00,UKI,2018,41.1
A,PC,A00,UKI3,2009,100.0
A,PC,A00,UKI3,2012,59.7
A,PC,A00,UKI3,2015,67.0
A,PC,A00,UKI3,2018,57.2
A,PC,A00,UKI4,2009,73.4
A,PC,A00,UKI4,2012,90.2
A,PC,A00,UKI4,2015,78.9
A,PC,A00,UKI4,2018,50.5
A,PC,A00,UKI5,2009,58.5
A,PC,A00,UKI5,2012,58.2
A,PC,A00,UKI5,2015,60.1
A,PC,A00,UKI5,2018,37.4
A,PC,A00,UKI6,2009,52.1
A,PC,A00,UKI6,2012,54.4
A,PC,A00,UKI6,2015,54.8
A,PC,A00,UKI6,2018,33.8
A,PC,A00,UKI7,2009,48.4
A,PC,A00,UKI7,2012,51.7
A,PC,A00,UKI7,2015,51.9
A,PC,A00,UKI7,2018,42.3
A,PC,A00,UKJ,2009,9.2
A,PC,A00,UKJ,2012,9.8
A,PC,A00,UKJ,2015,10.2
A,PC,A00,UKJ,2018,10.6
A,PC,A00,UKJ1,2009,9.0
A,PC,A00,UKJ1,2012,9.8
A,PC,A00,UKJ1,2015,10.1
A,PC,A00,UKJ1,2018,9.4
A,PC,A00,UKJ2,2009,9.6
A,PC,A00,UKJ2,2012,10.0
A,PC,A00,UKJ2,2015,10.6
A,PC,A00,UKJ2,2018,11.6
A,PC,A00,UKJ3,2009,8.8
A,PC,A00,UKJ3,2012,9.0
A,PC,A00,UKJ3,2015,9.1
A,PC,A00,UKJ3,2018,10.6
A,PC,A00,UKJ4,2009,9.2
A,PC,A00,UKJ4,2012,10.5
A,PC,A00,UKJ4,2015,10.9
A,PC,A00,UKJ4,2018,11.1
A,PC,A00,UKK,2009,5.3
A,PC,A00,UKK,2012,5.4
A,PC,A00,UKK,2015,5.9
A,PC,A00,UKK,2018,7.6
A,PC,A00,UKK1,2009,6.9
A,PC,A00,UKK1,2012,7.0
A,PC,A00,UKK1,2015,7.5
A,PC,A00,UKK1,2018,7.9
A,PC,A00,UKK2,2009,4.8
A,PC,A00,UKK2,2012,5.2
A,PC,A00,UKK2,2015,5.9
A,PC,A00,UKK2,2018,8.9
A,PC,A00,UKK3,2009,5.0
A,PC,A00,UKK3,2012,4.6
A,PC,A00,UKK3,2015,5.7
A,PC,A00,UKK3,2018,8.0
A,PC,A00,UKK4,2009,3.9
A,PC,A00,UKK4,2012,4.3
A,PC,A00,UKK4,2015,4.4
A,PC,A00,UKK4,2018,5.8
A,PC,A00,UKL,2009,5.0
A,PC,A00,UKL,2012,5.2
A,PC,A00,UKL,2015,5.4
A,PC,A00,UKL,2018,5.3
A,PC,A00,UKL1,2009,5.1
A,PC,A00,UKL1,2012,5.3
A,PC,A00,UKL1,2015,5.5
A,PC,A00,UKL1,2018,5.3
A,PC,A00,UKL2,2009,4.7
A,PC,A00,UKL2,2012,4.9
A,PC,A00,UKL2,2015,5.2
A,PC,A00,UKL2,2018,5.4
A,PC,A00,UKM,2009,2.0
A,PC,A00,UKM,2012,2.0
A,PC,A00,UKM,2015,2.2
A,PC,A00,UKM,2018,2.2
A,PC,A00,UKM2,2009,2.7
A,PC,A00,UKM2,2012,2.7
A,PC,A00,UKM2,2015,2.9
A,PC,A00,UKM3,2009,4.7
A,PC,A00,UKM3,2012,4.7
A,PC,A00,UKM3,2015,5.2
A,PC,A00,UKM5,2009,2.8
A,PC,A00,UKM5,2012,2.9
A,PC,A00,UKM5,2015,3.1
A,PC,A00,UKM5,2018,2.7
A,PC,A00,UKM6,2009,0.7
A,PC,A00,UKM6,2012,0.8
A,PC,A00,UKM6,2015,0.8
A,PC,A00,UKM6,2018,0.8
A,PC,A00,UKM7,2018,4.2
A,PC,A00,UKM8,2018,9.9
A,PC,A00,UKM9,2018,2.9
A,PC,A00,UKN,2009,5.4
A,PC,A00,UKN,2012,5.5
A,PC,A00,UKN,2015,5.9
A,PC,A00,UKN,2018,7.5
A,PC,A00,UKN0,2009,5.4
A,PC,A00,UKN0,2012,5.5
A,PC,A00,UKN0,2015,5.9
A,PC,A00,UKN0,2018,7.5
