freq,unit,sector,na_item,geo,time,value
A,PC_GDP,S13,D2REC,AT,1995,14.6
A,PC_GDP,S13,D2REC,AT,1996,15.0
A,PC_GDP,S13,D2REC,AT,1997,15.3
A,PC_GDP,S13,D2REC,AT,1998,15.2
A,PC_GDP,S13,D2REC,AT,1999,15.2
A,PC_GDP,S13,D2REC,AT,2000,14.9
A,PC_GDP,S13,D2REC,AT,2001,14.8
A,PC_GDP,S13,D2REC,AT,2002,15.0
A,PC_GDP,S13,D2REC,AT,2003,14.8
A,PC_GDP,S13,D2REC,AT,2004,14.6
A,PC_GDP,S13,D2REC,AT,2005,14.3
A,PC_GDP,S13,D2REC,AT,2006,13.9
A,PC_GDP,S13,D2REC,AT,2007,13.9
A,PC_GDP,S13,D2REC,AT,2008,14.0
A,PC_GDP,S13,D2REC,AT,2009,14.4
A,PC_GDP,S13,D2REC,AT,2010,14.4
A,PC_GDP,S13,D2REC,AT,2011,14.5
A,PC_GDP,S13,D2REC,AT,2012,14.8
A,PC_GDP,S13,D2REC,AT,2013,14.8
A,PC_GDP,S13,D2REC,AT,2014,14.7
A,PC_GDP,S13,D2REC,AT,2015,14.6
A,PC_GDP,S13,D2REC,AT,2016,14.6
A,PC_GDP,S13,D2REC,AT,2017,14.4
A,PC_GDP,S13,D2REC,AT,2018,14.1
A,PC_GDP,S13,D2REC,AT,2019,14.1
A,PC_GDP,S13,D2REC,AT,2020,13.8
A,PC_GDP,S13,D2REC,AT,2021,14.1
A,PC_GDP,S13,D2REC,AT,2022,13.7
A,PC_GDP,S13,D2REC,AT,2023,13.7
A,PC_GDP,S13,D2REC,AT,2024,13.7
A,PC_GDP,S13,D2REC,AT,2025,14.0
A,PC_GDP,S13,D2REC,BE,1995,12.3
A,PC_GDP,S13,D2REC,BE,1996,12.8
A,PC_GDP,S13,D2REC,BE,1997,12.9
A,PC_GDP,S13,D2REC,BE,1998,13.0
A,PC_GDP,S13,D2REC,BE,1999,13.3
A,PC_GDP,S13,D2REC,BE,2000,13.1
A,PC_GDP,S13,D2REC,BE,2001,12.7
A,PC_GDP,S13,D2REC,BE,2002,12.7
A,PC_GDP,S13,D2REC,BE,2003,12.9
A,PC_GDP,S13,D2REC,BE,2004,13.0
A,PC_GDP,S13,D2REC,BE,2005,13.0
A,PC_GDP,S13,D2REC,BE,2006,13.0
A,PC_GDP,S13,D2REC,BE,2007,12.9
A,PC_GDP,S13,D2REC,BE,2008,12.9
A,PC_GDP,S13,D2REC,BE,2009,12.9
A,PC_GDP,S13,D2REC,BE,2010,13.2
A,PC_GDP,S13,D2REC,BE,2011,13.2
A,PC_GDP,S13,D2REC,BE,2012,13.6
A,PC_GDP,S13,D2REC,BE,2013,13.5
A,PC_GDP,S13,D2REC,BE,2014,13.4
A,PC_GDP,S13,D2REC,BE,2015,13.3
A,PC_GDP,S13,D2REC,BE,2016,13.5
A,PC_GDP,S13,D2REC,BE,2017,13.4
A,PC_GDP,S13,D2REC,BE,2018,13.4
A,PC_GDP,S13,D2REC,BE,2019,13.3
A,PC_GDP,S13,D2REC,BE,2020,12.8
A,PC_GDP,S13,D2REC,BE,2021,13.2
A,PC_GDP,S13,D2REC,BE,2022,12.3
A,PC_GDP,S13,D2REC,BE,2023,12.1
A,PC_GDP,S13,D2REC,BE,2024,11.8
A,PC_GDP,S13,D2REC,BE,2025,11.8
A,PC_GDP,S13,D2REC,BG,1995,8.4
A,PC_GDP,S13,D2REC,BG,1996,8.9
A,PC_GDP,S13,D2REC,BG,1997,9.5
A,PC_GDP,S13,D2REC,BG,1998,12.5
A,PC_GDP,S13,D2REC,BG,1999,13.0
A,PC_GDP,S13,D2REC,BG,2000,13.6
A,PC_GDP,S13,D2REC,BG,2001,13.1
A,PC_GDP,S13,D2REC,BG,2002,12.4
A,PC_GDP,S13,D2REC,BG,2003,14.1
A,PC_GDP,S13,D2REC,BG,2004,15.7
A,PC_GDP,S13,D2REC,BG,2005,16.1
A,PC_GDP,S13,D2REC,BG,2006,16.6
A,PC_GDP,S13,D2REC,BG,2007,15.9
A,PC_GDP,S13,D2REC,BG,2008,16.7
A,PC_GDP,S13,D2REC,BG,2009,14.1
A,PC_GDP,S13,D2REC,BG,2010,13.8
A,PC_GDP,S13,D2REC,BG,2011,13.8
A,PC_GDP,S13,D2REC,BG,2012,14.3
A,PC_GDP,S13,D2REC,BG,2013,15.3
A,PC_GDP,S13,D2REC,BG,2014,14.9
A,PC_GDP,S13,D2REC,BG,2015,15.3
A,PC_GDP,S13,D2REC,BG,2016,15.4
A,PC_GDP,S13,D2REC,BG,2017,15.3
A,PC_GDP,S13,D2REC,BG,2018,14.8
A,PC_GDP,S13,D2REC,BG,2019,15.4
A,PC_GDP,S13,D2REC,BG,2020,15.0
A,PC_GDP,S13,D2REC,BG,2021,14.8
A,PC_GDP,S13,D2REC,BG,2022,16.1
A,PC_GDP,S13,D2REC,BG,2023,14.6
A,PC_GDP,S13,D2REC,BG,2024,14.6
A,PC_GDP,S13,D2REC,BG,2025,14.4
A,PC_GDP,S13,D2REC,CH,1995,5.4
A,PC_GDP,S13,D2REC,CH,1996,5.4
A,PC_GDP,S13,D2REC,CH,1997,5.5
A,PC_GDP,S13,D2REC,CH,1998,5.9
A,PC_GDP,S13,D2REC,CH,1999,6.2
A,PC_GDP,S13,D2REC,CH,2000,6.5
A,PC_GDP,S13,D2REC,CH,2001,6.4
A,PC_GDP,S13,D2REC,CH,2002,6.2
A,PC_GDP,S13,D2REC,CH,2003,6.2
A,PC_GDP,S13,D2REC,CH,2004,6.3
A,PC_GDP,S13,D2REC,CH,2005,6.3
A,PC_GDP,S13,D2REC,CH,2006,6.2
A,PC_GDP,S13,D2REC,CH,2007,6.1
A,PC_GDP,S13,D2REC,CH,2008,6.0
A,PC_GDP,S13,D2REC,CH,2009,6.1
A,PC_GDP,S13,D2REC,CH,2010,6.1
A,PC_GDP,S13,D2REC,CH,2011,6.1
A,PC_GDP,S13,D2REC,CH,2012,6.0
A,PC_GDP,S13,D2REC,CH,2013,6.0
A,PC_GDP,S13,D2REC,CH,2014,5.9
A,PC_GDP,S13,D2REC,CH,2015,5.9
A,PC_GDP,S13,D2REC,CH,2016,5.8
A,PC_GDP,S13,D2REC,CH,2017,6.0
A,PC_GDP,S13,D2REC,CH,2018,5.7
A,PC_GDP,S13,D2REC,CH,2019,5.7
A,PC_GDP,S13,D2REC,CH,2020,5.8
A,PC_GDP,S13,D2REC,CH,2021,5.7
A,PC_GDP,S13,D2REC,CH,2022,5.6
A,PC_GDP,S13,D2REC,CH,2023,5.4
A,PC_GDP,S13,D2REC,CH,2024,5.5
A,PC_GDP,S13,D2REC,CY,1995,11.4
A,PC_GDP,S13,D2REC,CY,1996,11.1
A,PC_GDP,S13,D2REC,CY,1997,10.3
A,PC_GDP,S13,D2REC,CY,1998,10.7
A,PC_GDP,S13,D2REC,CY,1999,10.3
A,PC_GDP,S13,D2REC,CY,2000,11.9
A,PC_GDP,S13,D2REC,CY,2001,12.3
A,PC_GDP,S13,D2REC,CY,2002,12.4
A,PC_GDP,S13,D2REC,CY,2003,14.6
A,PC_GDP,S13,D2REC,CY,2004,15.3
A,PC_GDP,S13,D2REC,CY,2005,15.3
A,PC_GDP,S13,D2REC,CY,2006,15.9
A,PC_GDP,S13,D2REC,CY,2007,17.3
A,PC_GDP,S13,D2REC,CY,2008,16.6
A,PC_GDP,S13,D2REC,CY,2009,14.4
A,PC_GDP,S13,D2REC,CY,2010,14.4
A,PC_GDP,S13,D2REC,CY,2011,13.8
A,PC_GDP,S13,D2REC,CY,2012,14.1
A,PC_GDP,S13,D2REC,CY,2013,14.0
A,PC_GDP,S13,D2REC,CY,2014,15.2
A,PC_GDP,S13,D2REC,CY,2015,15.0
A,PC_GDP,S13,D2REC,CY,2016,14.9
A,PC_GDP,S13,D2REC,CY,2017,15.0
A,PC_GDP,S13,D2REC,CY,2018,15.0
A,PC_GDP,S13,D2REC,CY,2019,14.5
A,PC_GDP,S13,D2REC,CY,2020,13.2
A,PC_GDP,S13,D2REC,CY,2021,13.4
A,PC_GDP,S13,D2REC,CY,2022,13.7
A,PC_GDP,S13,D2REC,CY,2023,13.7
A,PC_GDP,S13,D2REC,CY,2024,13.5
A,PC_GDP,S13,D2REC,CY,2025,13.0
A,PC_GDP,S13,D2REC,CZ,1995,11.2
A,PC_GDP,S13,D2REC,CZ,1996,11.1
A,PC_GDP,S13,D2REC,CZ,1997,10.6
A,PC_GDP,S13,D2REC,CZ,1998,10.1
A,PC_GDP,S13,D2REC,CZ,1999,10.7
A,PC_GDP,S13,D2REC,CZ,2000,10.4
A,PC_GDP,S13,D2REC,CZ,2001,10.1
A,PC_GDP,S13,D2REC,CZ,2002,10.0
A,PC_GDP,S13,D2REC,CZ,2003,10.1
A,PC_GDP,S13,D2REC,CZ,2004,10.8
A,PC_GDP,S13,D2REC,CZ,2005,10.7
A,PC_GDP,S13,D2REC,CZ,2006,10.2
A,PC_GDP,S13,D2REC,CZ,2007,10.5
A,PC_GDP,S13,D2REC,CZ,2008,10.3
A,PC_GDP,S13,D2REC,CZ,2009,10.8
A,PC_GDP,S13,D2REC,CZ,2010,10.9
A,PC_GDP,S13,D2REC,CZ,2011,11.7
A,PC_GDP,S13,D2REC,CZ,2012,12.2
A,PC_GDP,S13,D2REC,CZ,2013,12.5
A,PC_GDP,S13,D2REC,CZ,2014,11.7
A,PC_GDP,S13,D2REC,CZ,2015,12.1
A,PC_GDP,S13,D2REC,CZ,2016,12.1
A,PC_GDP,S13,D2REC,CZ,2017,12.1
A,PC_GDP,S13,D2REC,CZ,2018,11.8
A,PC_GDP,S13,D2REC,CZ,2019,11.7
A,PC_GDP,S13,D2REC,CZ,2020,11.2
A,PC_GDP,S13,D2REC,CZ,2021,11.2
A,PC_GDP,S13,D2REC,CZ,2022,11.1
A,PC_GDP,S13,D2REC,CZ,2023,10.8
A,PC_GDP,S13,D2REC,CZ,2024,10.9
A,PC_GDP,S13,D2REC,CZ,2025,10.8
A,PC_GDP,S13,D2REC,DE,1995,10.4
A,PC_GDP,S13,D2REC,DE,1996,10.2
A,PC_GDP,S13,D2REC,DE,1997,10.2
A,PC_GDP,S13,D2REC,DE,1998,10.3
A,PC_GDP,S13,D2REC,DE,1999,10.8
A,PC_GDP,S13,D2REC,DE,2000,10.8
A,PC_GDP,S13,D2REC,DE,2001,10.6
A,PC_GDP,S13,D2REC,DE,2002,10.6
A,PC_GDP,S13,D2REC,DE,2003,10.8
A,PC_GDP,S13,D2REC,DE,2004,10.5
A,PC_GDP,S13,D2REC,DE,2005,10.4
A,PC_GDP,S13,D2REC,DE,2006,10.4
A,PC_GDP,S13,D2REC,DE,2007,10.9
A,PC_GDP,S13,D2REC,DE,2008,10.9
A,PC_GDP,S13,D2REC,DE,2009,11.5
A,PC_GDP,S13,D2REC,DE,2010,11.0
A,PC_GDP,S13,D2REC,DE,2011,11.3
A,PC_GDP,S13,D2REC,DE,2012,11.3
A,PC_GDP,S13,D2REC,DE,2013,11.4
A,PC_GDP,S13,D2REC,DE,2014,11.3
A,PC_GDP,S13,D2REC,DE,2015,11.3
A,PC_GDP,S13,D2REC,DE,2016,11.2
A,PC_GDP,S13,D2REC,DE,2017,11.2
A,PC_GDP,S13,D2REC,DE,2018,11.1
A,PC_GDP,S13,D2REC,DE,2019,11.1
A,PC_GDP,S13,D2REC,DE,2020,10.8
A,PC_GDP,S13,D2REC,DE,2021,11.2
A,PC_GDP,S13,D2REC,DE,2022,10.9
A,PC_GDP,S13,D2REC,DE,2023,10.2
A,PC_GDP,S13,D2REC,DE,2024,10.3
A,PC_GDP,S13,D2REC,DE,2025,10.3
A,PC_GDP,S13,D2REC,DK,1995,16.3
A,PC_GDP,S13,D2REC,DK,1996,16.7
A,PC_GDP,S13,D2REC,DK,1997,16.8
A,PC_GDP,S13,D2REC,DK,1998,17.9
A,PC_GDP,S13,D2REC,DK,1999,17.8
A,PC_GDP,S13,D2REC,DK,2000,16.7
A,PC_GDP,S13,D2REC,DK,2001,16.8
A,PC_GDP,S13,D2REC,DK,2002,17.0
A,PC_GDP,S13,D2REC,DK,2003,16.9
A,PC_GDP,S13,D2REC,DK,2004,17.0
A,PC_GDP,S13,D2REC,DK,2005,17.4
A,PC_GDP,S13,D2REC,DK,2006,17.3
A,PC_GDP,S13,D2REC,DK,2007,17.4
A,PC_GDP,S13,D2REC,DK,2008,16.4
A,PC_GDP,S13,D2REC,DK,2009,16.3
A,PC_GDP,S13,D2REC,DK,2010,16.2
A,PC_GDP,S13,D2REC,DK,2011,16.3
A,PC_GDP,S13,D2REC,DK,2012,16.4
A,PC_GDP,S13,D2REC,DK,2013,16.4
A,PC_GDP,S13,D2REC,DK,2014,16.3
A,PC_GDP,S13,D2REC,DK,2015,16.3
A,PC_GDP,S13,D2REC,DK,2016,16.2
A,PC_GDP,S13,D2REC,DK,2017,15.9
A,PC_GDP,S13,D2REC,DK,2018,16.1
A,PC_GDP,S13,D2REC,DK,2019,15.8
A,PC_GDP,S13,D2REC,DK,2020,16.0
A,PC_GDP,S13,D2REC,DK,2021,15.5
A,PC_GDP,S13,D2REC,DK,2022,14.3
A,PC_GDP,S13,D2REC,DK,2023,14.1
A,PC_GDP,S13,D2REC,DK,2024,13.8
A,PC_GDP,S13,D2REC,DK,2025,13.7
A,PC_GDP,S13,D2REC,EA19,1995,12.1
A,PC_GDP,S13,D2REC,EA19,1996,12.2
A,PC_GDP,S13,D2REC,EA19,1997,12.4
A,PC_GDP,S13,D2REC,EA19,1998,12.9
A,PC_GDP,S13,D2REC,EA19,1999,13.1
A,PC_GDP,S13,D2REC,EA19,2000,12.9
A,PC_GDP,S13,D2REC,EA19,2001,12.7
A,PC_GDP,S13,D2REC,EA19,2002,12.7
A,PC_GDP,S13,D2REC,EA19,2003,12.7
A,PC_GDP,S13,D2REC,EA19,2004,12.7
A,PC_GDP,S13,D2REC,EA19,2005,12.8
A,PC_GDP,S13,D2REC,EA19,2006,12.9
A,PC_GDP,S13,D2REC,EA19,2007,12.9
A,PC_GDP,S13,D2REC,EA19,2008,12.4
A,PC_GDP,S13,D2REC,EA19,2009,12.4
A,PC_GDP,S13,D2REC,EA19,2010,12.5
A,PC_GDP,S13,D2REC,EA19,2011,12.7
A,PC_GDP,S13,D2REC,EA19,2012,13.0
A,PC_GDP,S13,D2REC,EA19,2013,13.2
A,PC_GDP,S13,D2REC,EA19,2014,13.4
A,PC_GDP,S13,D2REC,EA19,2015,13.2
A,PC_GDP,S13,D2REC,EA19,2016,13.2
A,PC_GDP,S13,D2REC,EA19,2017,13.2
A,PC_GDP,S13,D2REC,EA19,2018,13.2
A,PC_GDP,S13,D2REC,EA19,2019,13.2
A,PC_GDP,S13,D2REC,EA19,2020,12.9
A,PC_GDP,S13,D2REC,EA19,2021,13.1
A,PC_GDP,S13,D2REC,EA19,2022,12.9
A,PC_GDP,S13,D2REC,EA19,2023,12.3
A,PC_GDP,S13,D2REC,EA19,2024,12.3
A,PC_GDP,S13,D2REC,EA19,2025,12.4
A,PC_GDP,S13,D2REC,EA20,1995,12.1
A,PC_GDP,S13,D2REC,EA20,1996,12.2
A,PC_GDP,S13,D2REC,EA20,1997,12.4
A,PC_GDP,S13,D2REC,EA20,1998,13.0
A,PC_GDP,S13,D2REC,EA20,1999,13.1
A,PC_GDP,S13,D2REC,EA20,2000,12.9
A,PC_GDP,S13,D2REC,EA20,2001,12.7
A,PC_GDP,S13,D2REC,EA20,2002,12.7
A,PC_GDP,S13,D2REC,EA20,2003,12.7
A,PC_GDP,S13,D2REC,EA20,2004,12.7
A,PC_GDP,S13,D2REC,EA20,2005,12.9
A,PC_GDP,S13,D2REC,EA20,2006,12.9
A,PC_GDP,S13,D2REC,EA20,2007,12.9
A,PC_GDP,S13,D2REC,EA20,2008,12.4
A,PC_GDP,S13,D2REC,EA20,2009,12.4
A,PC_GDP,S13,D2REC,EA20,2010,12.5
A,PC_GDP,S13,D2REC,EA20,2011,12.7
A,PC_GDP,S13,D2REC,EA20,2012,13.1
A,PC_GDP,S13,D2REC,EA20,2013,13.2
A,PC_GDP,S13,D2REC,EA20,2014,13.4
A,PC_GDP,S13,D2REC,EA20,2015,13.3
A,PC_GDP,S13,D2REC,EA20,2016,13.2
A,PC_GDP,S13,D2REC,EA20,2017,13.2
A,PC_GDP,S13,D2REC,EA20,2018,13.2
A,PC_GDP,S13,D2REC,EA20,2019,13.3
A,PC_GDP,S13,D2REC,EA20,2020,12.9
A,PC_GDP,S13,D2REC,EA20,2021,13.2
A,PC_GDP,S13,D2REC,EA20,2022,12.9
A,PC_GDP,S13,D2REC,EA20,2023,12.3
A,PC_GDP,S13,D2REC,EA20,2024,12.4
A,PC_GDP,S13,D2REC,EA20,2025,12.4
A,PC_GDP,S13,D2REC,EA21,1995,12.1
A,PC_GDP,S13,D2REC,EA21,1996,12.2
A,PC_GDP,S13,D2REC,EA21,1997,12.4
A,PC_GDP,S13,D2REC,EA21,1998,12.9
A,PC_GDP,S13,D2REC,EA21,1999,13.1
A,PC_GDP,S13,D2REC,EA21,2000,12.9
A,PC_GDP,S13,D2REC,EA21,2001,12.7
A,PC_GDP,S13,D2REC,EA21,2002,12.7
A,PC_GDP,S13,D2REC,EA21,2003,12.7
A,PC_GDP,S13,D2REC,EA21,2004,12.7
A,PC_GDP,S13,D2REC,EA21,2005,12.9
A,PC_GDP,S13,D2REC,EA21,2006,13.0
A,PC_GDP,S13,D2REC,EA21,2007,12.9
A,PC_GDP,S13,D2REC,EA21,2008,12.4
A,PC_GDP,S13,D2REC,EA21,2009,12.4
A,PC_GDP,S13,D2REC,EA21,2010,12.5
A,PC_GDP,S13,D2REC,EA21,2011,12.7
A,PC_GDP,S13,D2REC,EA21,2012,13.1
A,PC_GDP,S13,D2REC,EA21,2013,13.2
A,PC_GDP,S13,D2REC,EA21,2014,13.4
A,PC_GDP,S13,D2REC,EA21,2015,13.3
A,PC_GDP,S13,D2REC,EA21,2016,13.2
A,PC_GDP,S13,D2REC,EA21,2017,13.2
A,PC_GDP,S13,D2REC,EA21,2018,13.2
A,PC_GDP,S13,D2REC,EA21,2019,13.3
A,PC_GDP,S13,D2REC,EA21,2020,12.9
A,PC_GDP,S13,D2REC,EA21,2021,13.2
A,PC_GDP,S13,D2REC,EA21,2022,12.9
A,PC_GDP,S13,D2REC,EA21,2023,12.4
A,PC_GDP,S13,D2REC,EA21,2024,12.4
A,PC_GDP,S13,D2REC,EA21,2025,12.4
A,PC_GDP,S13,D2REC,EE,1995,12.6
A,PC_GDP,S13,D2REC,EE,1996,13.2
A,PC_GDP,S13,D2REC,EE,1997,13.4
A,PC_GDP,S13,D2REC,EE,1998,12.3
A,PC_GDP,S13,D2REC,EE,1999,11.7
A,PC_GDP,S13,D2REC,EE,2000,12.4
A,PC_GDP,S13,D2REC,EE,2001,12.5
A,PC_GDP,S13,D2REC,EE,2002,12.6
A,PC_GDP,S13,D2REC,EE,2003,12.2
A,PC_GDP,S13,D2REC,EE,2004,12.7
A,PC_GDP,S13,D2REC,EE,2005,12.6
A,PC_GDP,S13,D2REC,EE,2006,13.3
A,PC_GDP,S13,D2REC,EE,2007,13.2
A,PC_GDP,S13,D2REC,EE,2008,12.1
A,PC_GDP,S13,D2REC,EE,2009,14.7
A,PC_GDP,S13,D2REC,EE,2010,14.1
A,PC_GDP,S13,D2REC,EE,2011,13.7
A,PC_GDP,S13,D2REC,EE,2012,14.0
A,PC_GDP,S13,D2REC,EE,2013,13.5
A,PC_GDP,S13,D2REC,EE,2014,13.8
A,PC_GDP,S13,D2REC,EE,2015,14.2
A,PC_GDP,S13,D2REC,EE,2016,14.7
A,PC_GDP,S13,D2REC,EE,2017,14.1
A,PC_GDP,S13,D2REC,EE,2018,13.8
A,PC_GDP,S13,D2REC,EE,2019,14.1
A,PC_GDP,S13,D2REC,EE,2020,13.4
A,PC_GDP,S13,D2REC,EE,2021,13.6
A,PC_GDP,S13,D2REC,EE,2022,13.4
A,PC_GDP,S13,D2REC,EE,2023,13.5
A,PC_GDP,S13,D2REC,EE,2024,13.9
A,PC_GDP,S13,D2REC,EE,2025,14.0
A,PC_GDP,S13,D2REC,EL,1995,12.5
A,PC_GDP,S13,D2REC,EL,1996,12.9
A,PC_GDP,S13,D2REC,EL,1997,13.1
A,PC_GDP,S13,D2REC,EL,1998,12.8
A,PC_GDP,S13,D2REC,EL,1999,13.5
A,PC_GDP,S13,D2REC,EL,2000,13.6
A,PC_GDP,S13,D2REC,EL,2001,13.1
A,PC_GDP,S13,D2REC,EL,2002,13.2
A,PC_GDP,S13,D2REC,EL,2003,12.5
A,PC_GDP,S13,D2REC,EL,2004,11.9
A,PC_GDP,S13,D2REC,EL,2005,12.1
A,PC_GDP,S13,D2REC,EL,2006,12.5
A,PC_GDP,S13,D2REC,EL,2007,12.8
A,PC_GDP,S13,D2REC,EL,2008,12.7
A,PC_GDP,S13,D2REC,EL,2009,11.9
A,PC_GDP,S13,D2REC,EL,2010,12.7
A,PC_GDP,S13,D2REC,EL,2011,13.7
A,PC_GDP,S13,D2REC,EL,2012,14.6
A,PC_GDP,S13,D2REC,EL,2013,14.9
A,PC_GDP,S13,D2REC,EL,2014,16.3
A,PC_GDP,S13,D2REC,EL,2015,16.6
A,PC_GDP,S13,D2REC,EL,2016,17.7
A,PC_GDP,S13,D2REC,EL,2017,17.6
A,PC_GDP,S13,D2REC,EL,2018,17.7
A,PC_GDP,S13,D2REC,EL,2019,17.4
A,PC_GDP,S13,D2REC,EL,2020,16.6
A,PC_GDP,S13,D2REC,EL,2021,17.0
A,PC_GDP,S13,D2REC,EL,2022,19.1
A,PC_GDP,S13,D2REC,EL,2023,17.1
A,PC_GDP,S13,D2REC,EL,2024,17.0
A,PC_GDP,S13,D2REC,EL,2025,17.2
A,PC_GDP,S13,D2REC,ES,1995,10.0
A,PC_GDP,S13,D2REC,ES,1996,10.1
A,PC_GDP,S13,D2REC,ES,1997,10.4
A,PC_GDP,S13,D2REC,ES,1998,11.1
A,PC_GDP,S13,D2REC,ES,1999,11.4
A,PC_GDP,S13,D2REC,ES,2000,11.3
A,PC_GDP,S13,D2REC,ES,2001,10.9
A,PC_GDP,S13,D2REC,ES,2002,10.9
A,PC_GDP,S13,D2REC,ES,2003,11.2
A,PC_GDP,S13,D2REC,ES,2004,11.7
A,PC_GDP,S13,D2REC,ES,2005,12.1
A,PC_GDP,S13,D2REC,ES,2006,12.2
A,PC_GDP,S13,D2REC,ES,2007,11.4
A,PC_GDP,S13,D2REC,ES,2008,9.4
A,PC_GDP,S13,D2REC,ES,2009,8.0
A,PC_GDP,S13,D2REC,ES,2010,9.8
A,PC_GDP,S13,D2REC,ES,2011,9.6
A,PC_GDP,S13,D2REC,ES,2012,10.2
A,PC_GDP,S13,D2REC,ES,2013,11.0
A,PC_GDP,S13,D2REC,ES,2014,11.4
A,PC_GDP,S13,D2REC,ES,2015,11.6
A,PC_GDP,S13,D2REC,ES,2016,11.5
A,PC_GDP,S13,D2REC,ES,2017,11.5
A,PC_GDP,S13,D2REC,ES,2018,11.6
A,PC_GDP,S13,D2REC,ES,2019,11.4
A,PC_GDP,S13,D2REC,ES,2020,11.2
A,PC_GDP,S13,D2REC,ES,2021,11.9
A,PC_GDP,S13,D2REC,ES,2022,11.7
A,PC_GDP,S13,D2REC,ES,2023,11.1
A,PC_GDP,S13,D2REC,ES,2024,11.1
A,PC_GDP,S13,D2REC,ES,2025,11.3
A,PC_GDP,S13,D2REC,EU27_2020,1995,12.5
A,PC_GDP,S13,D2REC,EU27_2020,1996,12.7
A,PC_GDP,S13,D2REC,EU27_2020,1997,12.8
A,PC_GDP,S13,D2REC,EU27_2020,1998,13.4
A,PC_GDP,S13,D2REC,EU27_2020,1999,13.6
A,PC_GDP,S13,D2REC,EU27_2020,2000,13.3
A,PC_GDP,S13,D2REC,EU27_2020,2001,13.1
A,PC_GDP,S13,D2REC,EU27_2020,2002,13.1
A,PC_GDP,S13,D2REC,EU27_2020,2003,13.2
A,PC_GDP,S13,D2REC,EU27_2020,2004,13.2
A,PC_GDP,S13,D2REC,EU27_2020,2005,13.3
A,PC_GDP,S13,D2REC,EU27_2020,2006,13.4
A,PC_GDP,S13,D2REC,EU27_2020,2007,13.3
A,PC_GDP,S13,D2REC,EU27_2020,2008,12.9
A,PC_GDP,S13,D2REC,EU27_2020,2009,12.8
A,PC_GDP,S13,D2REC,EU27_2020,2010,13.0
A,PC_GDP,S13,D2REC,EU27_2020,2011,13.2
A,PC_GDP,S13,D2REC,EU27_2020,2012,13.5
A,PC_GDP,S13,D2REC,EU27_2020,2013,13.6
A,PC_GDP,S13,D2REC,EU27_2020,2014,13.8
A,PC_GDP,S13,D2REC,EU27_2020,2015,13.7
A,PC_GDP,S13,D2REC,EU27_2020,2016,13.6
A,PC_GDP,S13,D2REC,EU27_2020,2017,13.6
A,PC_GDP,S13,D2REC,EU27_2020,2018,13.6
A,PC_GDP,S13,D2REC,EU27_2020,2019,13.6
A,PC_GDP,S13,D2REC,EU27_2020,2020,13.3
A,PC_GDP,S13,D2REC,EU27_2020,2021,13.6
A,PC_GDP,S13,D2REC,EU27_2020,2022,13.3
A,PC_GDP,S13,D2REC,EU27_2020,2023,12.8
A,PC_GDP,S13,D2REC,EU27_2020,2024,12.8
A,PC_GDP,S13,D2REC,EU27_2020,2025,12.8
A,PC_GDP,S13,D2REC,FI,1995,13.6
A,PC_GDP,S13,D2REC,FI,1996,13.7
A,PC_GDP,S13,D2REC,FI,1997,14.3
A,PC_GDP,S13,D2REC,FI,1998,14.0
A,PC_GDP,S13,D2REC,FI,1999,13.9
A,PC_GDP,S13,D2REC,FI,2000,13.4
A,PC_GDP,S13,D2REC,FI,2001,12.9
A,PC_GDP,S13,D2REC,FI,2002,13.2
A,PC_GDP,S13,D2REC,FI,2003,13.6
A,PC_GDP,S13,D2REC,FI,2004,13.2
A,PC_GDP,S13,D2REC,FI,2005,13.3
A,PC_GDP,S13,D2REC,FI,2006,13.2
A,PC_GDP,S13,D2REC,FI,2007,12.6
A,PC_GDP,S13,D2REC,FI,2008,12.4
A,PC_GDP,S13,D2REC,FI,2009,12.9
A,PC_GDP,S13,D2REC,FI,2010,13.5
A,PC_GDP,S13,D2REC,FI,2011,14.4
A,PC_GDP,S13,D2REC,FI,2012,14.7
A,PC_GDP,S13,D2REC,FI,2013,15.1
A,PC_GDP,S13,D2REC,FI,2014,15.1
A,PC_GDP,S13,D2REC,FI,2015,14.9
A,PC_GDP,S13,D2REC,FI,2016,15.2
A,PC_GDP,S13,D2REC,FI,2017,14.8
A,PC_GDP,S13,D2REC,FI,2018,15.0
A,PC_GDP,S13,D2REC,FI,2019,14.9
A,PC_GDP,S13,D2REC,FI,2020,14.8
A,PC_GDP,S13,D2REC,FI,2021,14.7
A,PC_GDP,S13,D2REC,FI,2022,14.4
A,PC_GDP,S13,D2REC,FI,2023,13.8
A,PC_GDP,S13,D2REC,FI,2024,13.9
A,PC_GDP,S13,D2REC,FI,2025,14.1
A,PC_GDP,S13,D2REC,FR,1995,15.7
A,PC_GDP,S13,D2REC,FR,1996,16.3
A,PC_GDP,S13,D2REC,FR,1997,16.3
A,PC_GDP,S13,D2REC,FR,1998,16.2
A,PC_GDP,S13,D2REC,FR,1999,16.1
A,PC_GDP,S13,D2REC,FR,2000,15.5
A,PC_GDP,S13,D2REC,FR,2001,15.1
A,PC_GDP,S13,D2REC,FR,2002,15.2
A,PC_GDP,S13,D2REC,FR,2003,15.1
A,PC_GDP,S13,D2REC,FR,2004,15.3
A,PC_GDP,S13,D2REC,FR,2005,15.4
A,PC_GDP,S13,D2REC,FR,2006,15.3
A,PC_GDP,S13,D2REC,FR,2007,15.1
A,PC_GDP,S13,D2REC,FR,2008,14.8
A,PC_GDP,S13,D2REC,FR,2009,15.0
A,PC_GDP,S13,D2REC,FR,2010,14.8
A,PC_GDP,S13,D2REC,FR,2011,15.1
A,PC_GDP,S13,D2REC,FR,2012,15.4
A,PC_GDP,S13,D2REC,FR,2013,15.6
A,PC_GDP,S13,D2REC,FR,2014,15.7
A,PC_GDP,S13,D2REC,FR,2015,15.9
A,PC_GDP,S13,D2REC,FR,2016,16.1
A,PC_GDP,S13,D2REC,FR,2017,16.3
A,PC_GDP,S13,D2REC,FR,2018,16.5
A,PC_GDP,S13,D2REC,FR,2019,16.8
A,PC_GDP,S13,D2REC,FR,2020,16.8
A,PC_GDP,S13,D2REC,FR,2021,16.6
A,PC_GDP,S13,D2REC,FR,2022,16.7
A,PC_GDP,S13,D2REC,FR,2023,15.8
A,PC_GDP,S13,D2REC,FR,2024,15.5
A,PC_GDP,S13,D2REC,FR,2025,15.7
A,PC_GDP,S13,D2REC,HR,1995,19.7
A,PC_GDP,S13,D2REC,HR,1996,19.3
A,PC_GDP,S13,D2REC,HR,1997,18.8
A,PC_GDP,S13,D2REC,HR,1998,20.2
A,PC_GDP,S13,D2REC,HR,1999,19.7
A,PC_GDP,S13,D2REC,HR,2000,20.1
A,PC_GDP,S13,D2REC,HR,2001,19.7
A,PC_GDP,S13,D2REC,HR,2002,19.8
A,PC_GDP,S13,D2REC,HR,2003,19.3
A,PC_GDP,S13,D2REC,HR,2004,18.7
A,PC_GDP,S13,D2REC,HR,2005,18.5
A,PC_GDP,S13,D2REC,HR,2006,18.6
A,PC_GDP,S13,D2REC,HR,2007,18.3
A,PC_GDP,S13,D2REC,HR,2008,18.3
A,PC_GDP,S13,D2REC,HR,2009,17.4
A,PC_GDP,S13,D2REC,HR,2010,17.8
A,PC_GDP,S13,D2REC,HR,2011,17.5
A,PC_GDP,S13,D2REC,HR,2012,18.4
A,PC_GDP,S13,D2REC,HR,2013,18.8
A,PC_GDP,S13,D2REC,HR,2014,18.7
A,PC_GDP,S13,D2REC,HR,2015,19.4
A,PC_GDP,S13,D2REC,HR,2016,19.6
A,PC_GDP,S13,D2REC,HR,2017,19.8
A,PC_GDP,S13,D2REC,HR,2018,20.2
A,PC_GDP,S13,D2REC,HR,2019,20.4
A,PC_GDP,S13,D2REC,HR,2020,19.2
A,PC_GDP,S13,D2REC,HR,2021,19.6
A,PC_GDP,S13,D2REC,HR,2022,19.2
A,PC_GDP,S13,D2REC,HR,2023,19.0
A,PC_GDP,S13,D2REC,HR,2024,19.2
A,PC_GDP,S13,D2REC,HR,2025,19.2
A,PC_GDP,S13,D2REC,HU,1995,17.3
A,PC_GDP,S13,D2REC,HU,1996,16.7
A,PC_GDP,S13,D2REC,HU,1997,15.3
A,PC_GDP,S13,D2REC,HU,1998,15.4
A,PC_GDP,S13,D2REC,HU,1999,16.2
A,PC_GDP,S13,D2REC,HU,2000,16.5
A,PC_GDP,S13,D2REC,HU,2001,15.4
A,PC_GDP,S13,D2REC,HU,2002,14.9
A,PC_GDP,S13,D2REC,HU,2003,15.6
A,PC_GDP,S13,D2REC,HU,2004,15.9
A,PC_GDP,S13,D2REC,HU,2005,15.3
A,PC_GDP,S13,D2REC,HU,2006,14.9
A,PC_GDP,S13,D2REC,HU,2007,15.7
A,PC_GDP,S13,D2REC,HU,2008,15.5
A,PC_GDP,S13,D2REC,HU,2009,16.3
A,PC_GDP,S13,D2REC,HU,2010,17.2
A,PC_GDP,S13,D2REC,HU,2011,17.2
A,PC_GDP,S13,D2REC,HU,2012,18.6
A,PC_GDP,S13,D2REC,HU,2013,18.6
A,PC_GDP,S13,D2REC,HU,2014,18.4
A,PC_GDP,S13,D2REC,HU,2015,18.6
A,PC_GDP,S13,D2REC,HU,2016,18.0
A,PC_GDP,S13,D2REC,HU,2017,17.8
A,PC_GDP,S13,D2REC,HU,2018,18.0
A,PC_GDP,S13,D2REC,HU,2019,17.8
A,PC_GDP,S13,D2REC,HU,2020,17.9
A,PC_GDP,S13,D2REC,HU,2021,17.4
A,PC_GDP,S13,D2REC,HU,2022,18.2
A,PC_GDP,S13,D2REC,HU,2023,17.5
A,PC_GDP,S13,D2REC,HU,2024,17.1
A,PC_GDP,S13,D2REC,HU,2025,17.2
A,PC_GDP,S13,D2REC,IE,1995,14.0
A,PC_GDP,S13,D2REC,IE,1996,14.1
A,PC_GDP,S13,D2REC,IE,1997,13.7
A,PC_GDP,S13,D2REC,IE,1998,13.5
A,PC_GDP,S13,D2REC,IE,1999,13.2
A,PC_GDP,S13,D2REC,IE,2000,12.9
A,PC_GDP,S13,D2REC,IE,2001,12.0
A,PC_GDP,S13,D2REC,IE,2002,11.9
A,PC_GDP,S13,D2REC,IE,2003,12.1
A,PC_GDP,S13,D2REC,IE,2004,12.6
A,PC_GDP,S13,D2REC,IE,2005,13.1
A,PC_GDP,S13,D2REC,IE,2006,13.6
A,PC_GDP,S13,D2REC,IE,2007,13.1
A,PC_GDP,S13,D2REC,IE,2008,12.0
A,PC_GDP,S13,D2REC,IE,2009,10.8
A,PC_GDP,S13,D2REC,IE,2010,10.8
A,PC_GDP,S13,D2REC,IE,2011,10.3
A,PC_GDP,S13,D2REC,IE,2012,10.4
A,PC_GDP,S13,D2REC,IE,2013,10.6
A,PC_GDP,S13,D2REC,IE,2014,10.6
A,PC_GDP,S13,D2REC,IE,2015,8.3
A,PC_GDP,S13,D2REC,IE,2016,8.5
A,PC_GDP,S13,D2REC,IE,2017,8.0
A,PC_GDP,S13,D2REC,IE,2018,7.7
A,PC_GDP,S13,D2REC,IE,2019,7.6
A,PC_GDP,S13,D2REC,IE,2020,6.2
A,PC_GDP,S13,D2REC,IE,2021,6.6
A,PC_GDP,S13,D2REC,IE,2022,6.1
A,PC_GDP,S13,D2REC,IE,2023,6.3
A,PC_GDP,S13,D2REC,IE,2024,6.4
A,PC_GDP,S13,D2REC,IE,2025,5.9
A,PC_GDP,S13,D2REC,IS,1998,16.5
A,PC_GDP,S13,D2REC,IS,1999,17.6
A,PC_GDP,S13,D2REC,IS,2000,16.9
A,PC_GDP,S13,D2REC,IS,2001,14.9
A,PC_GDP,S13,D2REC,IS,2002,14.8
A,PC_GDP,S13,D2REC,IS,2003,15.7
A,PC_GDP,S13,D2REC,IS,2004,16.5
A,PC_GDP,S13,D2REC,IS,2005,17.6
A,PC_GDP,S13,D2REC,IS,2006,17.2
A,PC_GDP,S13,D2REC,IS,2007,16.5
A,PC_GDP,S13,D2REC,IS,2008,14.1
A,PC_GDP,S13,D2REC,IS,2009,12.8
A,PC_GDP,S13,D2REC,IS,2010,12.9
A,PC_GDP,S13,D2REC,IS,2011,13.1
A,PC_GDP,S13,D2REC,IS,2012,13.7
A,PC_GDP,S13,D2REC,IS,2013,13.5
A,PC_GDP,S13,D2REC,IS,2014,14.9
A,PC_GDP,S13,D2REC,IS,2015,14.4
A,PC_GDP,S13,D2REC,IS,2016,13.6
A,PC_GDP,S13,D2REC,IS,2017,14.6
A,PC_GDP,S13,D2REC,IS,2018,14.0
A,PC_GDP,S13,D2REC,IS,2019,13.3
A,PC_GDP,S13,D2REC,IS,2020,13.5
A,PC_GDP,S13,D2REC,IS,2021,13.4
A,PC_GDP,S13,D2REC,IS,2022,13.2
A,PC_GDP,S13,D2REC,IS,2023,13.4
A,PC_GDP,S13,D2REC,IS,2024,14.3
A,PC_GDP,S13,D2REC,IS,2025,13.3
A,PC_GDP,S13,D2REC,IT,1995,11.7
A,PC_GDP,S13,D2REC,IT,1996,11.5
A,PC_GDP,S13,D2REC,IT,1997,12.0
A,PC_GDP,S13,D2REC,IT,1998,14.8
A,PC_GDP,S13,D2REC,IT,1999,14.5
A,PC_GDP,S13,D2REC,IT,2000,14.3
A,PC_GDP,S13,D2REC,IT,2001,14.0
A,PC_GDP,S13,D2REC,IT,2002,14.0
A,PC_GDP,S13,D2REC,IT,2003,13.6
A,PC_GDP,S13,D2REC,IT,2004,13.7
A,PC_GDP,S13,D2REC,IT,2005,13.9
A,PC_GDP,S13,D2REC,IT,2006,14.4
A,PC_GDP,S13,D2REC,IT,2007,14.3
A,PC_GDP,S13,D2REC,IT,2008,13.5
A,PC_GDP,S13,D2REC,IT,2009,13.5
A,PC_GDP,S13,D2REC,IT,2010,13.9
A,PC_GDP,S13,D2REC,IT,2011,14.1
A,PC_GDP,S13,D2REC,IT,2012,15.2
A,PC_GDP,S13,D2REC,IT,2013,14.9
A,PC_GDP,S13,D2REC,IT,2014,15.4
A,PC_GDP,S13,D2REC,IT,2015,15.0
A,PC_GDP,S13,D2REC,IT,2016,14.4
A,PC_GDP,S13,D2REC,IT,2017,14.4
A,PC_GDP,S13,D2REC,IT,2018,14.4
A,PC_GDP,S13,D2REC,IT,2019,14.5
A,PC_GDP,S13,D2REC,IT,2020,13.8
A,PC_GDP,S13,D2REC,IT,2021,14.2
A,PC_GDP,S13,D2REC,IT,2022,14.0
A,PC_GDP,S13,D2REC,IT,2023,13.6
A,PC_GDP,S13,D2REC,IT,2024,14.1
A,PC_GDP,S13,D2REC,IT,2025,14.1
A,PC_GDP,S13,D2REC,LT,1995,12.0
A,PC_GDP,S13,D2REC,LT,1996,11.5
A,PC_GDP,S13,D2REC,LT,1997,13.5
A,PC_GDP,S13,D2REC,LT,1998,13.7
A,PC_GDP,S13,D2REC,LT,1999,13.7
A,PC_GDP,S13,D2REC,LT,2000,12.5
A,PC_GDP,S13,D2REC,LT,2001,12.2
A,PC_GDP,S13,D2REC,LT,2002,12.4
A,PC_GDP,S13,D2REC,LT,2003,11.6
A,PC_GDP,S13,D2REC,LT,2004,11.1
A,PC_GDP,S13,D2REC,LT,2005,11.2
A,PC_GDP,S13,D2REC,LT,2006,11.3
A,PC_GDP,S13,D2REC,LT,2007,11.6
A,PC_GDP,S13,D2REC,LT,2008,11.6
A,PC_GDP,S13,D2REC,LT,2009,11.5
A,PC_GDP,S13,D2REC,LT,2010,12.1
A,PC_GDP,S13,D2REC,LT,2011,11.7
A,PC_GDP,S13,D2REC,LT,2012,11.3
A,PC_GDP,S13,D2REC,LT,2013,11.1
A,PC_GDP,S13,D2REC,LT,2014,11.3
A,PC_GDP,S13,D2REC,LT,2015,11.7
A,PC_GDP,S13,D2REC,LT,2016,11.8
A,PC_GDP,S13,D2REC,LT,2017,11.7
A,PC_GDP,S13,D2REC,LT,2018,11.5
A,PC_GDP,S13,D2REC,LT,2019,11.6
A,PC_GDP,S13,D2REC,LT,2020,11.9
A,PC_GDP,S13,D2REC,LT,2021,12.0
A,PC_GDP,S13,D2REC,LT,2022,11.7
A,PC_GDP,S13,D2REC,LT,2023,11.2
A,PC_GDP,S13,D2REC,LT,2024,11.6
A,PC_GDP,S13,D2REC,LT,2025,11.9
A,PC_GDP,S13,D2REC,LU,1995,11.5
A,PC_GDP,S13,D2REC,LU,1996,11.5
A,PC_GDP,S13,D2REC,LU,1997,11.9
A,PC_GDP,S13,D2REC,LU,1998,12.5
A,PC_GDP,S13,D2REC,LU,1999,12.8
A,PC_GDP,S13,D2REC,LU,2000,13.2
A,PC_GDP,S13,D2REC,LU,2001,12.7
A,PC_GDP,S13,D2REC,LU,2002,12.3
A,PC_GDP,S13,D2REC,LU,2003,12.3
A,PC_GDP,S13,D2REC,LU,2004,13.1
A,PC_GDP,S13,D2REC,LU,2005,13.3
A,PC_GDP,S13,D2REC,LU,2006,12.5
A,PC_GDP,S13,D2REC,LU,2007,12.9
A,PC_GDP,S13,D2REC,LU,2008,11.8
A,PC_GDP,S13,D2REC,LU,2009,11.9
A,PC_GDP,S13,D2REC,LU,2010,11.7
A,PC_GDP,S13,D2REC,LU,2011,12.0
A,PC_GDP,S13,D2REC,LU,2012,12.2
A,PC_GDP,S13,D2REC,LU,2013,12.2
A,PC_GDP,S13,D2REC,LU,2014,12.7
A,PC_GDP,S13,D2REC,LU,2015,10.7
A,PC_GDP,S13,D2REC,LU,2016,10.8
A,PC_GDP,S13,D2REC,LU,2017,11.1
A,PC_GDP,S13,D2REC,LU,2018,11.7
A,PC_GDP,S13,D2REC,LU,2019,11.8
A,PC_GDP,S13,D2REC,LU,2020,11.3
A,PC_GDP,S13,D2REC,LU,2021,11.8
A,PC_GDP,S13,D2REC,LU,2022,11.8
A,PC_GDP,S13,D2REC,LU,2023,11.1
A,PC_GDP,S13,D2REC,LU,2024,11.3
A,PC_GDP,S13,D2REC,LU,2025,11.6
A,PC_GDP,S13,D2REC,LV,1995,13.4
A,PC_GDP,S13,D2REC,LV,1996,12.9
A,PC_GDP,S13,D2REC,LV,1997,13.8
A,PC_GDP,S13,D2REC,LV,1998,14.6
A,PC_GDP,S13,D2REC,LV,1999,13.7
A,PC_GDP,S13,D2REC,LV,2000,12.6
A,PC_GDP,S13,D2REC,LV,2001,12.2
A,PC_GDP,S13,D2REC,LV,2002,11.6
A,PC_GDP,S13,D2REC,LV,2003,12.4
A,PC_GDP,S13,D2REC,LV,2004,12.1
A,PC_GDP,S13,D2REC,LV,2005,12.8
A,PC_GDP,S13,D2REC,LV,2006,13.2
A,PC_GDP,S13,D2REC,LV,2007,12.6
A,PC_GDP,S13,D2REC,LV,2008,11.3
A,PC_GDP,S13,D2REC,LV,2009,11.5
A,PC_GDP,S13,D2REC,LV,2010,12.5
A,PC_GDP,S13,D2REC,LV,2011,13.1
A,PC_GDP,S13,D2REC,LV,2012,13.2
A,PC_GDP,S13,D2REC,LV,2013,13.6
A,PC_GDP,S13,D2REC,LV,2014,14.0
A,PC_GDP,S13,D2REC,LV,2015,14.2
A,PC_GDP,S13,D2REC,LV,2016,14.8
A,PC_GDP,S13,D2REC,LV,2017,14.7
A,PC_GDP,S13,D2REC,LV,2018,15.0
A,PC_GDP,S13,D2REC,LV,2019,14.8
A,PC_GDP,S13,D2REC,LV,2020,14.7
A,PC_GDP,S13,D2REC,LV,2021,14.4
A,PC_GDP,S13,D2REC,LV,2022,14.9
A,PC_GDP,S13,D2REC,LV,2023,14.1
A,PC_GDP,S13,D2REC,LV,2024,14.4
A,PC_GDP,S13,D2REC,LV,2025,14.2
A,PC_GDP,S13,D2REC,MT,1995,12.1
A,PC_GDP,S13,D2REC,MT,1996,11.4
A,PC_GDP,S13,D2REC,MT,1997,11.9
A,PC_GDP,S13,D2REC,MT,1998,10.8
A,PC_GDP,S13,D2REC,MT,1999,11.9
A,PC_GDP,S13,D2REC,MT,2000,12.0
A,PC_GDP,S13,D2REC,MT,2001,12.5
A,PC_GDP,S13,D2REC,MT,2002,12.3
A,PC_GDP,S13,D2REC,MT,2003,12.2
A,PC_GDP,S13,D2REC,MT,2004,13.1
A,PC_GDP,S13,D2REC,MT,2005,14.1
A,PC_GDP,S13,D2REC,MT,2006,14.2
A,PC_GDP,S13,D2REC,MT,2007,14.1
A,PC_GDP,S13,D2REC,MT,2008,13.5
A,PC_GDP,S13,D2REC,MT,2009,13.0
A,PC_GDP,S13,D2REC,MT,2010,13.2
A,PC_GDP,S13,D2REC,MT,2011,13.1
A,PC_GDP,S13,D2REC,MT,2012,12.6
A,PC_GDP,S13,D2REC,MT,2013,12.2
A,PC_GDP,S13,D2REC,MT,2014,12.4
A,PC_GDP,S13,D2REC,MT,2015,11.5
A,PC_GDP,S13,D2REC,MT,2016,11.6
A,PC_GDP,S13,D2REC,MT,2017,11.2
A,PC_GDP,S13,D2REC,MT,2018,11.5
A,PC_GDP,S13,D2REC,MT,2019,11.1
A,PC_GDP,S13,D2REC,MT,2020,9.7
A,PC_GDP,S13,D2REC,MT,2021,9.4
A,PC_GDP,S13,D2REC,MT,2022,9.9
A,PC_GDP,S13,D2REC,MT,2023,9.3
A,PC_GDP,S13,D2REC,MT,2024,9.1
A,PC_GDP,S13,D2REC,MT,2025,9.6
A,PC_GDP,S13,D2REC,NL,1995,10.4
A,PC_GDP,S13,D2REC,NL,1996,10.7
A,PC_GDP,S13,D2REC,NL,1997,10.7
A,PC_GDP,S13,D2REC,NL,1998,10.7
A,PC_GDP,S13,D2REC,NL,1999,11.3
A,PC_GDP,S13,D2REC,NL,2000,11.1
A,PC_GDP,S13,D2REC,NL,2001,11.7
A,PC_GDP,S13,D2REC,NL,2002,11.6
A,PC_GDP,S13,D2REC,NL,2003,11.7
A,PC_GDP,S13,D2REC,NL,2004,11.8
A,PC_GDP,S13,D2REC,NL,2005,11.9
A,PC_GDP,S13,D2REC,NL,2006,12.0
A,PC_GDP,S13,D2REC,NL,2007,11.6
A,PC_GDP,S13,D2REC,NL,2008,11.6
A,PC_GDP,S13,D2REC,NL,2009,11.4
A,PC_GDP,S13,D2REC,NL,2010,11.3
A,PC_GDP,S13,D2REC,NL,2011,11.1
A,PC_GDP,S13,D2REC,NL,2012,10.8
A,PC_GDP,S13,D2REC,NL,2013,11.2
A,PC_GDP,S13,D2REC,NL,2014,11.5
A,PC_GDP,S13,D2REC,NL,2015,11.3
A,PC_GDP,S13,D2REC,NL,2016,11.7
A,PC_GDP,S13,D2REC,NL,2017,11.7
A,PC_GDP,S13,D2REC,NL,2018,11.8
A,PC_GDP,S13,D2REC,NL,2019,12.0
A,PC_GDP,S13,D2REC,NL,2020,12.5
A,PC_GDP,S13,D2REC,NL,2021,12.4
A,PC_GDP,S13,D2REC,NL,2022,11.5
A,PC_GDP,S13,D2REC,NL,2023,11.3
A,PC_GDP,S13,D2REC,NL,2024,11.3
A,PC_GDP,S13,D2REC,NL,2025,11.1
A,PC_GDP,S13,D2REC,NO,1995,15.0
A,PC_GDP,S13,D2REC,NO,1996,14.9
A,PC_GDP,S13,D2REC,NO,1997,14.8
A,PC_GDP,S13,D2REC,NO,1998,15.2
A,PC_GDP,S13,D2REC,NO,1999,14.7
A,PC_GDP,S13,D2REC,NO,2000,13.0
A,PC_GDP,S13,D2REC,NO,2001,12.8
A,PC_GDP,S13,D2REC,NO,2002,12.9
A,PC_GDP,S13,D2REC,NO,2003,12.6
A,PC_GDP,S13,D2REC,NO,2004,12.2
A,PC_GDP,S13,D2REC,NO,2005,11.8
A,PC_GDP,S13,D2REC,NO,2006,11.6
A,PC_GDP,S13,D2REC,NO,2007,11.9
A,PC_GDP,S13,D2REC,NO,2008,10.7
A,PC_GDP,S13,D2REC,NO,2009,11.4
A,PC_GDP,S13,D2REC,NO,2010,11.5
A,PC_GDP,S13,D2REC,NO,2011,11.0
A,PC_GDP,S13,D2REC,NO,2012,10.8
A,PC_GDP,S13,D2REC,NO,2013,10.9
A,PC_GDP,S13,D2REC,NO,2014,11.1
A,PC_GDP,S13,D2REC,NO,2015,11.5
A,PC_GDP,S13,D2REC,NO,2016,12.1
A,PC_GDP,S13,D2REC,NO,2017,12.0
A,PC_GDP,S13,D2REC,NO,2018,11.6
A,PC_GDP,S13,D2REC,NO,2019,11.8
A,PC_GDP,S13,D2REC,NO,2020,12.4
A,PC_GDP,S13,D2REC,NO,2021,10.7
A,PC_GDP,S13,D2REC,NO,2022,8.5
A,PC_GDP,S13,D2REC,NO,2023,9.7
A,PC_GDP,S13,D2REC,NO,2024,9.8
A,PC_GDP,S13,D2REC,NO,2025,9.9
A,PC_GDP,S13,D2REC,PL,1995,14.1
A,PC_GDP,S13,D2REC,PL,1996,14.3
A,PC_GDP,S13,D2REC,PL,1997,13.9
A,PC_GDP,S13,D2REC,PL,1998,13.2
A,PC_GDP,S13,D2REC,PL,1999,13.7
A,PC_GDP,S13,D2REC,PL,2000,12.8
A,PC_GDP,S13,D2REC,PL,2001,12.9
A,PC_GDP,S13,D2REC,PL,2002,13.5
A,PC_GDP,S13,D2REC,PL,2003,13.5
A,PC_GDP,S13,D2REC,PL,2004,13.4
A,PC_GDP,S13,D2REC,PL,2005,13.8
A,PC_GDP,S13,D2REC,PL,2006,14.1
A,PC_GDP,S13,D2REC,PL,2007,14.4
A,PC_GDP,S13,D2REC,PL,2008,14.5
A,PC_GDP,S13,D2REC,PL,2009,13.0
A,PC_GDP,S13,D2REC,PL,2010,13.8
A,PC_GDP,S13,D2REC,PL,2011,13.8
A,PC_GDP,S13,D2REC,PL,2012,13.0
A,PC_GDP,S13,D2REC,PL,2013,12.9
A,PC_GDP,S13,D2REC,PL,2014,13.0
A,PC_GDP,S13,D2REC,PL,2015,12.9
A,PC_GDP,S13,D2REC,PL,2016,13.4
A,PC_GDP,S13,D2REC,PL,2017,13.7
A,PC_GDP,S13,D2REC,PL,2018,13.9
A,PC_GDP,S13,D2REC,PL,2019,13.7
A,PC_GDP,S13,D2REC,PL,2020,13.8
A,PC_GDP,S13,D2REC,PL,2021,15.0
A,PC_GDP,S13,D2REC,PL,2022,13.6
A,PC_GDP,S13,D2REC,PL,2023,14.1
A,PC_GDP,S13,D2REC,PL,2024,14.4
A,PC_GDP,S13,D2REC,PL,2025,14.2
A,PC_GDP,S13,D2REC,PT,1995,13.2
A,PC_GDP,S13,D2REC,PT,1996,13.4
A,PC_GDP,S13,D2REC,PT,1997,13.1
A,PC_GDP,S13,D2REC,PT,1998,13.6
A,PC_GDP,S13,D2REC,PT,1999,13.9
A,PC_GDP,S13,D2REC,PT,2000,13.4
A,PC_GDP,S13,D2REC,PT,2001,13.4
A,PC_GDP,S13,D2REC,PT,2002,13.9
A,PC_GDP,S13,D2REC,PT,2003,13.9
A,PC_GDP,S13,D2REC,PT,2004,13.9
A,PC_GDP,S13,D2REC,PT,2005,14.6
A,PC_GDP,S13,D2REC,PT,2006,14.9
A,PC_GDP,S13,D2REC,PT,2007,14.4
A,PC_GDP,S13,D2REC,PT,2008,14.0
A,PC_GDP,S13,D2REC,PT,2009,12.6
A,PC_GDP,S13,D2REC,PT,2010,13.3
A,PC_GDP,S13,D2REC,PT,2011,13.9
A,PC_GDP,S13,D2REC,PT,2012,13.9
A,PC_GDP,S13,D2REC,PT,2013,13.7
A,PC_GDP,S13,D2REC,PT,2014,14.3
A,PC_GDP,S13,D2REC,PT,2015,14.6
A,PC_GDP,S13,D2REC,PT,2016,14.8
A,PC_GDP,S13,D2REC,PT,2017,14.9
A,PC_GDP,S13,D2REC,PT,2018,15.1
A,PC_GDP,S13,D2REC,PT,2019,15.0
A,PC_GDP,S13,D2REC,PT,2020,14.6
A,PC_GDP,S13,D2REC,PT,2021,15.0
A,PC_GDP,S13,D2REC,PT,2022,15.0
A,PC_GDP,S13,D2REC,PT,2023,14.3
A,PC_GDP,S13,D2REC,PT,2024,14.3
A,PC_GDP,S13,D2REC,PT,2025,14.5
A,PC_GDP,S13,D2REC,RO,1995,9.3
A,PC_GDP,S13,D2REC,RO,1996,8.8
A,PC_GDP,S13,D2REC,RO,1997,9.1
A,PC_GDP,S13,D2REC,RO,1998,11.4
A,PC_GDP,S13,D2REC,RO,1999,12.2
A,PC_GDP,S13,D2REC,RO,2000,11.9
A,PC_GDP,S13,D2REC,RO,2001,11.4
A,PC_GDP,S13,D2REC,RO,2002,11.6
A,PC_GDP,S13,D2REC,RO,2003,12.6
A,PC_GDP,S13,D2REC,RO,2004,11.9
A,PC_GDP,S13,D2REC,RO,2005,13.0
A,PC_GDP,S13,D2REC,RO,2006,12.9
A,PC_GDP,S13,D2REC,RO,2007,12.1
A,PC_GDP,S13,D2REC,RO,2008,11.2
A,PC_GDP,S13,D2REC,RO,2009,10.2
A,PC_GDP,S13,D2REC,RO,2010,11.6
A,PC_GDP,S13,D2REC,RO,2011,12.4
A,PC_GDP,S13,D2REC,RO,2012,12.6
A,PC_GDP,S13,D2REC,RO,2013,12.8
A,PC_GDP,S13,D2REC,RO,2014,12.7
A,PC_GDP,S13,D2REC,RO,2015,13.3
A,PC_GDP,S13,D2REC,RO,2016,11.5
A,PC_GDP,S13,D2REC,RO,2017,10.4
A,PC_GDP,S13,D2REC,RO,2018,10.4
A,PC_GDP,S13,D2REC,RO,2019,10.5
A,PC_GDP,S13,D2REC,RO,2020,10.3
A,PC_GDP,S13,D2REC,RO,2021,10.7
A,PC_GDP,S13,D2REC,RO,2022,11.0
A,PC_GDP,S13,D2REC,RO,2023,11.0
A,PC_GDP,S13,D2REC,RO,2024,11.0
A,PC_GDP,S13,D2REC,RO,2025,11.2
A,PC_GDP,S13,D2REC,SE,1995,21.2
A,PC_GDP,S13,D2REC,SE,1996,22.0
A,PC_GDP,S13,D2REC,SE,1997,21.6
A,PC_GDP,S13,D2REC,SE,1998,23.9
A,PC_GDP,S13,D2REC,SE,1999,23.8
A,PC_GDP,S13,D2REC,SE,2000,22.4
A,PC_GDP,S13,D2REC,SE,2001,22.5
A,PC_GDP,S13,D2REC,SE,2002,22.7
A,PC_GDP,S13,D2REC,SE,2003,22.6
A,PC_GDP,S13,D2REC,SE,2004,22.2
A,PC_GDP,S13,D2REC,SE,2005,22.4
A,PC_GDP,S13,D2REC,SE,2006,22.0
A,PC_GDP,S13,D2REC,SE,2007,21.9
A,PC_GDP,S13,D2REC,SE,2008,22.4
A,PC_GDP,S13,D2REC,SE,2009,22.5
A,PC_GDP,S13,D2REC,SE,2010,22.1
A,PC_GDP,S13,D2REC,SE,2011,21.7
A,PC_GDP,S13,D2REC,SE,2012,22.0
A,PC_GDP,S13,D2REC,SE,2013,21.9
A,PC_GDP,S13,D2REC,SE,2014,21.7
A,PC_GDP,S13,D2REC,SE,2015,21.6
A,PC_GDP,S13,D2REC,SE,2016,22.5
A,PC_GDP,S13,D2REC,SE,2017,22.5
A,PC_GDP,S13,D2REC,SE,2018,22.5
A,PC_GDP,S13,D2REC,SE,2019,22.0
A,PC_GDP,S13,D2REC,SE,2020,21.5
A,PC_GDP,S13,D2REC,SE,2021,21.6
A,PC_GDP,S13,D2REC,SE,2022,21.9
A,PC_GDP,S13,D2REC,SE,2023,21.5
A,PC_GDP,S13,D2REC,SE,2024,20.9
A,PC_GDP,S13,D2REC,SE,2025,20.9
A,PC_GDP,S13,D2REC,SI,1995,15.1
A,PC_GDP,S13,D2REC,SI,1996,15.4
A,PC_GDP,S13,D2REC,SI,1997,15.0
A,PC_GDP,S13,D2REC,SI,1998,15.6
A,PC_GDP,S13,D2REC,SI,1999,16.2
A,PC_GDP,S13,D2REC,SI,2000,15.5
A,PC_GDP,S13,D2REC,SI,2001,15.3
A,PC_GDP,S13,D2REC,SI,2002,15.7
A,PC_GDP,S13,D2REC,SI,2003,15.8
A,PC_GDP,S13,D2REC,SI,2004,15.6
A,PC_GDP,S13,D2REC,SI,2005,15.5
A,PC_GDP,S13,D2REC,SI,2006,14.9
A,PC_GDP,S13,D2REC,SI,2007,14.5
A,PC_GDP,S13,D2REC,SI,2008,14.0
A,PC_GDP,S13,D2REC,SI,2009,13.8
A,PC_GDP,S13,D2REC,SI,2010,14.4
A,PC_GDP,S13,D2REC,SI,2011,14.3
A,PC_GDP,S13,D2REC,SI,2012,14.7
A,PC_GDP,S13,D2REC,SI,2013,15.4
A,PC_GDP,S13,D2REC,SI,2014,15.3
A,PC_GDP,S13,D2REC,SI,2015,15.4
A,PC_GDP,S13,D2REC,SI,2016,15.2
A,PC_GDP,S13,D2REC,SI,2017,14.9
A,PC_GDP,S13,D2REC,SI,2018,14.6
A,PC_GDP,S13,D2REC,SI,2019,14.4
A,PC_GDP,S13,D2REC,SI,2020,13.1
A,PC_GDP,S13,D2REC,SI,2021,13.6
A,PC_GDP,S13,D2REC,SI,2022,13.5
A,PC_GDP,S13,D2REC,SI,2023,12.9
A,PC_GDP,S13,D2REC,SI,2024,12.9
A,PC_GDP,S13,D2REC,SI,2025,12.7
A,PC_GDP,S13,D2REC,SK,1995,14.1
A,PC_GDP,S13,D2REC,SK,1996,13.6
A,PC_GDP,S13,D2REC,SK,1997,13.0
A,PC_GDP,S13,D2REC,SK,1998,12.8
A,PC_GDP,S13,D2REC,SK,1999,12.4
A,PC_GDP,S13,D2REC,SK,2000,12.6
A,PC_GDP,S13,D2REC,SK,2001,11.5
A,PC_GDP,S13,D2REC,SK,2002,11.6
A,PC_GDP,S13,D2REC,SK,2003,12.2
A,PC_GDP,S13,D2REC,SK,2004,12.4
A,PC_GDP,S13,D2REC,SK,2005,12.6
A,PC_GDP,S13,D2REC,SK,2006,11.3
A,PC_GDP,S13,D2REC,SK,2007,11.1
A,PC_GDP,S13,D2REC,SK,2008,10.5
A,PC_GDP,S13,D2REC,SK,2009,10.5
A,PC_GDP,S13,D2REC,SK,2010,10.2
A,PC_GDP,S13,D2REC,SK,2011,11.1
A,PC_GDP,S13,D2REC,SK,2012,10.6
A,PC_GDP,S13,D2REC,SK,2013,11.2
A,PC_GDP,S13,D2REC,SK,2014,11.4
A,PC_GDP,S13,D2REC,SK,2015,11.5
A,PC_GDP,S13,D2REC,SK,2016,11.4
A,PC_GDP,S13,D2REC,SK,2017,11.8
A,PC_GDP,S13,D2REC,SK,2018,11.7
A,PC_GDP,S13,D2REC,SK,2019,12.0
A,PC_GDP,S13,D2REC,SK,2020,11.9
A,PC_GDP,S13,D2REC,SK,2021,11.8
A,PC_GDP,S13,D2REC,SK,2022,12.0
A,PC_GDP,S13,D2REC,SK,2023,12.0
A,PC_GDP,S13,D2REC,SK,2024,11.6
A,PC_GDP,S13,D2REC,SK,2025,12.0
