freq,spdeps,unit,geo,time,value
A,TOTAL,PC_GDP,AL,2018,13.47
A,TOTAL,PC_GDP,AL,2019,13.62
A,TOTAL,PC_GDP,AL,2020,15.65
A,TOTAL,PC_GDP,AL,2021,14.74
A,TOTAL,PC_GDP,AL,2022,13.6
A,TOTAL,PC_GDP,AL,2023,12.85
A,TOTAL,PC_GDP,AT,1995,28.98
A,TOTAL,PC_GDP,AT,1996,29.01
A,TOTAL,PC_GDP,AT,1997,28.43
A,TOTAL,PC_GDP,AT,1998,28.11
A,TOTAL,PC_GDP,AT,1999,28.48
A,TOTAL,PC_GDP,AT,2000,28.06
A,TOTAL,PC_GDP,AT,2001,28.06
A,TOTAL,PC_GDP,AT,2002,28.41
A,TOTAL,PC_GDP,AT,2003,28.78
A,TOTAL,PC_GDP,AT,2004,28.49
A,TOTAL,PC_GDP,AT,2005,28.11
A,TOTAL,PC_GDP,AT,2006,27.69
A,TOTAL,PC_GDP,AT,2007,27.14
A,TOTAL,PC_GDP,AT,2008,27.71
A,TOTAL,PC_GDP,AT,2009,29.69
A,TOTAL,PC_GDP,AT,2010,29.76
A,TOTAL,PC_GDP,AT,2011,28.96
A,TOTAL,PC_GDP,AT,2012,29.29
A,TOTAL,PC_GDP,AT,2013,29.83
A,TOTAL,PC_GDP,AT,2014,30.0
A,TOTAL,PC_GDP,AT,2015,29.97
A,TOTAL,PC_GDP,AT,2016,29.91
A,TOTAL,PC_GDP,AT,2017,29.48
A,TOTAL,PC_GDP,AT,2018,29.21
A,TOTAL,PC_GDP,AT,2019,29.37
A,TOTAL,PC_GDP,AT,2020,34.08
A,TOTAL,PC_GDP,AT,2021,32.83
A,TOTAL,PC_GDP,AT,2022,30.34
A,TOTAL,PC_GDP,AT,2023,30.58
A,TOTAL,PC_GDP,AT,2024,32.69
A,TOTAL,PC_GDP,BA,2013,20.7
A,TOTAL,PC_GDP,BA,2014,20.93
A,TOTAL,PC_GDP,BA,2015,20.33
A,TOTAL,PC_GDP,BA,2016,20.8
A,TOTAL,PC_GDP,BA,2017,20.23
A,TOTAL,PC_GDP,BA,2018,19.74
A,TOTAL,PC_GDP,BA,2019,19.85
A,TOTAL,PC_GDP,BA,2020,22.31
A,TOTAL,PC_GDP,BA,2021,19.95
A,TOTAL,PC_GDP,BA,2022,18.79
A,TOTAL,PC_GDP,BA,2023,20.49
A,TOTAL,PC_GDP,BE,1995,27.0
A,TOTAL,PC_GDP,BE,1996,27.55
A,TOTAL,PC_GDP,BE,1997,26.74
A,TOTAL,PC_GDP,BE,1998,26.23
A,TOTAL,PC_GDP,BE,1999,25.97
A,TOTAL,PC_GDP,BE,2000,25.17
A,TOTAL,PC_GDP,BE,2001,25.99
A,TOTAL,PC_GDP,BE,2002,26.4
A,TOTAL,PC_GDP,BE,2003,27.15
A,TOTAL,PC_GDP,BE,2004,27.12
A,TOTAL,PC_GDP,BE,2005,26.95
A,TOTAL,PC_GDP,BE,2006,26.7
A,TOTAL,PC_GDP,BE,2007,26.33
A,TOTAL,PC_GDP,BE,2008,27.93
A,TOTAL,PC_GDP,BE,2009,30.08
A,TOTAL,PC_GDP,BE,2010,29.54
A,TOTAL,PC_GDP,BE,2011,29.71
A,TOTAL,PC_GDP,BE,2012,29.55
A,TOTAL,PC_GDP,BE,2013,29.9
A,TOTAL,PC_GDP,BE,2014,29.86
A,TOTAL,PC_GDP,BE,2015,29.91
A,TOTAL,PC_GDP,BE,2016,29.35
A,TOTAL,PC_GDP,BE,2017,28.95
A,TOTAL,PC_GDP,BE,2018,28.76
A,TOTAL,PC_GDP,BE,2019,28.63
A,TOTAL,PC_GDP,BE,2020,32.46
A,TOTAL,PC_GDP,BE,2021,30.12
A,TOTAL,PC_GDP,BE,2022,28.67
A,TOTAL,PC_GDP,BE,2023,28.92
A,TOTAL,PC_GDP,BG,2005,14.61
A,TOTAL,PC_GDP,BG,2006,13.78
A,TOTAL,PC_GDP,BG,2007,13.41
A,TOTAL,PC_GDP,BG,2008,14.72
A,TOTAL,PC_GDP,BG,2009,16.05
A,TOTAL,PC_GDP,BG,2010,16.98
A,TOTAL,PC_GDP,BG,2011,16.43
A,TOTAL,PC_GDP,BG,2012,16.46
A,TOTAL,PC_GDP,BG,2013,17.56
A,TOTAL,PC_GDP,BG,2014,18.39
A,TOTAL,PC_GDP,BG,2015,17.65
A,TOTAL,PC_GDP,BG,2016,17.33
A,TOTAL,PC_GDP,BG,2017,16.82
A,TOTAL,PC_GDP,BG,2018,16.9
A,TOTAL,PC_GDP,BG,2019,16.64
A,TOTAL,PC_GDP,BG,2020,18.62
A,TOTAL,PC_GDP,BG,2021,18.82
A,TOTAL,PC_GDP,BG,2022,18.65
A,TOTAL,PC_GDP,BG,2023,19.36
A,TOTAL,PC_GDP,BG,2024,20.27
A,TOTAL,PC_GDP,CH,1995,21.41
A,TOTAL,PC_GDP,CH,1996,22.09
A,TOTAL,PC_GDP,CH,1997,22.98
A,TOTAL,PC_GDP,CH,1998,23.03
A,TOTAL,PC_GDP,CH,1999,23.02
A,TOTAL,PC_GDP,CH,2000,22.46
A,TOTAL,PC_GDP,CH,2001,22.87
A,TOTAL,PC_GDP,CH,2002,23.97
A,TOTAL,PC_GDP,CH,2003,24.84
A,TOTAL,PC_GDP,CH,2004,24.84
A,TOTAL,PC_GDP,CH,2005,24.62
A,TOTAL,PC_GDP,CH,2006,23.74
A,TOTAL,PC_GDP,CH,2007,23.02
A,TOTAL,PC_GDP,CH,2008,22.63
A,TOTAL,PC_GDP,CH,2009,24.38
A,TOTAL,PC_GDP,CH,2010,24.04
A,TOTAL,PC_GDP,CH,2011,24.11
A,TOTAL,PC_GDP,CH,2012,24.53
A,TOTAL,PC_GDP,CH,2013,25.42
A,TOTAL,PC_GDP,CH,2014,25.55
A,TOTAL,PC_GDP,CH,2015,26.39
A,TOTAL,PC_GDP,CH,2016,26.82
A,TOTAL,PC_GDP,CH,2017,27.14
A,TOTAL,PC_GDP,CH,2018,26.51
A,TOTAL,PC_GDP,CH,2019,27.09
A,TOTAL,PC_GDP,CH,2020,30.84
A,TOTAL,PC_GDP,CH,2021,28.75
A,TOTAL,PC_GDP,CH,2022,27.39
A,TOTAL,PC_GDP,CH,2023,27.54
A,TOTAL,PC_GDP,CY,2000,13.67
A,TOTAL,PC_GDP,CY,2001,13.79
A,TOTAL,PC_GDP,CY,2002,14.93
A,TOTAL,PC_GDP,CY,2003,16.7
A,TOTAL,PC_GDP,CY,2004,16.4
A,TOTAL,PC_GDP,CY,2005,16.59
A,TOTAL,PC_GDP,CY,2006,16.71
A,TOTAL,PC_GDP,CY,2007,16.42
A,TOTAL,PC_GDP,CY,2008,17.55
A,TOTAL,PC_GDP,CY,2009,19.08
A,TOTAL,PC_GDP,CY,2010,18.61
A,TOTAL,PC_GDP,CY,2011,20.03
A,TOTAL,PC_GDP,CY,2012,20.83
A,TOTAL,PC_GDP,CY,2013,22.92
A,TOTAL,PC_GDP,CY,2014,20.09
A,TOTAL,PC_GDP,CY,2015,19.9
A,TOTAL,PC_GDP,CY,2016,19.31
A,TOTAL,PC_GDP,CY,2017,18.31
A,TOTAL,PC_GDP,CY,2018,17.53
A,TOTAL,PC_GDP,CY,2019,18.31
A,TOTAL,PC_GDP,CY,2020,24.25
A,TOTAL,PC_GDP,CY,2021,21.65
A,TOTAL,PC_GDP,CY,2022,20.63
A,TOTAL,PC_GDP,CY,2023,19.21
A,TOTAL,PC_GDP,CY,2024,18.31
A,TOTAL,PC_GDP,CZ,1995,15.9
A,TOTAL,PC_GDP,CZ,1996,16.09
A,TOTAL,PC_GDP,CZ,1997,16.97
A,TOTAL,PC_GDP,CZ,1998,17.06
A,TOTAL,PC_GDP,CZ,1999,17.64
A,TOTAL,PC_GDP,CZ,2000,17.8
A,TOTAL,PC_GDP,CZ,2001,17.65
A,TOTAL,PC_GDP,CZ,2002,18.39
A,TOTAL,PC_GDP,CZ,2003,18.41
A,TOTAL,PC_GDP,CZ,2004,17.67
A,TOTAL,PC_GDP,CZ,2005,17.81
A,TOTAL,PC_GDP,CZ,2006,17.46
A,TOTAL,PC_GDP,CZ,2007,17.48
A,TOTAL,PC_GDP,CZ,2008,17.78
A,TOTAL,PC_GDP,CZ,2009,19.96
A,TOTAL,PC_GDP,CZ,2010,19.62
A,TOTAL,PC_GDP,CZ,2011,19.69
A,TOTAL,PC_GDP,CZ,2012,20.18
A,TOTAL,PC_GDP,CZ,2013,19.82
A,TOTAL,PC_GDP,CZ,2014,19.37
A,TOTAL,PC_GDP,CZ,2015,18.72
A,TOTAL,PC_GDP,CZ,2016,18.56
A,TOTAL,PC_GDP,CZ,2017,18.09
A,TOTAL,PC_GDP,CZ,2018,18.24
A,TOTAL,PC_GDP,CZ,2019,18.49
A,TOTAL,PC_GDP,CZ,2020,21.51
A,TOTAL,PC_GDP,CZ,2021,21.18
A,TOTAL,PC_GDP,CZ,2022,19.94
A,TOTAL,PC_GDP,CZ,2023,20.68
A,TOTAL,PC_GDP,DE,1995,27.51
A,TOTAL,PC_GDP,DE,1996,28.65
A,TOTAL,PC_GDP,DE,1997,28.27
A,TOTAL,PC_GDP,DE,1998,28.16
A,TOTAL,PC_GDP,DE,1999,28.43
A,TOTAL,PC_GDP,DE,2000,28.52
A,TOTAL,PC_GDP,DE,2001,28.46
A,TOTAL,PC_GDP,DE,2002,29.15
A,TOTAL,PC_GDP,DE,2003,29.5
A,TOTAL,PC_GDP,DE,2004,28.75
A,TOTAL,PC_GDP,DE,2005,28.57
A,TOTAL,PC_GDP,DE,2006,27.35
A,TOTAL,PC_GDP,DE,2007,26.48
A,TOTAL,PC_GDP,DE,2008,26.85
A,TOTAL,PC_GDP,DE,2009,30.17
A,TOTAL,PC_GDP,DE,2010,29.45
A,TOTAL,PC_GDP,DE,2011,28.21
A,TOTAL,PC_GDP,DE,2012,28.37
A,TOTAL,PC_GDP,DE,2013,28.71
A,TOTAL,PC_GDP,DE,2014,28.64
A,TOTAL,PC_GDP,DE,2015,28.91
A,TOTAL,PC_GDP,DE,2016,29.2
A,TOTAL,PC_GDP,DE,2017,29.04
A,TOTAL,PC_GDP,DE,2018,29.15
A,TOTAL,PC_GDP,DE,2019,29.61
A,TOTAL,PC_GDP,DE,2020,32.51
A,TOTAL,PC_GDP,DE,2021,31.54
A,TOTAL,PC_GDP,DE,2022,29.9
A,TOTAL,PC_GDP,DE,2023,29.91
A,TOTAL,PC_GDP,DK,1995,31.4
A,TOTAL,PC_GDP,DK,1996,30.69
A,TOTAL,PC_GDP,DK,1997,29.65
A,TOTAL,PC_GDP,DK,1998,29.47
A,TOTAL,PC_GDP,DK,1999,29.17
A,TOTAL,PC_GDP,DK,2000,28.17
A,TOTAL,PC_GDP,DK,2001,28.45
A,TOTAL,PC_GDP,DK,2002,28.88
A,TOTAL,PC_GDP,DK,2003,30.06
A,TOTAL,PC_GDP,DK,2004,29.83
A,TOTAL,PC_GDP,DK,2005,29.39
A,TOTAL,PC_GDP,DK,2006,28.31
A,TOTAL,PC_GDP,DK,2007,30.3
A,TOTAL,PC_GDP,DK,2008,30.29
A,TOTAL,PC_GDP,DK,2009,34.11
A,TOTAL,PC_GDP,DK,2010,34.01
A,TOTAL,PC_GDP,DK,2011,33.44
A,TOTAL,PC_GDP,DK,2012,33.69
A,TOTAL,PC_GDP,DK,2013,34.38
A,TOTAL,PC_GDP,DK,2014,34.38
A,TOTAL,PC_GDP,DK,2015,33.81
A,TOTAL,PC_GDP,DK,2016,32.56
A,TOTAL,PC_GDP,DK,2017,32.1
A,TOTAL,PC_GDP,DK,2018,31.92
A,TOTAL,PC_GDP,DK,2019,31.81
A,TOTAL,PC_GDP,DK,2020,33.44
A,TOTAL,PC_GDP,DK,2021,31.17
A,TOTAL,PC_GDP,DK,2022,28.37
A,TOTAL,PC_GDP,DK,2023,29.28
A,TOTAL,PC_GDP,EA19,2000,25.78
A,TOTAL,PC_GDP,EA19,2001,25.81
A,TOTAL,PC_GDP,EA19,2002,26.34
A,TOTAL,PC_GDP,EA19,2003,26.72
A,TOTAL,PC_GDP,EA19,2004,26.55
A,TOTAL,PC_GDP,EA19,2005,26.51
A,TOTAL,PC_GDP,EA19,2006,26.1
A,TOTAL,PC_GDP,EA19,2007,25.72
A,TOTAL,PC_GDP,EA19,2008,26.36
A,TOTAL,PC_GDP,EA19,2009,29.14
A,TOTAL,PC_GDP,EA19,2010,29.06
A,TOTAL,PC_GDP,EA19,2011,28.71
A,TOTAL,PC_GDP,EA19,2012,29.12
A,TOTAL,PC_GDP,EA19,2013,29.43
A,TOTAL,PC_GDP,EA19,2014,29.36
A,TOTAL,PC_GDP,EA19,2015,29.05
A,TOTAL,PC_GDP,EA19,2016,28.99
A,TOTAL,PC_GDP,EA19,2017,28.63
A,TOTAL,PC_GDP,EA19,2018,28.46
A,TOTAL,PC_GDP,EA19,2019,28.62
A,TOTAL,PC_GDP,EA19,2020,32.56
A,TOTAL,PC_GDP,EA19,2021,30.84
A,TOTAL,PC_GDP,EA19,2022,28.86
A,TOTAL,PC_GDP,EA19,2023,28.71
A,TOTAL,PC_GDP,EA20,2008,26.32
A,TOTAL,PC_GDP,EA20,2009,29.1
A,TOTAL,PC_GDP,EA20,2010,29.02
A,TOTAL,PC_GDP,EA20,2011,28.68
A,TOTAL,PC_GDP,EA20,2012,29.08
A,TOTAL,PC_GDP,EA20,2013,29.39
A,TOTAL,PC_GDP,EA20,2014,29.33
A,TOTAL,PC_GDP,EA20,2015,29.02
A,TOTAL,PC_GDP,EA20,2016,28.96
A,TOTAL,PC_GDP,EA20,2017,28.6
A,TOTAL,PC_GDP,EA20,2018,28.43
A,TOTAL,PC_GDP,EA20,2019,28.58
A,TOTAL,PC_GDP,EA20,2020,32.52
A,TOTAL,PC_GDP,EA20,2021,30.8
A,TOTAL,PC_GDP,EA20,2022,28.82
A,TOTAL,PC_GDP,EA20,2023,28.67
A,TOTAL,PC_GDP,EA21,2008,26.28
A,TOTAL,PC_GDP,EA21,2009,29.05
A,TOTAL,PC_GDP,EA21,2010,28.97
A,TOTAL,PC_GDP,EA21,2011,28.62
A,TOTAL,PC_GDP,EA21,2012,29.03
A,TOTAL,PC_GDP,EA21,2013,29.34
A,TOTAL,PC_GDP,EA21,2014,29.28
A,TOTAL,PC_GDP,EA21,2015,28.97
A,TOTAL,PC_GDP,EA21,2016,28.91
A,TOTAL,PC_GDP,EA21,2017,28.54
A,TOTAL,PC_GDP,EA21,2018,28.37
A,TOTAL,PC_GDP,EA21,2019,28.52
A,TOTAL,PC_GDP,EA21,2020,32.45
A,TOTAL,PC_GDP,EA21,2021,30.73
A,TOTAL,PC_GDP,EA21,2022,28.76
A,TOTAL,PC_GDP,EA21,2023,28.61
A,TOTAL,PC_GDP,EE,1999,15.25
A,TOTAL,PC_GDP,EE,2000,13.83
A,TOTAL,PC_GDP,EE,2001,12.98
A,TOTAL,PC_GDP,EE,2002,12.58
A,TOTAL,PC_GDP,EE,2003,12.5
A,TOTAL,PC_GDP,EE,2004,12.87
A,TOTAL,PC_GDP,EE,2005,12.38
A,TOTAL,PC_GDP,EE,2006,11.97
A,TOTAL,PC_GDP,EE,2007,11.86
A,TOTAL,PC_GDP,EE,2008,14.59
A,TOTAL,PC_GDP,EE,2009,18.79
A,TOTAL,PC_GDP,EE,2010,17.57
A,TOTAL,PC_GDP,EE,2011,15.55
A,TOTAL,PC_GDP,EE,2012,14.88
A,TOTAL,PC_GDP,EE,2013,14.66
A,TOTAL,PC_GDP,EE,2014,14.67
A,TOTAL,PC_GDP,EE,2015,15.83
A,TOTAL,PC_GDP,EE,2016,16.23
A,TOTAL,PC_GDP,EE,2017,15.64
A,TOTAL,PC_GDP,EE,2018,16.04
A,TOTAL,PC_GDP,EE,2019,16.11
A,TOTAL,PC_GDP,EE,2020,18.94
A,TOTAL,PC_GDP,EE,2021,17.24
A,TOTAL,PC_GDP,EE,2022,15.8
A,TOTAL,PC_GDP,EE,2023,17.26
A,TOTAL,PC_GDP,EL,1995,19.42
A,TOTAL,PC_GDP,EL,1996,20.0
A,TOTAL,PC_GDP,EL,1997,20.38
A,TOTAL,PC_GDP,EL,1998,21.17
A,TOTAL,PC_GDP,EL,1999,22.3
A,TOTAL,PC_GDP,EL,2000,18.75
A,TOTAL,PC_GDP,EL,2001,19.1
A,TOTAL,PC_GDP,EL,2002,19.06
A,TOTAL,PC_GDP,EL,2003,19.06
A,TOTAL,PC_GDP,EL,2004,19.35
A,TOTAL,PC_GDP,EL,2005,20.89
A,TOTAL,PC_GDP,EL,2006,20.93
A,TOTAL,PC_GDP,EL,2007,21.58
A,TOTAL,PC_GDP,EL,2008,23.14
A,TOTAL,PC_GDP,EL,2009,25.16
A,TOTAL,PC_GDP,EL,2010,26.1
A,TOTAL,PC_GDP,EL,2011,27.83
A,TOTAL,PC_GDP,EL,2012,28.96
A,TOTAL,PC_GDP,EL,2013,26.9
A,TOTAL,PC_GDP,EL,2014,26.24
A,TOTAL,PC_GDP,EL,2015,26.43
A,TOTAL,PC_GDP,EL,2016,26.6
A,TOTAL,PC_GDP,EL,2017,25.65
A,TOTAL,PC_GDP,EL,2018,25.38
A,TOTAL,PC_GDP,EL,2019,25.19
A,TOTAL,PC_GDP,EL,2020,29.06
A,TOTAL,PC_GDP,EL,2021,26.65
A,TOTAL,PC_GDP,EL,2022,24.27
A,TOTAL,PC_GDP,EL,2023,23.57
A,TOTAL,PC_GDP,ES,1995,21.0
A,TOTAL,PC_GDP,ES,1996,20.81
A,TOTAL,PC_GDP,ES,1997,20.2
A,TOTAL,PC_GDP,ES,1998,19.61
A,TOTAL,PC_GDP,ES,1999,19.27
A,TOTAL,PC_GDP,ES,2000,19.46
A,TOTAL,PC_GDP,ES,2001,19.13
A,TOTAL,PC_GDP,ES,2002,19.48
A,TOTAL,PC_GDP,ES,2003,19.79
A,TOTAL,PC_GDP,ES,2004,19.89
A,TOTAL,PC_GDP,ES,2005,20.15
A,TOTAL,PC_GDP,ES,2006,20.1
A,TOTAL,PC_GDP,ES,2007,20.32
A,TOTAL,PC_GDP,ES,2008,21.5
A,TOTAL,PC_GDP,ES,2009,24.58
A,TOTAL,PC_GDP,ES,2010,24.72
A,TOTAL,PC_GDP,ES,2011,25.37
A,TOTAL,PC_GDP,ES,2012,25.57
A,TOTAL,PC_GDP,ES,2013,25.82
A,TOTAL,PC_GDP,ES,2014,25.36
A,TOTAL,PC_GDP,ES,2015,24.49
A,TOTAL,PC_GDP,ES,2016,23.65
A,TOTAL,PC_GDP,ES,2017,23.27
A,TOTAL,PC_GDP,ES,2018,23.53
A,TOTAL,PC_GDP,ES,2019,24.08
A,TOTAL,PC_GDP,ES,2020,29.93
A,TOTAL,PC_GDP,ES,2021,27.91
A,TOTAL,PC_GDP,ES,2022,25.6
A,TOTAL,PC_GDP,ES,2023,25.47
A,TOTAL,PC_GDP,EU27_2020,2008,25.86
A,TOTAL,PC_GDP,EU27_2020,2009,28.59
A,TOTAL,PC_GDP,EU27_2020,2010,28.43
A,TOTAL,PC_GDP,EU27_2020,2011,28.03
A,TOTAL,PC_GDP,EU27_2020,2012,28.43
A,TOTAL,PC_GDP,EU27_2020,2013,28.77
A,TOTAL,PC_GDP,EU27_2020,2014,28.66
A,TOTAL,PC_GDP,EU27_2020,2015,28.32
A,TOTAL,PC_GDP,EU27_2020,2016,28.32
A,TOTAL,PC_GDP,EU27_2020,2017,27.89
A,TOTAL,PC_GDP,EU27_2020,2018,27.66
A,TOTAL,PC_GDP,EU27_2020,2019,27.79
A,TOTAL,PC_GDP,EU27_2020,2020,31.45
A,TOTAL,PC_GDP,EU27_2020,2021,29.81
A,TOTAL,PC_GDP,EU27_2020,2022,27.9
A,TOTAL,PC_GDP,EU27_2020,2023,27.82
A,TOTAL,PC_GDP,FI,1995,30.68
A,TOTAL,PC_GDP,FI,1996,30.56
A,TOTAL,PC_GDP,FI,1997,28.24
A,TOTAL,PC_GDP,FI,1998,26.25
A,TOTAL,PC_GDP,FI,1999,25.38
A,TOTAL,PC_GDP,FI,2000,24.3
A,TOTAL,PC_GDP,FI,2001,24.09
A,TOTAL,PC_GDP,FI,2002,24.86
A,TOTAL,PC_GDP,FI,2003,25.52
A,TOTAL,PC_GDP,FI,2004,25.57
A,TOTAL,PC_GDP,FI,2005,25.52
A,TOTAL,PC_GDP,FI,2006,25.34
A,TOTAL,PC_GDP,FI,2007,24.41
A,TOTAL,PC_GDP,FI,2008,25.05
A,TOTAL,PC_GDP,FI,2009,28.91
A,TOTAL,PC_GDP,FI,2010,29.14
A,TOTAL,PC_GDP,FI,2011,28.76
A,TOTAL,PC_GDP,FI,2012,30.02
A,TOTAL,PC_GDP,FI,2013,31.11
A,TOTAL,PC_GDP,FI,2014,31.84
A,TOTAL,PC_GDP,FI,2015,31.96
A,TOTAL,PC_GDP,FI,2016,31.91
A,TOTAL,PC_GDP,FI,2017,30.75
A,TOTAL,PC_GDP,FI,2018,30.28
A,TOTAL,PC_GDP,FI,2019,30.24
A,TOTAL,PC_GDP,FI,2020,32.1
A,TOTAL,PC_GDP,FI,2021,31.29
A,TOTAL,PC_GDP,FI,2022,30.08
A,TOTAL,PC_GDP,FI,2023,31.75
A,TOTAL,PC_GDP,FR,1995,30.47
A,TOTAL,PC_GDP,FR,1996,30.53
A,TOTAL,PC_GDP,FR,1997,30.36
A,TOTAL,PC_GDP,FR,1998,30.06
A,TOTAL,PC_GDP,FR,1999,29.98
A,TOTAL,PC_GDP,FR,2000,29.38
A,TOTAL,PC_GDP,FR,2001,29.69
A,TOTAL,PC_GDP,FR,2002,30.39
A,TOTAL,PC_GDP,FR,2003,31.06
A,TOTAL,PC_GDP,FR,2004,31.2
A,TOTAL,PC_GDP,FR,2005,31.22
A,TOTAL,PC_GDP,FR,2006,30.7
A,TOTAL,PC_GDP,FR,2007,30.44
A,TOTAL,PC_GDP,FR,2008,30.67
A,TOTAL,PC_GDP,FR,2009,33.14
A,TOTAL,PC_GDP,FR,2010,33.12
A,TOTAL,PC_GDP,FR,2011,32.9
A,TOTAL,PC_GDP,FR,2012,33.56
A,TOTAL,PC_GDP,FR,2013,33.98
A,TOTAL,PC_GDP,FR,2014,34.14
A,TOTAL,PC_GDP,FR,2015,33.98
A,TOTAL,PC_GDP,FR,2016,34.49
A,TOTAL,PC_GDP,FR,2017,34.18
A,TOTAL,PC_GDP,FR,2018,33.72
A,TOTAL,PC_GDP,FR,2019,33.49
A,TOTAL,PC_GDP,FR,2020,38.05
A,TOTAL,PC_GDP,FR,2021,36.16
A,TOTAL,PC_GDP,FR,2022,34.51
A,TOTAL,PC_GDP,FR,2023,33.8
A,TOTAL,PC_GDP,HR,2008,18.62
A,TOTAL,PC_GDP,HR,2009,20.68
A,TOTAL,PC_GDP,HR,2010,20.87
A,TOTAL,PC_GDP,HR,2011,20.59
A,TOTAL,PC_GDP,HR,2012,21.14
A,TOTAL,PC_GDP,HR,2013,20.87
A,TOTAL,PC_GDP,HR,2014,21.4
A,TOTAL,PC_GDP,HR,2015,21.39
A,TOTAL,PC_GDP,HR,2016,21.43
A,TOTAL,PC_GDP,HR,2017,21.12
A,TOTAL,PC_GDP,HR,2018,21.15
A,TOTAL,PC_GDP,HR,2019,21.16
A,TOTAL,PC_GDP,HR,2020,23.95
A,TOTAL,PC_GDP,HR,2021,22.42
A,TOTAL,PC_GDP,HR,2022,20.92
A,TOTAL,PC_GDP,HR,2023,20.24
A,TOTAL,PC_GDP,HR,2024,22.04
A,TOTAL,PC_GDP,HU,1999,20.26
A,TOTAL,PC_GDP,HU,2000,19.57
A,TOTAL,PC_GDP,HU,2001,19.08
A,TOTAL,PC_GDP,HU,2002,20.06
A,TOTAL,PC_GDP,HU,2003,20.92
A,TOTAL,PC_GDP,HU,2004,20.37
A,TOTAL,PC_GDP,HU,2005,21.36
A,TOTAL,PC_GDP,HU,2006,21.87
A,TOTAL,PC_GDP,HU,2007,22.04
A,TOTAL,PC_GDP,HU,2008,22.3
A,TOTAL,PC_GDP,HU,2009,22.69
A,TOTAL,PC_GDP,HU,2010,22.36
A,TOTAL,PC_GDP,HU,2011,21.47
A,TOTAL,PC_GDP,HU,2012,21.19
A,TOTAL,PC_GDP,HU,2013,20.7
A,TOTAL,PC_GDP,HU,2014,19.68
A,TOTAL,PC_GDP,HU,2015,18.95
A,TOTAL,PC_GDP,HU,2016,18.73
A,TOTAL,PC_GDP,HU,2017,18.16
A,TOTAL,PC_GDP,HU,2018,17.52
A,TOTAL,PC_GDP,HU,2019,16.52
A,TOTAL,PC_GDP,HU,2020,18.16
A,TOTAL,PC_GDP,HU,2021,17.64
A,TOTAL,PC_GDP,HU,2022,16.72
A,TOTAL,PC_GDP,HU,2023,16.79
A,TOTAL,PC_GDP,HU,2024,16.8
A,TOTAL,PC_GDP,IE,1995,18.21
A,TOTAL,PC_GDP,IE,1996,17.22
A,TOTAL,PC_GDP,IE,1997,16.08
A,TOTAL,PC_GDP,IE,1998,14.89
A,TOTAL,PC_GDP,IE,1999,14.23
A,TOTAL,PC_GDP,IE,2000,15.14
A,TOTAL,PC_GDP,IE,2001,15.78
A,TOTAL,PC_GDP,IE,2002,16.35
A,TOTAL,PC_GDP,IE,2003,16.68
A,TOTAL,PC_GDP,IE,2004,17.25
A,TOTAL,PC_GDP,IE,2005,17.03
A,TOTAL,PC_GDP,IE,2006,17.23
A,TOTAL,PC_GDP,IE,2007,17.7
A,TOTAL,PC_GDP,IE,2008,20.38
A,TOTAL,PC_GDP,IE,2009,24.4
A,TOTAL,PC_GDP,IE,2010,25.12
A,TOTAL,PC_GDP,IE,2011,24.29
A,TOTAL,PC_GDP,IE,2012,23.89
A,TOTAL,PC_GDP,IE,2013,22.51
A,TOTAL,PC_GDP,IE,2014,20.65
A,TOTAL,PC_GDP,IE,2015,15.57
A,TOTAL,PC_GDP,IE,2016,15.64
A,TOTAL,PC_GDP,IE,2017,14.52
A,TOTAL,PC_GDP,IE,2018,13.83
A,TOTAL,PC_GDP,IE,2019,13.37
A,TOTAL,PC_GDP,IE,2020,15.09
A,TOTAL,PC_GDP,IE,2021,13.28
A,TOTAL,PC_GDP,IE,2022,11.57
A,TOTAL,PC_GDP,IE,2023,12.59
A,TOTAL,PC_GDP,IS,1995,18.03
A,TOTAL,PC_GDP,IS,1996,17.81
A,TOTAL,PC_GDP,IS,1997,17.78
A,TOTAL,PC_GDP,IS,1998,17.53
A,TOTAL,PC_GDP,IS,1999,18.08
A,TOTAL,PC_GDP,IS,2000,18.28
A,TOTAL,PC_GDP,IS,2001,18.48
A,TOTAL,PC_GDP,IS,2002,20.09
A,TOTAL,PC_GDP,IS,2003,21.79
A,TOTAL,PC_GDP,IS,2004,21.46
A,TOTAL,PC_GDP,IS,2005,20.58
A,TOTAL,PC_GDP,IS,2006,20.0
A,TOTAL,PC_GDP,IS,2007,19.93
A,TOTAL,PC_GDP,IS,2008,20.29
A,TOTAL,PC_GDP,IS,2009,23.26
A,TOTAL,PC_GDP,IS,2010,22.16
A,TOTAL,PC_GDP,IS,2011,22.81
A,TOTAL,PC_GDP,IS,2012,22.52
A,TOTAL,PC_GDP,IS,2013,22.32
A,TOTAL,PC_GDP,IS,2014,22.72
A,TOTAL,PC_GDP,IS,2015,21.84
A,TOTAL,PC_GDP,IS,2016,21.82
A,TOTAL,PC_GDP,IS,2017,23.08
A,TOTAL,PC_GDP,IS,2018,23.59
A,TOTAL,PC_GDP,IS,2019,24.75
A,TOTAL,PC_GDP,IS,2020,29.93
A,TOTAL,PC_GDP,IS,2021,28.83
A,TOTAL,PC_GDP,IS,2022,25.48
A,TOTAL,PC_GDP,IS,2023,25.37
A,TOTAL,PC_GDP,IT,1995,22.94
A,TOTAL,PC_GDP,IT,1996,23.07
A,TOTAL,PC_GDP,IT,1997,23.74
A,TOTAL,PC_GDP,IT,1998,23.33
A,TOTAL,PC_GDP,IT,1999,23.63
A,TOTAL,PC_GDP,IT,2000,23.39
A,TOTAL,PC_GDP,IT,2001,23.49
A,TOTAL,PC_GDP,IT,2002,23.95
A,TOTAL,PC_GDP,IT,2003,24.35
A,TOTAL,PC_GDP,IT,2004,24.57
A,TOTAL,PC_GDP,IT,2005,24.86
A,TOTAL,PC_GDP,IT,2006,25.11
A,TOTAL,PC_GDP,IT,2007,25.2
A,TOTAL,PC_GDP,IT,2008,26.2
A,TOTAL,PC_GDP,IT,2009,28.28
A,TOTAL,PC_GDP,IT,2010,28.32
A,TOTAL,PC_GDP,IT,2011,27.95
A,TOTAL,PC_GDP,IT,2012,28.7
A,TOTAL,PC_GDP,IT,2013,29.26
A,TOTAL,PC_GDP,IT,2014,29.46
A,TOTAL,PC_GDP,IT,2015,29.51
A,TOTAL,PC_GDP,IT,2016,28.99
A,TOTAL,PC_GDP,IT,2017,28.74
A,TOTAL,PC_GDP,IT,2018,28.72
A,TOTAL,PC_GDP,IT,2019,29.05
A,TOTAL,PC_GDP,IT,2020,34.16
A,TOTAL,PC_GDP,IT,2021,31.43
A,TOTAL,PC_GDP,IT,2022,29.7
A,TOTAL,PC_GDP,IT,2023,28.76
A,TOTAL,PC_GDP,LT,1996,13.01
A,TOTAL,PC_GDP,LT,1997,13.6
A,TOTAL,PC_GDP,LT,1998,15.02
A,TOTAL,PC_GDP,LT,1999,16.27
A,TOTAL,PC_GDP,LT,2000,15.64
A,TOTAL,PC_GDP,LT,2001,14.65
A,TOTAL,PC_GDP,LT,2002,13.97
A,TOTAL,PC_GDP,LT,2003,13.43
A,TOTAL,PC_GDP,LT,2004,13.32
A,TOTAL,PC_GDP,LT,2005,13.21
A,TOTAL,PC_GDP,LT,2006,13.38
A,TOTAL,PC_GDP,LT,2007,14.24
A,TOTAL,PC_GDP,LT,2008,15.93
A,TOTAL,PC_GDP,LT,2009,20.95
A,TOTAL,PC_GDP,LT,2010,19.38
A,TOTAL,PC_GDP,LT,2011,17.13
A,TOTAL,PC_GDP,LT,2012,16.39
A,TOTAL,PC_GDP,LT,2013,15.44
A,TOTAL,PC_GDP,LT,2014,15.41
A,TOTAL,PC_GDP,LT,2015,15.62
A,TOTAL,PC_GDP,LT,2016,15.41
A,TOTAL,PC_GDP,LT,2017,15.08
A,TOTAL,PC_GDP,LT,2018,15.69
A,TOTAL,PC_GDP,LT,2019,16.36
A,TOTAL,PC_GDP,LT,2020,19.31
A,TOTAL,PC_GDP,LT,2021,18.4
A,TOTAL,PC_GDP,LT,2022,16.68
A,TOTAL,PC_GDP,LT,2023,16.95
A,TOTAL,PC_GDP,LU,1995,20.55
A,TOTAL,PC_GDP,LU,1996,20.9
A,TOTAL,PC_GDP,LU,1997,20.39
A,TOTAL,PC_GDP,LU,1998,20.36
A,TOTAL,PC_GDP,LU,1999,19.81
A,TOTAL,PC_GDP,LU,2000,18.75
A,TOTAL,PC_GDP,LU,2001,19.73
A,TOTAL,PC_GDP,LU,2002,20.7
A,TOTAL,PC_GDP,LU,2003,21.8
A,TOTAL,PC_GDP,LU,2004,21.71
A,TOTAL,PC_GDP,LU,2005,21.69
A,TOTAL,PC_GDP,LU,2006,20.29
A,TOTAL,PC_GDP,LU,2007,18.89
A,TOTAL,PC_GDP,LU,2008,19.47
A,TOTAL,PC_GDP,LU,2009,21.74
A,TOTAL,PC_GDP,LU,2010,20.99
A,TOTAL,PC_GDP,LU,2011,20.89
A,TOTAL,PC_GDP,LU,2012,21.24
A,TOTAL,PC_GDP,LU,2013,21.36
A,TOTAL,PC_GDP,LU,2014,21.12
A,TOTAL,PC_GDP,LU,2015,20.67
A,TOTAL,PC_GDP,LU,2016,20.33
A,TOTAL,PC_GDP,LU,2017,20.98
A,TOTAL,PC_GDP,LU,2018,21.38
A,TOTAL,PC_GDP,LU,2019,21.75
A,TOTAL,PC_GDP,LU,2020,24.26
A,TOTAL,PC_GDP,LU,2021,21.69
A,TOTAL,PC_GDP,LU,2022,22.18
A,TOTAL,PC_GDP,LU,2023,22.52
A,TOTAL,PC_GDP,LU,2024,22.97
A,TOTAL,PC_GDP,LV,1997,15.02
A,TOTAL,PC_GDP,LV,1998,15.54
A,TOTAL,PC_GDP,LV,1999,17.16
A,TOTAL,PC_GDP,LV,2000,15.71
A,TOTAL,PC_GDP,LV,2001,14.8
A,TOTAL,PC_GDP,LV,2002,14.22
A,TOTAL,PC_GDP,LV,2003,13.89
A,TOTAL,PC_GDP,LV,2004,13.11
A,TOTAL,PC_GDP,LV,2005,12.7
A,TOTAL,PC_GDP,LV,2006,12.5
A,TOTAL,PC_GDP,LV,2007,11.14
A,TOTAL,PC_GDP,LV,2008,12.64
A,TOTAL,PC_GDP,LV,2009,17.07
A,TOTAL,PC_GDP,LV,2010,18.28
A,TOTAL,PC_GDP,LV,2011,16.15
A,TOTAL,PC_GDP,LV,2012,14.81
A,TOTAL,PC_GDP,LV,2013,15.13
A,TOTAL,PC_GDP,LV,2014,14.98
A,TOTAL,PC_GDP,LV,2015,15.31
A,TOTAL,PC_GDP,LV,2016,15.46
A,TOTAL,PC_GDP,LV,2017,15.28
A,TOTAL,PC_GDP,LV,2018,15.75
A,TOTAL,PC_GDP,LV,2019,16.15
A,TOTAL,PC_GDP,LV,2020,17.99
A,TOTAL,PC_GDP,LV,2021,19.97
A,TOTAL,PC_GDP,LV,2022,18.86
A,TOTAL,PC_GDP,LV,2023,17.93
A,TOTAL,PC_GDP,LV,2024,18.86
A,TOTAL,PC_GDP,ME,2016,18.78
A,TOTAL,PC_GDP,ME,2017,17.92
A,TOTAL,PC_GDP,ME,2018,16.89
A,TOTAL,PC_GDP,ME,2019,16.66
A,TOTAL,PC_GDP,ME,2020,22.88
A,TOTAL,PC_GDP,ME,2021,19.28
A,TOTAL,PC_GDP,ME,2022,18.57
A,TOTAL,PC_GDP,ME,2023,17.88
A,TOTAL,PC_GDP,MK,2015,14.27
A,TOTAL,PC_GDP,MK,2016,14.15
A,TOTAL,PC_GDP,MK,2017,14.5
A,TOTAL,PC_GDP,MT,1995,15.9
A,TOTAL,PC_GDP,MT,1996,17.11
A,TOTAL,PC_GDP,MT,1997,17.59
A,TOTAL,PC_GDP,MT,1998,17.32
A,TOTAL,PC_GDP,MT,1999,17.25
A,TOTAL,PC_GDP,MT,2000,16.7
A,TOTAL,PC_GDP,MT,2001,17.37
A,TOTAL,PC_GDP,MT,2002,17.56
A,TOTAL,PC_GDP,MT,2003,17.41
A,TOTAL,PC_GDP,MT,2004,17.75
A,TOTAL,PC_GDP,MT,2005,17.84
A,TOTAL,PC_GDP,MT,2006,17.9
A,TOTAL,PC_GDP,MT,2007,17.86
A,TOTAL,PC_GDP,MT,2008,18.07
A,TOTAL,PC_GDP,MT,2009,19.39
A,TOTAL,PC_GDP,MT,2010,18.94
A,TOTAL,PC_GDP,MT,2011,18.74
A,TOTAL,PC_GDP,MT,2012,18.66
A,TOTAL,PC_GDP,MT,2013,18.14
A,TOTAL,PC_GDP,MT,2014,17.66
A,TOTAL,PC_GDP,MT,2015,16.27
A,TOTAL,PC_GDP,MT,2016,16.09
A,TOTAL,PC_GDP,MT,2017,14.77
A,TOTAL,PC_GDP,MT,2018,14.21
A,TOTAL,PC_GDP,MT,2019,14.38
A,TOTAL,PC_GDP,MT,2020,18.56
A,TOTAL,PC_GDP,MT,2021,16.75
A,TOTAL,PC_GDP,MT,2022,14.74
A,TOTAL,PC_GDP,MT,2023,13.23
A,TOTAL,PC_GDP,MT,2024,13.4
A,TOTAL,PC_GDP,NL,1995,28.25
A,TOTAL,PC_GDP,NL,1996,27.36
A,TOTAL,PC_GDP,NL,1997,26.49
A,TOTAL,PC_GDP,NL,1998,25.76
A,TOTAL,PC_GDP,NL,1999,25.0
A,TOTAL,PC_GDP,NL,2000,24.38
A,TOTAL,PC_GDP,NL,2001,24.39
A,TOTAL,PC_GDP,NL,2002,25.34
A,TOTAL,PC_GDP,NL,2003,26.11
A,TOTAL,PC_GDP,NL,2004,26.12
A,TOTAL,PC_GDP,NL,2005,25.72
A,TOTAL,PC_GDP,NL,2006,26.77
A,TOTAL,PC_GDP,NL,2007,26.2
A,TOTAL,PC_GDP,NL,2008,26.09
A,TOTAL,PC_GDP,NL,2009,28.82
A,TOTAL,PC_GDP,NL,2010,29.68
A,TOTAL,PC_GDP,NL,2011,30.15
A,TOTAL,PC_GDP,NL,2012,30.31
A,TOTAL,PC_GDP,NL,2013,30.18
A,TOTAL,PC_GDP,NL,2014,30.13
A,TOTAL,PC_GDP,NL,2015,29.25
A,TOTAL,PC_GDP,NL,2016,28.82
A,TOTAL,PC_GDP,NL,2017,28.52
A,TOTAL,PC_GDP,NL,2018,28.02
A,TOTAL,PC_GDP,NL,2019,28.08
A,TOTAL,PC_GDP,NL,2020,32.03
A,TOTAL,PC_GDP,NL,2021,30.48
A,TOTAL,PC_GDP,NL,2022,26.78
A,TOTAL,PC_GDP,NL,2023,27.59
A,TOTAL,PC_GDP,NO,1995,26.14
A,TOTAL,PC_GDP,NO,1996,25.44
A,TOTAL,PC_GDP,NO,1997,24.8
A,TOTAL,PC_GDP,NO,1998,26.61
A,TOTAL,PC_GDP,NO,1999,26.56
A,TOTAL,PC_GDP,NO,2000,24.05
A,TOTAL,PC_GDP,NO,2001,25.03
A,TOTAL,PC_GDP,NO,2002,24.79
A,TOTAL,PC_GDP,NO,2003,25.97
A,TOTAL,PC_GDP,NO,2004,24.5
A,TOTAL,PC_GDP,NO,2005,22.66
A,TOTAL,PC_GDP,NO,2006,21.29
A,TOTAL,PC_GDP,NO,2007,21.22
A,TOTAL,PC_GDP,NO,2008,20.79
A,TOTAL,PC_GDP,NO,2009,24.2
A,TOTAL,PC_GDP,NO,2010,23.91
A,TOTAL,PC_GDP,NO,2011,23.53
A,TOTAL,PC_GDP,NO,2012,23.29
A,TOTAL,PC_GDP,NO,2013,23.74
A,TOTAL,PC_GDP,NO,2014,24.55
A,TOTAL,PC_GDP,NO,2015,26.23
A,TOTAL,PC_GDP,NO,2016,27.47
A,TOTAL,PC_GDP,NO,2017,26.68
A,TOTAL,PC_GDP,NO,2018,25.67
A,TOTAL,PC_GDP,NO,2019,26.58
A,TOTAL,PC_GDP,NO,2020,29.54
A,TOTAL,PC_GDP,NO,2021,24.99
A,TOTAL,PC_GDP,NO,2022,19.78
A,TOTAL,PC_GDP,NO,2023,23.91
A,TOTAL,PC_GDP,PL,2000,19.47
A,TOTAL,PC_GDP,PL,2001,20.82
A,TOTAL,PC_GDP,PL,2002,20.97
A,TOTAL,PC_GDP,PL,2003,20.85
A,TOTAL,PC_GDP,PL,2004,20.24
A,TOTAL,PC_GDP,PL,2005,19.96
A,TOTAL,PC_GDP,PL,2006,19.6
A,TOTAL,PC_GDP,PL,2007,18.41
A,TOTAL,PC_GDP,PL,2008,19.28
A,TOTAL,PC_GDP,PL,2009,20.29
A,TOTAL,PC_GDP,PL,2010,19.76
A,TOTAL,PC_GDP,PL,2011,18.73
A,TOTAL,PC_GDP,PL,2012,18.95
A,TOTAL,PC_GDP,PL,2013,19.79
A,TOTAL,PC_GDP,PL,2014,19.42
A,TOTAL,PC_GDP,PL,2015,19.3
A,TOTAL,PC_GDP,PL,2016,20.95
A,TOTAL,PC_GDP,PL,2017,20.17
A,TOTAL,PC_GDP,PL,2018,19.47
A,TOTAL,PC_GDP,PL,2019,20.96
A,TOTAL,PC_GDP,PL,2020,23.4
A,TOTAL,PC_GDP,PL,2021,22.61
A,TOTAL,PC_GDP,PL,2022,20.96
A,TOTAL,PC_GDP,PL,2023,22.5
A,TOTAL,PC_GDP,PT,1995,20.09
A,TOTAL,PC_GDP,PT,1996,19.38
A,TOTAL,PC_GDP,PT,1997,19.45
A,TOTAL,PC_GDP,PT,1998,20.0
A,TOTAL,PC_GDP,PT,1999,20.4
A,TOTAL,PC_GDP,PT,2000,20.69
A,TOTAL,PC_GDP,PT,2001,21.66
A,TOTAL,PC_GDP,PT,2002,22.48
A,TOTAL,PC_GDP,PT,2003,22.82
A,TOTAL,PC_GDP,PT,2004,23.38
A,TOTAL,PC_GDP,PT,2005,23.84
A,TOTAL,PC_GDP,PT,2006,23.71
A,TOTAL,PC_GDP,PT,2007,23.05
A,TOTAL,PC_GDP,PT,2008,23.38
A,TOTAL,PC_GDP,PT,2009,25.79
A,TOTAL,PC_GDP,PT,2010,25.78
A,TOTAL,PC_GDP,PT,2011,25.74
A,TOTAL,PC_GDP,PT,2012,26.36
A,TOTAL,PC_GDP,PT,2013,27.55
A,TOTAL,PC_GDP,PT,2014,26.85
A,TOTAL,PC_GDP,PT,2015,25.75
A,TOTAL,PC_GDP,PT,2016,25.1
A,TOTAL,PC_GDP,PT,2017,24.68
A,TOTAL,PC_GDP,PT,2018,24.03
A,TOTAL,PC_GDP,PT,2019,23.99
A,TOTAL,PC_GDP,PT,2020,27.43
A,TOTAL,PC_GDP,PT,2021,26.78
A,TOTAL,PC_GDP,PT,2022,24.67
A,TOTAL,PC_GDP,PT,2023,23.39
A,TOTAL,PC_GDP,RO,2000,13.05
A,TOTAL,PC_GDP,RO,2001,12.84
A,TOTAL,PC_GDP,RO,2002,13.54
A,TOTAL,PC_GDP,RO,2003,13.43
A,TOTAL,PC_GDP,RO,2004,12.96
A,TOTAL,PC_GDP,RO,2005,13.55
A,TOTAL,PC_GDP,RO,2006,12.93
A,TOTAL,PC_GDP,RO,2007,13.26
A,TOTAL,PC_GDP,RO,2008,13.69
A,TOTAL,PC_GDP,RO,2009,16.24
A,TOTAL,PC_GDP,RO,2010,17.1
A,TOTAL,PC_GDP,RO,2011,15.78
A,TOTAL,PC_GDP,RO,2012,14.72
A,TOTAL,PC_GDP,RO,2013,15.01
A,TOTAL,PC_GDP,RO,2014,14.74
A,TOTAL,PC_GDP,RO,2015,14.58
A,TOTAL,PC_GDP,RO,2016,14.87
A,TOTAL,PC_GDP,RO,2017,14.88
A,TOTAL,PC_GDP,RO,2018,14.99
A,TOTAL,PC_GDP,RO,2019,15.28
A,TOTAL,PC_GDP,RO,2020,17.77
A,TOTAL,PC_GDP,RO,2021,16.68
A,TOTAL,PC_GDP,RO,2022,16.55
A,TOTAL,PC_GDP,RO,2023,16.62
A,TOTAL,PC_GDP,RS,2008,20.83
A,TOTAL,PC_GDP,RS,2009,22.22
A,TOTAL,PC_GDP,RS,2010,21.7
A,TOTAL,PC_GDP,RS,2011,20.6
A,TOTAL,PC_GDP,RS,2012,21.72
A,TOTAL,PC_GDP,RS,2013,21.0
A,TOTAL,PC_GDP,RS,2014,21.09
A,TOTAL,PC_GDP,RS,2015,19.84
A,TOTAL,PC_GDP,RS,2016,19.54
A,TOTAL,PC_GDP,RS,2017,18.69
A,TOTAL,PC_GDP,RS,2018,18.63
A,TOTAL,PC_GDP,RS,2019,18.64
A,TOTAL,PC_GDP,RS,2020,20.93
A,TOTAL,PC_GDP,RS,2021,19.26
A,TOTAL,PC_GDP,RS,2022,18.53
A,TOTAL,PC_GDP,RS,2023,18.1
A,TOTAL,PC_GDP,SE,1995,32.02
A,TOTAL,PC_GDP,SE,1996,31.27
A,TOTAL,PC_GDP,SE,1997,30.31
A,TOTAL,PC_GDP,SE,1998,29.15
A,TOTAL,PC_GDP,SE,1999,28.87
A,TOTAL,PC_GDP,SE,2000,27.98
A,TOTAL,PC_GDP,SE,2001,28.35
A,TOTAL,PC_GDP,SE,2002,29.16
A,TOTAL,PC_GDP,SE,2003,30.1
A,TOTAL,PC_GDP,SE,2004,29.5
A,TOTAL,PC_GDP,SE,2005,29.25
A,TOTAL,PC_GDP,SE,2006,28.41
A,TOTAL,PC_GDP,SE,2007,27.33
A,TOTAL,PC_GDP,SE,2008,27.93
A,TOTAL,PC_GDP,SE,2009,30.0
A,TOTAL,PC_GDP,SE,2010,28.54
A,TOTAL,PC_GDP,SE,2011,28.16
A,TOTAL,PC_GDP,SE,2012,29.2
A,TOTAL,PC_GDP,SE,2013,29.97
A,TOTAL,PC_GDP,SE,2014,29.57
A,TOTAL,PC_GDP,SE,2015,29.12
A,TOTAL,PC_GDP,SE,2016,29.52
A,TOTAL,PC_GDP,SE,2017,29.08
A,TOTAL,PC_GDP,SE,2018,28.69
A,TOTAL,PC_GDP,SE,2019,27.97
A,TOTAL,PC_GDP,SE,2020,29.53
A,TOTAL,PC_GDP,SE,2021,28.21
A,TOTAL,PC_GDP,SE,2022,27.61
A,TOTAL,PC_GDP,SE,2023,27.75
A,TOTAL,PC_GDP,SE,2024,27.79
A,TOTAL,PC_GDP,SI,1996,22.95
A,TOTAL,PC_GDP,SI,1997,23.34
A,TOTAL,PC_GDP,SI,1998,23.63
A,TOTAL,PC_GDP,SI,1999,23.61
A,TOTAL,PC_GDP,SI,2000,23.92
A,TOTAL,PC_GDP,SI,2001,24.18
A,TOTAL,PC_GDP,SI,2002,24.25
A,TOTAL,PC_GDP,SI,2003,23.48
A,TOTAL,PC_GDP,SI,2004,23.06
A,TOTAL,PC_GDP,SI,2005,22.88
A,TOTAL,PC_GDP,SI,2006,22.52
A,TOTAL,PC_GDP,SI,2007,21.07
A,TOTAL,PC_GDP,SI,2008,21.09
A,TOTAL,PC_GDP,SI,2009,23.97
A,TOTAL,PC_GDP,SI,2010,24.56
A,TOTAL,PC_GDP,SI,2011,24.61
A,TOTAL,PC_GDP,SI,2012,24.95
A,TOTAL,PC_GDP,SI,2013,24.86
A,TOTAL,PC_GDP,SI,2014,24.12
A,TOTAL,PC_GDP,SI,2015,23.98
A,TOTAL,PC_GDP,SI,2016,23.49
A,TOTAL,PC_GDP,SI,2017,22.82
A,TOTAL,PC_GDP,SI,2018,22.4
A,TOTAL,PC_GDP,SI,2019,22.43
A,TOTAL,PC_GDP,SI,2020,26.38
A,TOTAL,PC_GDP,SI,2021,25.24
A,TOTAL,PC_GDP,SI,2022,24.26
A,TOTAL,PC_GDP,SI,2023,23.12
A,TOTAL,PC_GDP,SK,1995,17.85
A,TOTAL,PC_GDP,SK,1996,18.84
A,TOTAL,PC_GDP,SK,1997,19.23
A,TOTAL,PC_GDP,SK,1998,19.56
A,TOTAL,PC_GDP,SK,1999,19.8
A,TOTAL,PC_GDP,SK,2000,19.11
A,TOTAL,PC_GDP,SK,2001,18.7
A,TOTAL,PC_GDP,SK,2002,18.85
A,TOTAL,PC_GDP,SK,2003,18.12
A,TOTAL,PC_GDP,SK,2004,16.89
A,TOTAL,PC_GDP,SK,2005,16.18
A,TOTAL,PC_GDP,SK,2006,15.96
A,TOTAL,PC_GDP,SK,2007,15.65
A,TOTAL,PC_GDP,SK,2008,15.69
A,TOTAL,PC_GDP,SK,2009,18.44
A,TOTAL,PC_GDP,SK,2010,17.93
A,TOTAL,PC_GDP,SK,2011,17.58
A,TOTAL,PC_GDP,SK,2012,17.76
A,TOTAL,PC_GDP,SK,2013,18.18
A,TOTAL,PC_GDP,SK,2014,18.36
A,TOTAL,PC_GDP,SK,2015,17.88
A,TOTAL,PC_GDP,SK,2016,18.26
A,TOTAL,PC_GDP,SK,2017,18.11
A,TOTAL,PC_GDP,SK,2018,17.82
A,TOTAL,PC_GDP,SK,2019,17.81
A,TOTAL,PC_GDP,SK,2020,19.4
A,TOTAL,PC_GDP,SK,2021,19.05
A,TOTAL,PC_GDP,SK,2022,18.2
A,TOTAL,PC_GDP,SK,2023,19.9
A,TOTAL,PC_GDP,SK,2024,21.69
A,TOTAL,PC_GDP,TR,2000,7.86
A,TOTAL,PC_GDP,TR,2001,8.71
A,TOTAL,PC_GDP,TR,2002,9.24
A,TOTAL,PC_GDP,TR,2003,10.23
A,TOTAL,PC_GDP,TR,2004,10.41
A,TOTAL,PC_GDP,TR,2005,10.39
A,TOTAL,PC_GDP,TR,2006,10.6
A,TOTAL,PC_GDP,TR,2007,10.96
A,TOTAL,PC_GDP,TR,2008,11.24
A,TOTAL,PC_GDP,TR,2009,13.25
A,TOTAL,PC_GDP,TR,2010,12.6
A,TOTAL,PC_GDP,TR,2011,12.11
A,TOTAL,PC_GDP,TR,2012,12.26
A,TOTAL,PC_GDP,TR,2013,12.0
A,TOTAL,PC_GDP,TR,2014,11.94
A,TOTAL,PC_GDP,TR,2015,11.81
A,TOTAL,PC_GDP,TR,2016,12.69
A,TOTAL,PC_GDP,TR,2017,12.39
A,TOTAL,PC_GDP,TR,2018,11.97
A,TOTAL,PC_GDP,TR,2019,12.47
A,TOTAL,PC_GDP,TR,2020,13.0
A,TOTAL,PC_GDP,TR,2021,10.84
A,TOTAL,PC_GDP,TR,2022,8.42
A,TOTAL,PC_GDP,TR,2023,9.95
A,TOTAL,PC_GDP,UK,1995,23.57
A,TOTAL,PC_GDP,UK,1996,23.28
A,TOTAL,PC_GDP,UK,1997,23.16
A,TOTAL,PC_GDP,UK,1998,22.92
A,TOTAL,PC_GDP,UK,1999,22.71
A,TOTAL,PC_GDP,UK,2000,23.27
A,TOTAL,PC_GDP,UK,2001,23.83
A,TOTAL,PC_GDP,UK,2002,23.01
A,TOTAL,PC_GDP,UK,2003,25.11
A,TOTAL,PC_GDP,UK,2004,25.44
A,TOTAL,PC_GDP,UK,2005,26.11
A,TOTAL,PC_GDP,UK,2006,26.08
A,TOTAL,PC_GDP,UK,2007,24.67
A,TOTAL,PC_GDP,UK,2008,25.55
A,TOTAL,PC_GDP,UK,2009,28.24
A,TOTAL,PC_GDP,UK,2010,28.48
A,TOTAL,PC_GDP,UK,2011,28.59
A,TOTAL,PC_GDP,UK,2012,28.64
A,TOTAL,PC_GDP,UK,2013,28.01
A,TOTAL,PC_GDP,UK,2014,27.2
A,TOTAL,PC_GDP,UK,2015,27.29
A,TOTAL,PC_GDP,UK,2016,25.86
A,TOTAL,PC_GDP,UK,2017,26.3
A,TOTAL,PC_GDP,UK,2018,25.7
A,TOTAL,PC_GDP,XK,2022,11.11
A,TOTAL,PC_GDP,XK,2023,10.44
